record_id,record_date,warehouse_id,warehouse_location,product_category,stock_quantity_tons,min_stock_tons,max_capacity_tons
INV-00001,2025-01-15,WH-01,福建上杭,金矿石,792.4,200.0,2000.0
INV-00002,2025-01-15,WH-01,福建上杭,铜精矿,1231.3,300.0,3000.0
INV-00003,2025-01-15,WH-01,福建上杭,银精矿,122.1,50.0,500.0
INV-00004,2025-01-15,WH-02,新疆阿勒泰,金矿石,598.8,150.0,1500.0
INV-00005,2025-01-15,WH-02,新疆阿勒泰,铜精矿,1045.0,250.0,2500.0
INV-00006,2025-01-15,WH-02,新疆阿勒泰,锌精矿,1877.1,400.0,4000.0
INV-00007,2025-01-15,WH-03,黑龙江多宝山,铜精矿,813.5,200.0,2000.0
INV-00008,2025-01-15,WH-03,黑龙江多宝山,钼精矿,377.2,100.0,800.0
INV-00009,2025-01-15,WH-04,贵州贞丰,金矿石,406.3,100.0,1000.0
INV-00010,2025-01-15,WH-04,贵州贞丰,锌精矿,1180.1,300.0,2500.0
INV-00011,2025-01-15,WH-05,河南洛阳,银精矿,103.4,40.0,400.0
INV-00012,2025-01-15,WH-05,河南洛阳,钼精矿,297.6,80.0,600.0
INV-00013,2025-04-15,WH-01,福建上杭,金矿石,683.1,200.0,2000.0
INV-00014,2025-04-15,WH-01,福建上杭,铜精矿,941.5,300.0,3000.0
INV-00015,2025-04-15,WH-01,福建上杭,银精矿,91.3,50.0,500.0
INV-00016,2025-04-15,WH-02,新疆阿勒泰,金矿石,547.3,150.0,1500.0
INV-00017,2025-04-15,WH-02,新疆阿勒泰,铜精矿,1113.1,250.0,2500.0
INV-00018,2025-04-15,WH-02,新疆阿勒泰,锌精矿,1681.7,400.0,4000.0
INV-00019,2025-04-15,WH-03,黑龙江多宝山,铜精矿,573.0,200.0,2000.0
INV-00020,2025-04-15,WH-03,黑龙江多宝山,钼精矿,169.8,100.0,800.0
INV-00021,2025-04-15,WH-04,贵州贞丰,金矿石,366.0,100.0,1000.0
INV-00022,2025-04-15,WH-04,贵州贞丰,锌精矿,832.3,300.0,2500.0
INV-00023,2025-04-15,WH-05,河南洛阳,银精矿,44.0,40.0,400.0
INV-00024,2025-04-15,WH-05,河南洛阳,钼精矿,245.6,80.0,600.0
INV-00025,2025-07-15,WH-01,福建上杭,金矿石,628.1,200.0,2000.0
INV-00026,2025-07-15,WH-01,福建上杭,铜精矿,740.9,300.0,3000.0
INV-00027,2025-07-15,WH-01,福建上杭,银精矿,64.7,50.0,500.0
INV-00028,2025-07-15,WH-02,新疆阿勒泰,金矿石,363.1,150.0,1500.0
INV-00029,2025-07-15,WH-02,新疆阿勒泰,铜精矿,826.2,250.0,2500.0
INV-00030,2025-07-15,WH-02,新疆阿勒泰,锌精矿,1391.1,400.0,4000.0
INV-00031,2025-07-15,WH-03,黑龙江多宝山,铜精矿,531.6,200.0,2000.0
INV-00032,2025-07-15,WH-03,黑龙江多宝山,钼精矿,91.6,100.0,800.0
INV-00033,2025-07-15,WH-04,贵州贞丰,金矿石,309.2,100.0,1000.0
INV-00034,2025-07-15,WH-04,贵州贞丰,锌精矿,876.1,300.0,2500.0
INV-00035,2025-07-15,WH-05,河南洛阳,银精矿,41.3,40.0,400.0
INV-00036,2025-07-15,WH-05,河南洛阳,钼精矿,152.6,80.0,600.0
INV-00037,2025-10-15,WH-01,福建上杭,金矿石,800.7,200.0,2000.0
INV-00038,2025-10-15,WH-01,福建上杭,铜精矿,1418.5,300.0,3000.0
INV-00039,2025-10-15,WH-01,福建上杭,银精矿,121.2,50.0,500.0
INV-00040,2025-10-15,WH-02,新疆阿勒泰,金矿石,554.9,150.0,1500.0
INV-00041,2025-10-15,WH-02,新疆阿勒泰,铜精矿,1227.7,250.0,2500.0
INV-00042,2025-10-15,WH-02,新疆阿勒泰,锌精矿,1618.6,400.0,4000.0
INV-00043,2025-10-15,WH-03,黑龙江多宝山,铜精矿,747.7,200.0,2000.0
INV-00044,2025-10-15,WH-03,黑龙江多宝山,钼精矿,216.7,100.0,800.0
INV-00045,2025-10-15,WH-04,贵州贞丰,金矿石,538.0,100.0,1000.0
INV-00046,2025-10-15,WH-04,贵州贞丰,锌精矿,964.4,300.0,2500.0
INV-00047,2025-10-15,WH-05,河南洛阳,银精矿,79.6,40.0,400.0
INV-00048,2025-10-15,WH-05,河南洛阳,钼精矿,327.6,80.0,600.0
INV-00049,2025-02-15,WH-01,福建上杭,金矿石,771.0,200.0,2000.0
INV-00050,2025-02-15,WH-01,福建上杭,铜精矿,1273.6,300.0,3000.0
INV-00051,2025-02-15,WH-01,福建上杭,银精矿,133.3,50.0,500.0
INV-00052,2025-02-15,WH-02,新疆阿勒泰,金矿石,557.8,150.0,1500.0
INV-00053,2025-02-15,WH-02,新疆阿勒泰,铜精矿,1072.7,250.0,2500.0
INV-00054,2025-02-15,WH-02,新疆阿勒泰,锌精矿,1740.0,400.0,4000.0
INV-00055,2025-02-15,WH-03,黑龙江多宝山,铜精矿,733.8,200.0,2000.0
INV-00056,2025-02-15,WH-03,黑龙江多宝山,钼精矿,349.7,100.0,800.0
INV-00057,2025-02-15,WH-04,贵州贞丰,金矿石,383.9,100.0,1000.0
INV-00058,2025-02-15,WH-04,贵州贞丰,锌精矿,1229.3,300.0,2500.0
INV-00059,2025-02-15,WH-05,河南洛阳,银精矿,110.2,40.0,400.0
INV-00060,2025-02-15,WH-05,河南洛阳,钼精矿,322.3,80.0,600.0
INV-00061,2025-05-15,WH-01,福建上杭,金矿石,791.5,200.0,2000.0
INV-00062,2025-05-15,WH-01,福建上杭,铜精矿,984.8,300.0,3000.0
INV-00063,2025-05-15,WH-01,福建上杭,银精矿,83.8,50.0,500.0
INV-00064,2025-05-15,WH-02,新疆阿勒泰,金矿石,477.7,150.0,1500.0
INV-00065,2025-05-15,WH-02,新疆阿勒泰,铜精矿,1246.3,250.0,2500.0
INV-00066,2025-05-15,WH-02,新疆阿勒泰,锌精矿,1763.0,400.0,4000.0
INV-00067,2025-05-15,WH-03,黑龙江多宝山,铜精矿,621.6,200.0,2000.0
INV-00068,2025-05-15,WH-03,黑龙江多宝山,钼精矿,193.9,100.0,800.0
INV-00069,2025-05-15,WH-04,贵州贞丰,金矿石,374.0,100.0,1000.0
INV-00070,2025-05-15,WH-04,贵州贞丰,锌精矿,981.6,300.0,2500.0
INV-00071,2025-05-15,WH-05,河南洛阳,银精矿,44.1,40.0,400.0
INV-00072,2025-05-15,WH-05,河南洛阳,钼精矿,204.3,80.0,600.0
INV-00073,2025-08-15,WH-01,福建上杭,金矿石,632.5,200.0,2000.0
INV-00074,2025-08-15,WH-01,福建上杭,铜精矿,969.2,300.0,3000.0
INV-00075,2025-08-15,WH-01,福建上杭,银精矿,67.5,50.0,500.0
INV-00076,2025-08-15,WH-02,新疆阿勒泰,金矿石,388.1,150.0,1500.0
INV-00077,2025-08-15,WH-02,新疆阿勒泰,铜精矿,1062.9,250.0,2500.0
INV-00078,2025-08-15,WH-02,新疆阿勒泰,锌精矿,1591.2,400.0,4000.0
INV-00079,2025-08-15,WH-03,黑龙江多宝山,铜精矿,570.4,200.0,2000.0
INV-00080,2025-08-15,WH-03,黑龙江多宝山,钼精矿,90.0,100.0,800.0
INV-00081,2025-08-15,WH-04,贵州贞丰,金矿石,291.8,100.0,1000.0
INV-00082,2025-08-15,WH-04,贵州贞丰,锌精矿,777.4,300.0,2500.0
INV-00083,2025-08-15,WH-05,河南洛阳,银精矿,44.6,40.0,400.0
INV-00084,2025-08-15,WH-05,河南洛阳,钼精矿,168.2,80.0,600.0
INV-00085,2025-11-15,WH-01,福建上杭,金矿石,1004.8,200.0,2000.0
INV-00086,2025-11-15,WH-01,福建上杭,铜精矿,1404.8,300.0,3000.0
INV-00087,2025-11-15,WH-01,福建上杭,银精矿,127.4,50.0,500.0
INV-00088,2025-11-15,WH-02,新疆阿勒泰,金矿石,557.7,150.0,1500.0
INV-00089,2025-11-15,WH-02,新疆阿勒泰,铜精矿,1219.9,250.0,2500.0
INV-00090,2025-11-15,WH-02,新疆阿勒泰,锌精矿,1432.7,400.0,4000.0
INV-00091,2025-11-15,WH-03,黑龙江多宝山,铜精矿,652.9,200.0,2000.0
INV-00092,2025-11-15,WH-03,黑龙江多宝山,钼精矿,233.3,100.0,800.0
INV-00093,2025-11-15,WH-04,贵州贞丰,金矿石,520.3,100.0,1000.0
INV-00094,2025-11-15,WH-04,贵州贞丰,锌精矿,982.0,300.0,2500.0
INV-00095,2025-11-15,WH-05,河南洛阳,银精矿,86.3,40.0,400.0
INV-00096,2025-11-15,WH-05,河南洛阳,钼精矿,280.7,80.0,600.0
INV-00097,2025-03-15,WH-01,福建上杭,金矿石,777.5,200.0,2000.0
INV-00098,2025-03-15,WH-01,福建上杭,铜精矿,1109.7,300.0,3000.0
INV-00099,2025-03-15,WH-01,福建上杭,银精矿,140.1,50.0,500.0
INV-00100,2025-03-15,WH-02,新疆阿勒泰,金矿石,589.9,150.0,1500.0
INV-00101,2025-03-15,WH-02,新疆阿勒泰,铜精矿,944.1,250.0,2500.0
INV-00102,2025-03-15,WH-02,新疆阿勒泰,锌精矿,1825.9,400.0,4000.0
INV-00103,2025-03-15,WH-03,黑龙江多宝山,铜精矿,863.7,200.0,2000.0
INV-00104,2025-03-15,WH-03,黑龙江多宝山,钼精矿,305.3,100.0,800.0
INV-00105,2025-03-15,WH-04,贵州贞丰,金矿石,429.5,100.0,1000.0
INV-00106,2025-03-15,WH-04,贵州贞丰,锌精矿,940.9,300.0,2500.0
INV-00107,2025-03-15,WH-05,河南洛阳,银精矿,90.1,40.0,400.0
INV-00108,2025-03-15,WH-05,河南洛阳,钼精矿,320.9,80.0,600.0
INV-00109,2025-06-15,WH-01,福建上杭,金矿石,787.9,200.0,2000.0
INV-00110,2025-06-15,WH-01,福建上杭,铜精矿,999.6,300.0,3000.0
INV-00111,2025-06-15,WH-01,福建上杭,银精矿,89.3,50.0,500.0
INV-00112,2025-06-15,WH-02,新疆阿勒泰,金矿石,434.7,150.0,1500.0
INV-00113,2025-06-15,WH-02,新疆阿勒泰,铜精矿,1108.4,250.0,2500.0
INV-00114,2025-06-15,WH-02,新疆阿勒泰,锌精矿,1358.7,400.0,4000.0
INV-00115,2025-06-15,WH-03,黑龙江多宝山,铜精矿,606.1,200.0,2000.0
INV-00116,2025-06-15,WH-03,黑龙江多宝山,钼精矿,175.5,100.0,800.0
INV-00117,2025-06-15,WH-04,贵州贞丰,金矿石,368.5,100.0,1000.0
INV-00118,2025-06-15,WH-04,贵州贞丰,锌精矿,965.3,300.0,2500.0
INV-00119,2025-06-15,WH-05,河南洛阳,银精矿,41.1,40.0,400.0
INV-00120,2025-06-15,WH-05,河南洛阳,钼精矿,212.4,80.0,600.0
INV-00121,2025-09-15,WH-01,福建上杭,金矿石,648.9,200.0,2000.0
INV-00122,2025-09-15,WH-01,福建上杭,铜精矿,847.8,300.0,3000.0
INV-00123,2025-09-15,WH-01,福建上杭,银精矿,72.8,50.0,500.0
INV-00124,2025-09-15,WH-02,新疆阿勒泰,金矿石,359.3,150.0,1500.0
INV-00125,2025-09-15,WH-02,新疆阿勒泰,铜精矿,1014.6,250.0,2500.0
INV-00126,2025-09-15,WH-02,新疆阿勒泰,锌精矿,1414.0,400.0,4000.0
INV-00127,2025-09-15,WH-03,黑龙江多宝山,铜精矿,570.0,200.0,2000.0
INV-00128,2025-09-15,WH-03,黑龙江多宝山,钼精矿,96.4,100.0,800.0
INV-00129,2025-09-15,WH-04,贵州贞丰,金矿石,317.8,100.0,1000.0
INV-00130,2025-09-15,WH-04,贵州贞丰,锌精矿,725.7,300.0,2500.0
INV-00131,2025-09-15,WH-05,河南洛阳,银精矿,48.4,40.0,400.0
INV-00132,2025-09-15,WH-05,河南洛阳,钼精矿,165.1,80.0,600.0
INV-00133,2025-12-15,WH-01,福建上杭,金矿石,923.0,200.0,2000.0
INV-00134,2025-12-15,WH-01,福建上杭,铜精矿,1584.7,300.0,3000.0
INV-00135,2025-12-15,WH-01,福建上杭,银精矿,98.2,50.0,500.0
INV-00136,2025-12-15,WH-02,新疆阿勒泰,金矿石,584.2,150.0,1500.0
INV-00137,2025-12-15,WH-02,新疆阿勒泰,铜精矿,1029.8,250.0,2500.0
INV-00138,2025-12-15,WH-02,新疆阿勒泰,锌精矿,1647.4,400.0,4000.0
INV-00139,2025-12-15,WH-03,黑龙江多宝山,铜精矿,618.4,200.0,2000.0
INV-00140,2025-12-15,WH-03,黑龙江多宝山,钼精矿,259.1,100.0,800.0
INV-00141,2025-12-15,WH-04,贵州贞丰,金矿石,530.4,100.0,1000.0
INV-00142,2025-12-15,WH-04,贵州贞丰,锌精矿,956.7,300.0,2500.0
INV-00143,2025-12-15,WH-05,河南洛阳,银精矿,71.6,40.0,400.0
INV-00144,2025-12-15,WH-05,河南洛阳,钼精矿,316.3,80.0,600.0
INV-00145,2025-04-15,WH-01,福建上杭,金矿石,728.1,200.0,2000.0
INV-00146,2025-04-15,WH-01,福建上杭,铜精矿,1401.6,300.0,3000.0
INV-00147,2025-04-15,WH-01,福建上杭,银精矿,110.6,50.0,500.0
INV-00148,2025-04-15,WH-02,新疆阿勒泰,金矿石,656.3,150.0,1500.0
INV-00149,2025-04-15,WH-02,新疆阿勒泰,铜精矿,1078.2,250.0,2500.0
INV-00150,2025-04-15,WH-02,新疆阿勒泰,锌精矿,1597.1,400.0,4000.0
INV-00151,2025-04-15,WH-03,黑龙江多宝山,铜精矿,705.2,200.0,2000.0
INV-00152,2025-04-15,WH-03,黑龙江多宝山,钼精矿,373.6,100.0,800.0
INV-00153,2025-04-15,WH-04,贵州贞丰,金矿石,384.2,100.0,1000.0
INV-00154,2025-04-15,WH-04,贵州贞丰,锌精矿,952.3,300.0,2500.0
INV-00155,2025-04-15,WH-05,河南洛阳,银精矿,94.4,40.0,400.0
INV-00156,2025-04-15,WH-05,河南洛阳,钼精矿,306.0,80.0,600.0
INV-00157,2025-07-15,WH-01,福建上杭,金矿石,698.3,200.0,2000.0
INV-00158,2025-07-15,WH-01,福建上杭,铜精矿,868.7,300.0,3000.0
INV-00159,2025-07-15,WH-01,福建上杭,银精矿,86.9,50.0,500.0
INV-00160,2025-07-15,WH-02,新疆阿勒泰,金矿石,548.3,150.0,1500.0
INV-00161,2025-07-15,WH-02,新疆阿勒泰,铜精矿,1236.1,250.0,2500.0
INV-00162,2025-07-15,WH-02,新疆阿勒泰,锌精矿,1522.4,400.0,4000.0
INV-00163,2025-07-15,WH-03,黑龙江多宝山,铜精矿,631.2,200.0,2000.0
INV-00164,2025-07-15,WH-03,黑龙江多宝山,钼精矿,207.8,100.0,800.0
INV-00165,2025-07-15,WH-04,贵州贞丰,金矿石,320.9,100.0,1000.0
INV-00166,2025-07-15,WH-04,贵州贞丰,锌精矿,867.7,300.0,2500.0
INV-00167,2025-07-15,WH-05,河南洛阳,银精矿,36.7,40.0,400.0
INV-00168,2025-07-15,WH-05,河南洛阳,钼精矿,240.8,80.0,600.0
INV-00169,2025-10-15,WH-01,福建上杭,金矿石,501.8,200.0,2000.0
INV-00170,2025-10-15,WH-01,福建上杭,铜精矿,915.0,300.0,3000.0
INV-00171,2025-10-15,WH-01,福建上杭,银精矿,75.9,50.0,500.0
INV-00172,2025-10-15,WH-02,新疆阿勒泰,金矿石,438.4,150.0,1500.0
INV-00173,2025-10-15,WH-02,新疆阿勒泰,铜精矿,802.5,250.0,2500.0
INV-00174,2025-10-15,WH-02,新疆阿勒泰,锌精矿,1481.8,400.0,4000.0
INV-00175,2025-10-15,WH-03,黑龙江多宝山,铜精矿,514.3,200.0,2000.0
INV-00176,2025-10-15,WH-03,黑龙江多宝山,钼精矿,97.5,100.0,800.0
INV-00177,2025-10-15,WH-04,贵州贞丰,金矿石,239.2,100.0,1000.0
INV-00178,2025-10-15,WH-04,贵州贞丰,锌精矿,736.6,300.0,2500.0
INV-00179,2025-10-15,WH-05,河南洛阳,银精矿,36.3,40.0,400.0
INV-00180,2025-10-15,WH-05,河南洛阳,钼精矿,150.2,80.0,600.0
INV-00181,2026-01-15,WH-01,福建上杭,金矿石,1062.1,200.0,2000.0
INV-00182,2026-01-15,WH-01,福建上杭,铜精矿,1344.6,300.0,3000.0
INV-00183,2026-01-15,WH-01,福建上杭,银精矿,96.5,50.0,500.0
INV-00184,2026-01-15,WH-02,新疆阿勒泰,金矿石,533.4,150.0,1500.0
INV-00185,2026-01-15,WH-02,新疆阿勒泰,铜精矿,1000.0,250.0,2500.0
INV-00186,2026-01-15,WH-02,新疆阿勒泰,锌精矿,1605.3,400.0,4000.0
INV-00187,2026-01-15,WH-03,黑龙江多宝山,铜精矿,604.9,200.0,2000.0
INV-00188,2026-01-15,WH-03,黑龙江多宝山,钼精矿,241.3,100.0,800.0
INV-00189,2026-01-15,WH-04,贵州贞丰,金矿石,519.8,100.0,1000.0
INV-00190,2026-01-15,WH-04,贵州贞丰,锌精矿,1159.8,300.0,2500.0
INV-00191,2026-01-15,WH-05,河南洛阳,银精矿,65.4,40.0,400.0
INV-00192,2026-01-15,WH-05,河南洛阳,钼精矿,286.8,80.0,600.0
INV-00193,2025-05-15,WH-01,福建上杭,金矿石,983.7,200.0,2000.0
INV-00194,2025-05-15,WH-01,福建上杭,铜精矿,1392.4,300.0,3000.0
INV-00195,2025-05-15,WH-01,福建上杭,银精矿,118.5,50.0,500.0
INV-00196,2025-05-15,WH-02,新疆阿勒泰,金矿石,595.3,150.0,1500.0
INV-00197,2025-05-15,WH-02,新疆阿勒泰,铜精矿,1061.9,250.0,2500.0
INV-00198,2025-05-15,WH-02,新疆阿勒泰,锌精矿,1735.3,400.0,4000.0
INV-00199,2025-05-15,WH-03,黑龙江多宝山,铜精矿,802.6,200.0,2000.0
INV-00200,2025-05-15,WH-03,黑龙江多宝山,钼精矿,329.9,100.0,800.0
INV-00201,2025-05-15,WH-04,贵州贞丰,金矿石,361.8,100.0,1000.0
INV-00202,2025-05-15,WH-04,贵州贞丰,锌精矿,1146.0,300.0,2500.0
INV-00203,2025-05-15,WH-05,河南洛阳,银精矿,106.6,40.0,400.0
INV-00204,2025-05-15,WH-05,河南洛阳,钼精矿,282.6,80.0,600.0
INV-00205,2025-08-15,WH-01,福建上杭,金矿石,668.1,200.0,2000.0
INV-00206,2025-08-15,WH-01,福建上杭,铜精矿,1056.8,300.0,3000.0
INV-00207,2025-08-15,WH-01,福建上杭,银精矿,96.0,50.0,500.0
INV-00208,2025-08-15,WH-02,新疆阿勒泰,金矿石,520.0,150.0,1500.0
INV-00209,2025-08-15,WH-02,新疆阿勒泰,铜精矿,1194.6,250.0,2500.0
INV-00210,2025-08-15,WH-02,新疆阿勒泰,锌精矿,1547.3,400.0,4000.0
INV-00211,2025-08-15,WH-03,黑龙江多宝山,铜精矿,719.1,200.0,2000.0
INV-00212,2025-08-15,WH-03,黑龙江多宝山,钼精矿,206.7,100.0,800.0
INV-00213,2025-08-15,WH-04,贵州贞丰,金矿石,329.3,100.0,1000.0
INV-00214,2025-08-15,WH-04,贵州贞丰,锌精矿,870.7,300.0,2500.0
INV-00215,2025-08-15,WH-05,河南洛阳,银精矿,44.2,40.0,400.0
INV-00216,2025-08-15,WH-05,河南洛阳,钼精矿,232.1,80.0,600.0
INV-00217,2025-11-15,WH-01,福建上杭,金矿石,570.0,200.0,2000.0
INV-00218,2025-11-15,WH-01,福建上杭,铜精矿,968.6,300.0,3000.0
INV-00219,2025-11-15,WH-01,福建上杭,银精矿,60.7,50.0,500.0
INV-00220,2025-11-15,WH-02,新疆阿勒泰,金矿石,426.5,150.0,1500.0
INV-00221,2025-11-15,WH-02,新疆阿勒泰,铜精矿,951.4,250.0,2500.0
INV-00222,2025-11-15,WH-02,新疆阿勒泰,锌精矿,1375.2,400.0,4000.0
INV-00223,2025-11-15,WH-03,黑龙江多宝山,铜精矿,565.5,200.0,2000.0
INV-00224,2025-11-15,WH-03,黑龙江多宝山,钼精矿,104.4,100.0,800.0
INV-00225,2025-11-15,WH-04,贵州贞丰,金矿石,284.4,100.0,1000.0
INV-00226,2025-11-15,WH-04,贵州贞丰,锌精矿,840.5,300.0,2500.0
INV-00227,2025-11-15,WH-05,河南洛阳,银精矿,45.1,40.0,400.0
INV-00228,2025-11-15,WH-05,河南洛阳,钼精矿,171.1,80.0,600.0
INV-00229,2026-02-15,WH-01,福建上杭,金矿石,1078.9,200.0,2000.0
INV-00230,2026-02-15,WH-01,福建上杭,铜精矿,1466.1,300.0,3000.0
INV-00231,2026-02-15,WH-01,福建上杭,银精矿,125.4,50.0,500.0
INV-00232,2026-02-15,WH-02,新疆阿勒泰,金矿石,643.9,150.0,1500.0
INV-00233,2026-02-15,WH-02,新疆阿勒泰,铜精矿,1043.7,250.0,2500.0
INV-00234,2026-02-15,WH-02,新疆阿勒泰,锌精矿,1906.3,400.0,4000.0
INV-00235,2026-02-15,WH-03,黑龙江多宝山,铜精矿,798.4,200.0,2000.0
INV-00236,2026-02-15,WH-03,黑龙江多宝山,钼精矿,243.7,100.0,800.0
INV-00237,2026-02-15,WH-04,贵州贞丰,金矿石,497.1,100.0,1000.0
INV-00238,2026-02-15,WH-04,贵州贞丰,锌精矿,1004.8,300.0,2500.0
INV-00239,2026-02-15,WH-05,河南洛阳,银精矿,76.6,40.0,400.0
INV-00240,2026-02-15,WH-05,河南洛阳,钼精矿,318.0,80.0,600.0
INV-00241,2025-06-15,WH-01,福建上杭,金矿石,965.0,200.0,2000.0
INV-00242,2025-06-15,WH-01,福建上杭,铜精矿,1116.0,300.0,3000.0
INV-00243,2025-06-15,WH-01,福建上杭,银精矿,110.4,50.0,500.0
INV-00244,2025-06-15,WH-02,新疆阿勒泰,金矿石,628.0,150.0,1500.0
INV-00245,2025-06-15,WH-02,新疆阿勒泰,铜精矿,823.3,250.0,2500.0
INV-00246,2025-06-15,WH-02,新疆阿勒泰,锌精矿,1594.3,400.0,4000.0
INV-00247,2025-06-15,WH-03,黑龙江多宝山,铜精矿,696.2,200.0,2000.0
INV-00248,2025-06-15,WH-03,黑龙江多宝山,钼精矿,328.7,100.0,800.0
INV-00249,2025-06-15,WH-04,贵州贞丰,金矿石,446.8,100.0,1000.0
INV-00250,2025-06-15,WH-04,贵州贞丰,锌精矿,1253.2,300.0,2500.0
INV-00251,2025-06-15,WH-05,河南洛阳,银精矿,84.0,40.0,400.0
INV-00252,2025-06-15,WH-05,河南洛阳,钼精矿,241.6,80.0,600.0
INV-00253,2025-09-15,WH-01,福建上杭,金矿石,616.2,200.0,2000.0
INV-00254,2025-09-15,WH-01,福建上杭,铜精矿,985.2,300.0,3000.0
INV-00255,2025-09-15,WH-01,福建上杭,银精矿,73.4,50.0,500.0
INV-00256,2025-09-15,WH-02,新疆阿勒泰,金矿石,479.8,150.0,1500.0
INV-00257,2025-09-15,WH-02,新疆阿勒泰,铜精矿,953.1,250.0,2500.0
INV-00258,2025-09-15,WH-02,新疆阿勒泰,锌精矿,1412.4,400.0,4000.0
INV-00259,2025-09-15,WH-03,黑龙江多宝山,铜精矿,720.3,200.0,2000.0
INV-00260,2025-09-15,WH-03,黑龙江多宝山,钼精矿,188.0,100.0,800.0
INV-00261,2025-09-15,WH-04,贵州贞丰,金矿石,406.8,100.0,1000.0
INV-00262,2025-09-15,WH-04,贵州贞丰,锌精矿,1039.2,300.0,2500.0
INV-00263,2025-09-15,WH-05,河南洛阳,银精矿,39.0,40.0,400.0
INV-00264,2025-09-15,WH-05,河南洛阳,钼精矿,214.9,80.0,600.0
INV-00265,2025-12-15,WH-01,福建上杭,金矿石,673.3,200.0,2000.0
INV-00266,2025-12-15,WH-01,福建上杭,铜精矿,995.3,300.0,3000.0
INV-00267,2025-12-15,WH-01,福建上杭,银精矿,58.7,50.0,500.0
INV-00268,2025-12-15,WH-02,新疆阿勒泰,金矿石,361.9,150.0,1500.0
INV-00269,2025-12-15,WH-02,新疆阿勒泰,铜精矿,1014.7,250.0,2500.0
INV-00270,2025-12-15,WH-02,新疆阿勒泰,锌精矿,1161.9,400.0,4000.0
INV-00271,2025-12-15,WH-03,黑龙江多宝山,铜精矿,487.3,200.0,2000.0
INV-00272,2025-12-15,WH-03,黑龙江多宝山,钼精矿,104.8,100.0,800.0
INV-00273,2025-12-15,WH-04,贵州贞丰,金矿石,293.2,100.0,1000.0
INV-00274,2025-12-15,WH-04,贵州贞丰,锌精矿,788.9,300.0,2500.0
INV-00275,2025-12-15,WH-05,河南洛阳,银精矿,49.2,40.0,400.0
INV-00276,2025-12-15,WH-05,河南洛阳,钼精矿,154.0,80.0,600.0
INV-00277,2026-03-15,WH-01,福建上杭,金矿石,859.5,200.0,2000.0
INV-00278,2026-03-15,WH-01,福建上杭,铜精矿,1165.8,300.0,3000.0
INV-00279,2026-03-15,WH-01,福建上杭,银精矿,96.1,50.0,500.0
INV-00280,2026-03-15,WH-02,新疆阿勒泰,金矿石,619.3,150.0,1500.0
INV-00281,2026-03-15,WH-02,新疆阿勒泰,铜精矿,1012.5,250.0,2500.0
INV-00282,2026-03-15,WH-02,新疆阿勒泰,锌精矿,1634.2,400.0,4000.0
INV-00283,2026-03-15,WH-03,黑龙江多宝山,铜精矿,782.3,200.0,2000.0
INV-00284,2026-03-15,WH-03,黑龙江多宝山,钼精矿,247.5,100.0,800.0
INV-00285,2026-03-15,WH-04,贵州贞丰,金矿石,432.3,100.0,1000.0
INV-00286,2026-03-15,WH-04,贵州贞丰,锌精矿,1042.3,300.0,2500.0
INV-00287,2026-03-15,WH-05,河南洛阳,银精矿,79.7,40.0,400.0
INV-00288,2026-03-15,WH-05,河南洛阳,钼精矿,288.9,80.0,600.0
INV-00289,2025-07-15,WH-01,福建上杭,金矿石,968.8,200.0,2000.0
INV-00290,2025-07-15,WH-01,福建上杭,铜精矿,1351.9,300.0,3000.0
INV-00291,2025-07-15,WH-01,福建上杭,银精矿,104.9,50.0,500.0
INV-00292,2025-07-15,WH-02,新疆阿勒泰,金矿石,545.8,150.0,1500.0
INV-00293,2025-07-15,WH-02,新疆阿勒泰,铜精矿,919.4,250.0,2500.0
INV-00294,2025-07-15,WH-02,新疆阿勒泰,锌精矿,1763.0,400.0,4000.0
INV-00295,2025-07-15,WH-03,黑龙江多宝山,铜精矿,682.4,200.0,2000.0
INV-00296,2025-07-15,WH-03,黑龙江多宝山,钼精矿,349.8,100.0,800.0
INV-00297,2025-07-15,WH-04,贵州贞丰,金矿石,495.2,100.0,1000.0
INV-00298,2025-07-15,WH-04,贵州贞丰,锌精矿,1269.8,300.0,2500.0
INV-00299,2025-07-15,WH-05,河南洛阳,银精矿,89.1,40.0,400.0
INV-00300,2025-07-15,WH-05,河南洛阳,钼精矿,312.6,80.0,600.0
INV-00301,2025-10-15,WH-01,福建上杭,金矿石,755.9,200.0,2000.0
INV-00302,2025-10-15,WH-01,福建上杭,铜精矿,1114.8,300.0,3000.0
INV-00303,2025-10-15,WH-01,福建上杭,银精矿,94.0,50.0,500.0
INV-00304,2025-10-15,WH-02,新疆阿勒泰,金矿石,565.8,150.0,1500.0
INV-00305,2025-10-15,WH-02,新疆阿勒泰,铜精矿,1264.2,250.0,2500.0
INV-00306,2025-10-15,WH-02,新疆阿勒泰,锌精矿,1552.1,400.0,4000.0
INV-00307,2025-10-15,WH-03,黑龙江多宝山,铜精矿,574.8,200.0,2000.0
INV-00308,2025-10-15,WH-03,黑龙江多宝山,钼精矿,161.0,100.0,800.0
INV-00309,2025-10-15,WH-04,贵州贞丰,金矿石,355.5,100.0,1000.0
INV-00310,2025-10-15,WH-04,贵州贞丰,锌精矿,770.2,300.0,2500.0
INV-00311,2025-10-15,WH-05,河南洛阳,银精矿,38.8,40.0,400.0
INV-00312,2025-10-15,WH-05,河南洛阳,钼精矿,189.4,80.0,600.0
INV-00313,2026-01-15,WH-01,福建上杭,金矿石,565.4,200.0,2000.0
INV-00314,2026-01-15,WH-01,福建上杭,铜精矿,889.6,300.0,3000.0
INV-00315,2026-01-15,WH-01,福建上杭,银精矿,64.4,50.0,500.0
INV-00316,2026-01-15,WH-02,新疆阿勒泰,金矿石,422.6,150.0,1500.0
INV-00317,2026-01-15,WH-02,新疆阿勒泰,铜精矿,836.2,250.0,2500.0
INV-00318,2026-01-15,WH-02,新疆阿勒泰,锌精矿,1361.8,400.0,4000.0
INV-00319,2026-01-15,WH-03,黑龙江多宝山,铜精矿,617.0,200.0,2000.0
INV-00320,2026-01-15,WH-03,黑龙江多宝山,钼精矿,77.4,100.0,800.0
INV-00321,2026-01-15,WH-04,贵州贞丰,金矿石,305.2,100.0,1000.0
INV-00322,2026-01-15,WH-04,贵州贞丰,锌精矿,690.1,300.0,2500.0
INV-00323,2026-01-15,WH-05,河南洛阳,银精矿,38.4,40.0,400.0
INV-00324,2026-01-15,WH-05,河南洛阳,钼精矿,144.2,80.0,600.0
INV-00325,2026-04-15,WH-01,福建上杭,金矿石,795.1,200.0,2000.0
INV-00326,2026-04-15,WH-01,福建上杭,铜精矿,1573.1,300.0,3000.0
INV-00327,2026-04-15,WH-01,福建上杭,银精矿,107.2,50.0,500.0
INV-00328,2026-04-15,WH-02,新疆阿勒泰,金矿石,528.8,150.0,1500.0
INV-00329,2026-04-15,WH-02,新疆阿勒泰,铜精矿,1129.2,250.0,2500.0
INV-00330,2026-04-15,WH-02,新疆阿勒泰,锌精矿,1823.6,400.0,4000.0
INV-00331,2026-04-15,WH-03,黑龙江多宝山,铜精矿,638.4,200.0,2000.0
INV-00332,2026-04-15,WH-03,黑龙江多宝山,钼精矿,275.1,100.0,800.0
INV-00333,2026-04-15,WH-04,贵州贞丰,金矿石,543.0,100.0,1000.0
INV-00334,2026-04-15,WH-04,贵州贞丰,锌精矿,972.1,300.0,2500.0
INV-00335,2026-04-15,WH-05,河南洛阳,银精矿,68.7,40.0,400.0
INV-00336,2026-04-15,WH-05,河南洛阳,钼精矿,306.7,80.0,600.0
INV-00337,2025-08-15,WH-01,福建上杭,金矿石,882.6,200.0,2000.0
INV-00338,2025-08-15,WH-01,福建上杭,铜精矿,1136.3,300.0,3000.0
INV-00339,2025-08-15,WH-01,福建上杭,银精矿,113.9,50.0,500.0
INV-00340,2025-08-15,WH-02,新疆阿勒泰,金矿石,512.7,150.0,1500.0
INV-00341,2025-08-15,WH-02,新疆阿勒泰,铜精矿,1070.0,250.0,2500.0
INV-00342,2025-08-15,WH-02,新疆阿勒泰,锌精矿,1566.4,400.0,4000.0
INV-00343,2025-08-15,WH-03,黑龙江多宝山,铜精矿,769.4,200.0,2000.0
INV-00344,2025-08-15,WH-03,黑龙江多宝山,钼精矿,331.5,100.0,800.0
INV-00345,2025-08-15,WH-04,贵州贞丰,金矿石,362.1,100.0,1000.0
INV-00346,2025-08-15,WH-04,贵州贞丰,锌精矿,949.0,300.0,2500.0
INV-00347,2025-08-15,WH-05,河南洛阳,银精矿,101.0,40.0,400.0
INV-00348,2025-08-15,WH-05,河南洛阳,钼精矿,265.2,80.0,600.0
INV-00349,2025-11-15,WH-01,福建上杭,金矿石,772.8,200.0,2000.0
INV-00350,2025-11-15,WH-01,福建上杭,铜精矿,1112.8,300.0,3000.0
INV-00351,2025-11-15,WH-01,福建上杭,银精矿,99.7,50.0,500.0
INV-00352,2025-11-15,WH-02,新疆阿勒泰,金矿石,486.2,150.0,1500.0
INV-00353,2025-11-15,WH-02,新疆阿勒泰,铜精矿,1114.8,250.0,2500.0
INV-00354,2025-11-15,WH-02,新疆阿勒泰,锌精矿,1534.4,400.0,4000.0
INV-00355,2025-11-15,WH-03,黑龙江多宝山,铜精矿,644.0,200.0,2000.0
INV-00356,2025-11-15,WH-03,黑龙江多宝山,钼精矿,212.3,100.0,800.0
INV-00357,2025-11-15,WH-04,贵州贞丰,金矿石,318.3,100.0,1000.0
INV-00358,2025-11-15,WH-04,贵州贞丰,锌精矿,815.4,300.0,2500.0
INV-00359,2025-11-15,WH-05,河南洛阳,银精矿,36.6,40.0,400.0
INV-00360,2025-11-15,WH-05,河南洛阳,钼精矿,210.3,80.0,600.0
INV-00361,2026-02-15,WH-01,福建上杭,金矿石,653.5,200.0,2000.0
INV-00362,2026-02-15,WH-01,福建上杭,铜精矿,728.8,300.0,3000.0
INV-00363,2026-02-15,WH-01,福建上杭,银精矿,62.5,50.0,500.0
INV-00364,2026-02-15,WH-02,新疆阿勒泰,金矿石,410.1,150.0,1500.0
INV-00365,2026-02-15,WH-02,新疆阿勒泰,铜精矿,802.3,250.0,2500.0
INV-00366,2026-02-15,WH-02,新疆阿勒泰,锌精矿,1196.5,400.0,4000.0
INV-00367,2026-02-15,WH-03,黑龙江多宝山,铜精矿,631.5,200.0,2000.0
INV-00368,2026-02-15,WH-03,黑龙江多宝山,钼精矿,87.6,100.0,800.0
INV-00369,2026-02-15,WH-04,贵州贞丰,金矿石,320.1,100.0,1000.0
INV-00370,2026-02-15,WH-04,贵州贞丰,锌精矿,745.4,300.0,2500.0
INV-00371,2026-02-15,WH-05,河南洛阳,银精矿,41.1,40.0,400.0
INV-00372,2026-02-15,WH-05,河南洛阳,钼精矿,147.0,80.0,600.0
INV-00373,2026-05-15,WH-01,福建上杭,金矿石,906.5,200.0,2000.0
INV-00374,2026-05-15,WH-01,福建上杭,铜精矿,1427.1,300.0,3000.0
INV-00375,2026-05-15,WH-01,福建上杭,银精矿,105.4,50.0,500.0
INV-00376,2026-05-15,WH-02,新疆阿勒泰,金矿石,610.7,150.0,1500.0
INV-00377,2026-05-15,WH-02,新疆阿勒泰,铜精矿,1041.2,250.0,2500.0
INV-00378,2026-05-15,WH-02,新疆阿勒泰,锌精矿,1605.5,400.0,4000.0
INV-00379,2026-05-15,WH-03,黑龙江多宝山,铜精矿,678.5,200.0,2000.0
INV-00380,2026-05-15,WH-03,黑龙江多宝山,钼精矿,285.1,100.0,800.0
INV-00381,2026-05-15,WH-04,贵州贞丰,金矿石,485.3,100.0,1000.0
INV-00382,2026-05-15,WH-04,贵州贞丰,锌精矿,960.0,300.0,2500.0
INV-00383,2026-05-15,WH-05,河南洛阳,银精矿,70.9,40.0,400.0
INV-00384,2026-05-15,WH-05,河南洛阳,钼精矿,304.2,80.0,600.0
INV-00385,2025-09-15,WH-01,福建上杭,金矿石,865.3,200.0,2000.0
INV-00386,2025-09-15,WH-01,福建上杭,铜精矿,1288.6,300.0,3000.0
INV-00387,2025-09-15,WH-01,福建上杭,银精矿,102.7,50.0,500.0
INV-00388,2025-09-15,WH-02,新疆阿勒泰,金矿石,630.3,150.0,1500.0
INV-00389,2025-09-15,WH-02,新疆阿勒泰,铜精矿,854.6,250.0,2500.0
INV-00390,2025-09-15,WH-02,新疆阿勒泰,锌精矿,1553.5,400.0,4000.0
INV-00391,2025-09-15,WH-03,黑龙江多宝山,铜精矿,714.8,200.0,2000.0
INV-00392,2025-09-15,WH-03,黑龙江多宝山,钼精矿,404.6,100.0,800.0
INV-00393,2025-09-15,WH-04,贵州贞丰,金矿石,394.0,100.0,1000.0
INV-00394,2025-09-15,WH-04,贵州贞丰,锌精矿,1093.3,300.0,2500.0
INV-00395,2025-09-15,WH-05,河南洛阳,银精矿,83.6,40.0,400.0
INV-00396,2025-09-15,WH-05,河南洛阳,钼精矿,282.1,80.0,600.0
INV-00397,2025-12-15,WH-01,福建上杭,金矿石,699.2,200.0,2000.0
INV-00398,2025-12-15,WH-01,福建上杭,铜精矿,1068.0,300.0,3000.0
INV-00399,2025-12-15,WH-01,福建上杭,银精矿,75.1,50.0,500.0
INV-00400,2025-12-15,WH-02,新疆阿勒泰,金矿石,443.8,150.0,1500.0
INV-00401,2025-12-15,WH-02,新疆阿勒泰,铜精矿,1179.0,250.0,2500.0
INV-00402,2025-12-15,WH-02,新疆阿勒泰,锌精矿,1437.4,400.0,4000.0
INV-00403,2025-12-15,WH-03,黑龙江多宝山,铜精矿,573.5,200.0,2000.0
INV-00404,2025-12-15,WH-03,黑龙江多宝山,钼精矿,171.9,100.0,800.0
INV-00405,2025-12-15,WH-04,贵州贞丰,金矿石,303.8,100.0,1000.0
INV-00406,2025-12-15,WH-04,贵州贞丰,锌精矿,872.0,300.0,2500.0
INV-00407,2025-12-15,WH-05,河南洛阳,银精矿,40.4,40.0,400.0
INV-00408,2025-12-15,WH-05,河南洛阳,钼精矿,193.9,80.0,600.0
INV-00409,2026-03-15,WH-01,福建上杭,金矿石,582.9,200.0,2000.0
INV-00410,2026-03-15,WH-01,福建上杭,铜精矿,966.4,300.0,3000.0
INV-00411,2026-03-15,WH-01,福建上杭,银精矿,61.7,50.0,500.0
INV-00412,2026-03-15,WH-02,新疆阿勒泰,金矿石,382.3,150.0,1500.0
INV-00413,2026-03-15,WH-02,新疆阿勒泰,铜精矿,1028.5,250.0,2500.0
INV-00414,2026-03-15,WH-02,新疆阿勒泰,锌精矿,1471.3,400.0,4000.0
INV-00415,2026-03-15,WH-03,黑龙江多宝山,铜精矿,544.3,200.0,2000.0
INV-00416,2026-03-15,WH-03,黑龙江多宝山,钼精矿,83.1,100.0,800.0
INV-00417,2026-03-15,WH-04,贵州贞丰,金矿石,247.8,100.0,1000.0
INV-00418,2026-03-15,WH-04,贵州贞丰,锌精矿,649.0,300.0,2500.0
INV-00419,2026-03-15,WH-05,河南洛阳,银精矿,44.0,40.0,400.0
INV-00420,2026-03-15,WH-05,河南洛阳,钼精矿,165.7,80.0,600.0
INV-00421,2026-06-15,WH-01,福建上杭,金矿石,995.7,200.0,2000.0
INV-00422,2026-06-15,WH-01,福建上杭,铜精矿,1441.0,300.0,3000.0
INV-00423,2026-06-15,WH-01,福建上杭,银精矿,103.1,50.0,500.0
INV-00424,2026-06-15,WH-02,新疆阿勒泰,金矿石,648.9,150.0,1500.0
INV-00425,2026-06-15,WH-02,新疆阿勒泰,铜精矿,982.3,250.0,2500.0
INV-00426,2026-06-15,WH-02,新疆阿勒泰,锌精矿,1412.5,400.0,4000.0
INV-00427,2026-06-15,WH-03,黑龙江多宝山,铜精矿,769.3,200.0,2000.0
INV-00428,2026-06-15,WH-03,黑龙江多宝山,钼精矿,282.2,100.0,800.0
INV-00429,2026-06-15,WH-04,贵州贞丰,金矿石,492.0,100.0,1000.0
INV-00430,2026-06-15,WH-04,贵州贞丰,锌精矿,1032.9,300.0,2500.0
INV-00431,2026-06-15,WH-05,河南洛阳,银精矿,74.1,40.0,400.0
INV-00432,2026-06-15,WH-05,河南洛阳,钼精矿,340.9,80.0,600.0
INV-00433,2025-10-15,WH-01,福建上杭,金矿石,945.8,200.0,2000.0
INV-00434,2025-10-15,WH-01,福建上杭,铜精矿,1121.8,300.0,3000.0
INV-00435,2025-10-15,WH-01,福建上杭,银精矿,122.3,50.0,500.0
INV-00436,2025-10-15,WH-02,新疆阿勒泰,金矿石,546.8,150.0,1500.0
INV-00437,2025-10-15,WH-02,新疆阿勒泰,铜精矿,1011.3,250.0,2500.0
INV-00438,2025-10-15,WH-02,新疆阿勒泰,锌精矿,2093.1,400.0,4000.0
INV-00439,2025-10-15,WH-03,黑龙江多宝山,铜精矿,749.2,200.0,2000.0
INV-00440,2025-10-15,WH-03,黑龙江多宝山,钼精矿,374.0,100.0,800.0
INV-00441,2025-10-15,WH-04,贵州贞丰,金矿石,369.9,100.0,1000.0
INV-00442,2025-10-15,WH-04,贵州贞丰,锌精矿,969.4,300.0,2500.0
INV-00443,2025-10-15,WH-05,河南洛阳,银精矿,94.3,40.0,400.0
INV-00444,2025-10-15,WH-05,河南洛阳,钼精矿,261.3,80.0,600.0
INV-00445,2026-01-15,WH-01,福建上杭,金矿石,662.1,200.0,2000.0
INV-00446,2026-01-15,WH-01,福建上杭,铜精矿,932.8,300.0,3000.0
INV-00447,2026-01-15,WH-01,福建上杭,银精矿,72.6,50.0,500.0
INV-00448,2026-01-15,WH-02,新疆阿勒泰,金矿石,460.6,150.0,1500.0
INV-00449,2026-01-15,WH-02,新疆阿勒泰,铜精矿,959.7,250.0,2500.0
INV-00450,2026-01-15,WH-02,新疆阿勒泰,锌精矿,1538.5,400.0,4000.0
INV-00451,2026-01-15,WH-03,黑龙江多宝山,铜精矿,690.6,200.0,2000.0
INV-00452,2026-01-15,WH-03,黑龙江多宝山,钼精矿,171.8,100.0,800.0
INV-00453,2026-01-15,WH-04,贵州贞丰,金矿石,313.4,100.0,1000.0
INV-00454,2026-01-15,WH-04,贵州贞丰,锌精矿,841.8,300.0,2500.0
INV-00455,2026-01-15,WH-05,河南洛阳,银精矿,36.8,40.0,400.0
INV-00456,2026-01-15,WH-05,河南洛阳,钼精矿,195.6,80.0,600.0
INV-00457,2026-04-15,WH-01,福建上杭,金矿石,682.3,200.0,2000.0
INV-00458,2026-04-15,WH-01,福建上杭,铜精矿,785.9,300.0,3000.0
INV-00459,2026-04-15,WH-01,福建上杭,银精矿,67.8,50.0,500.0
INV-00460,2026-04-15,WH-02,新疆阿勒泰,金矿石,386.0,150.0,1500.0
INV-00461,2026-04-15,WH-02,新疆阿勒泰,铜精矿,873.7,250.0,2500.0
INV-00462,2026-04-15,WH-02,新疆阿勒泰,锌精矿,1182.4,400.0,4000.0
INV-00463,2026-04-15,WH-03,黑龙江多宝山,铜精矿,493.6,200.0,2000.0
INV-00464,2026-04-15,WH-03,黑龙江多宝山,钼精矿,76.9,100.0,800.0
INV-00465,2026-04-15,WH-04,贵州贞丰,金矿石,243.1,100.0,1000.0
INV-00466,2026-04-15,WH-04,贵州贞丰,锌精矿,753.0,300.0,2500.0
INV-00467,2026-04-15,WH-05,河南洛阳,银精矿,37.2,40.0,400.0
INV-00468,2026-04-15,WH-05,河南洛阳,钼精矿,133.1,80.0,600.0
INV-00469,2026-07-15,WH-01,福建上杭,金矿石,962.3,200.0,2000.0
INV-00470,2026-07-15,WH-01,福建上杭,铜精矿,1317.5,300.0,3000.0
INV-00471,2026-07-15,WH-01,福建上杭,银精矿,111.2,50.0,500.0
INV-00472,2026-07-15,WH-02,新疆阿勒泰,金矿石,505.6,150.0,1500.0
INV-00473,2026-07-15,WH-02,新疆阿勒泰,铜精矿,1066.3,250.0,2500.0
INV-00474,2026-07-15,WH-02,新疆阿勒泰,锌精矿,1707.6,400.0,4000.0
INV-00475,2026-07-15,WH-03,黑龙江多宝山,铜精矿,727.7,200.0,2000.0
INV-00476,2026-07-15,WH-03,黑龙江多宝山,钼精矿,272.9,100.0,800.0
INV-00477,2026-07-15,WH-04,贵州贞丰,金矿石,430.5,100.0,1000.0
INV-00478,2026-07-15,WH-04,贵州贞丰,锌精矿,1065.4,300.0,2500.0
INV-00479,2026-07-15,WH-05,河南洛阳,银精矿,78.3,40.0,400.0
INV-00480,2026-07-15,WH-05,河南洛阳,钼精矿,311.7,80.0,600.0
INV-00481,2025-11-15,WH-01,福建上杭,金矿石,968.9,200.0,2000.0
INV-00482,2025-11-15,WH-01,福建上杭,铜精矿,1079.6,300.0,3000.0
INV-00483,2025-11-15,WH-01,福建上杭,银精矿,106.1,50.0,500.0
INV-00484,2025-11-15,WH-02,新疆阿勒泰,金矿石,514.0,150.0,1500.0
INV-00485,2025-11-15,WH-02,新疆阿勒泰,铜精矿,910.2,250.0,2500.0
INV-00486,2025-11-15,WH-02,新疆阿勒泰,锌精矿,2042.1,400.0,4000.0
INV-00487,2025-11-15,WH-03,黑龙江多宝山,铜精矿,833.5,200.0,2000.0
INV-00488,2025-11-15,WH-03,黑龙江多宝山,钼精矿,399.2,100.0,800.0
INV-00489,2025-11-15,WH-04,贵州贞丰,金矿石,429.6,100.0,1000.0
INV-00490,2025-11-15,WH-04,贵州贞丰,锌精矿,1236.8,300.0,2500.0
INV-00491,2025-11-15,WH-05,河南洛阳,银精矿,86.2,40.0,400.0
INV-00492,2025-11-15,WH-05,河南洛阳,钼精矿,317.6,80.0,600.0
INV-00493,2026-02-15,WH-01,福建上杭,金矿石,726.2,200.0,2000.0
INV-00494,2026-02-15,WH-01,福建上杭,铜精矿,1034.5,300.0,3000.0
INV-00495,2026-02-15,WH-01,福建上杭,银精矿,89.6,50.0,500.0
INV-00496,2026-02-15,WH-02,新疆阿勒泰,金矿石,517.5,150.0,1500.0
INV-00497,2026-02-15,WH-02,新疆阿勒泰,铜精矿,1101.7,250.0,2500.0
INV-00498,2026-02-15,WH-02,新疆阿勒泰,锌精矿,1317.1,400.0,4000.0
INV-00499,2026-02-15,WH-03,黑龙江多宝山,铜精矿,685.5,200.0,2000.0
INV-00500,2026-02-15,WH-03,黑龙江多宝山,钼精矿,186.3,100.0,800.0
INV-00501,2026-02-15,WH-04,贵州贞丰,金矿石,346.6,100.0,1000.0
INV-00502,2026-02-15,WH-04,贵州贞丰,锌精矿,776.6,300.0,2500.0
INV-00503,2026-02-15,WH-05,河南洛阳,银精矿,34.8,40.0,400.0
INV-00504,2026-02-15,WH-05,河南洛阳,钼精矿,198.8,80.0,600.0
INV-00505,2026-05-15,WH-01,福建上杭,金矿石,541.6,200.0,2000.0
INV-00506,2026-05-15,WH-01,福建上杭,铜精矿,905.4,300.0,3000.0
INV-00507,2026-05-15,WH-01,福建上杭,银精矿,73.4,50.0,500.0
INV-00508,2026-05-15,WH-02,新疆阿勒泰,金矿石,444.0,150.0,1500.0
INV-00509,2026-05-15,WH-02,新疆阿勒泰,铜精矿,937.1,250.0,2500.0
INV-00510,2026-05-15,WH-02,新疆阿勒泰,锌精矿,1358.0,400.0,4000.0
INV-00511,2026-05-15,WH-03,黑龙江多宝山,铜精矿,532.1,200.0,2000.0
INV-00512,2026-05-15,WH-03,黑龙江多宝山,钼精矿,87.9,100.0,800.0
INV-00513,2026-05-15,WH-04,贵州贞丰,金矿石,263.6,100.0,1000.0
INV-00514,2026-05-15,WH-04,贵州贞丰,锌精矿,808.6,300.0,2500.0
INV-00515,2026-05-15,WH-05,河南洛阳,银精矿,41.6,40.0,400.0
INV-00516,2026-05-15,WH-05,河南洛阳,钼精矿,148.0,80.0,600.0
INV-00517,2026-08-15,WH-01,福建上杭,金矿石,946.1,200.0,2000.0
INV-00518,2026-08-15,WH-01,福建上杭,铜精矿,1339.2,300.0,3000.0
INV-00519,2026-08-15,WH-01,福建上杭,银精矿,123.6,50.0,500.0
INV-00520,2026-08-15,WH-02,新疆阿勒泰,金矿石,485.6,150.0,1500.0
INV-00521,2026-08-15,WH-02,新疆阿勒泰,铜精矿,962.2,250.0,2500.0
INV-00522,2026-08-15,WH-02,新疆阿勒泰,锌精矿,1880.5,400.0,4000.0
INV-00523,2026-08-15,WH-03,黑龙江多宝山,铜精矿,813.7,200.0,2000.0
INV-00524,2026-08-15,WH-03,黑龙江多宝山,钼精矿,279.2,100.0,800.0
INV-00525,2026-08-15,WH-04,贵州贞丰,金矿石,551.8,100.0,1000.0
INV-00526,2026-08-15,WH-04,贵州贞丰,锌精矿,1083.4,300.0,2500.0
INV-00527,2026-08-15,WH-05,河南洛阳,银精矿,65.5,40.0,400.0
INV-00528,2026-08-15,WH-05,河南洛阳,钼精矿,343.0,80.0,600.0
INV-00529,2025-12-15,WH-01,福建上杭,金矿石,893.0,200.0,2000.0
INV-00530,2025-12-15,WH-01,福建上杭,铜精矿,1217.6,300.0,3000.0
INV-00531,2025-12-15,WH-01,福建上杭,银精矿,140.2,50.0,500.0
INV-00532,2025-12-15,WH-02,新疆阿勒泰,金矿石,622.5,150.0,1500.0
INV-00533,2025-12-15,WH-02,新疆阿勒泰,铜精矿,1095.5,250.0,2500.0
INV-00534,2025-12-15,WH-02,新疆阿勒泰,锌精矿,1703.0,400.0,4000.0
INV-00535,2025-12-15,WH-03,黑龙江多宝山,铜精矿,682.4,200.0,2000.0
INV-00536,2025-12-15,WH-03,黑龙江多宝山,钼精矿,354.7,100.0,800.0
INV-00537,2025-12-15,WH-04,贵州贞丰,金矿石,472.2,100.0,1000.0
INV-00538,2025-12-15,WH-04,贵州贞丰,锌精矿,1150.1,300.0,2500.0
INV-00539,2025-12-15,WH-05,河南洛阳,银精矿,98.9,40.0,400.0
INV-00540,2025-12-15,WH-05,河南洛阳,钼精矿,322.5,80.0,600.0
INV-00541,2026-03-15,WH-01,福建上杭,金矿石,662.8,200.0,2000.0
INV-00542,2026-03-15,WH-01,福建上杭,铜精矿,991.6,300.0,3000.0
INV-00543,2026-03-15,WH-01,福建上杭,银精矿,94.2,50.0,500.0
INV-00544,2026-03-15,WH-02,新疆阿勒泰,金矿石,438.4,150.0,1500.0
INV-00545,2026-03-15,WH-02,新疆阿勒泰,铜精矿,946.5,250.0,2500.0
INV-00546,2026-03-15,WH-02,新疆阿勒泰,锌精矿,1576.6,400.0,4000.0
INV-00547,2026-03-15,WH-03,黑龙江多宝山,铜精矿,723.7,200.0,2000.0
INV-00548,2026-03-15,WH-03,黑龙江多宝山,钼精矿,167.9,100.0,800.0
INV-00549,2026-03-15,WH-04,贵州贞丰,金矿石,316.4,100.0,1000.0
INV-00550,2026-03-15,WH-04,贵州贞丰,锌精矿,927.6,300.0,2500.0
INV-00551,2026-03-15,WH-05,河南洛阳,银精矿,43.0,40.0,400.0
INV-00552,2026-03-15,WH-05,河南洛阳,钼精矿,225.3,80.0,600.0
INV-00553,2026-06-15,WH-01,福建上杭,金矿石,616.8,200.0,2000.0
INV-00554,2026-06-15,WH-01,福建上杭,铜精矿,771.1,300.0,3000.0
INV-00555,2026-06-15,WH-01,福建上杭,银精矿,60.7,50.0,500.0
INV-00556,2026-06-15,WH-02,新疆阿勒泰,金矿石,402.2,150.0,1500.0
INV-00557,2026-06-15,WH-02,新疆阿勒泰,铜精矿,889.2,250.0,2500.0
INV-00558,2026-06-15,WH-02,新疆阿勒泰,锌精矿,1411.6,400.0,4000.0
INV-00559,2026-06-15,WH-03,黑龙江多宝山,铜精矿,609.9,200.0,2000.0
INV-00560,2026-06-15,WH-03,黑龙江多宝山,钼精矿,85.9,100.0,800.0
INV-00561,2026-06-15,WH-04,贵州贞丰,金矿石,266.2,100.0,1000.0
INV-00562,2026-06-15,WH-04,贵州贞丰,锌精矿,675.4,300.0,2500.0
INV-00563,2026-06-15,WH-05,河南洛阳,银精矿,36.2,40.0,400.0
INV-00564,2026-06-15,WH-05,河南洛阳,钼精矿,145.4,80.0,600.0
INV-00565,2026-09-15,WH-01,福建上杭,金矿石,782.1,200.0,2000.0
INV-00566,2026-09-15,WH-01,福建上杭,铜精矿,1492.5,300.0,3000.0
INV-00567,2026-09-15,WH-01,福建上杭,银精矿,129.4,50.0,500.0
INV-00568,2026-09-15,WH-02,新疆阿勒泰,金矿石,506.5,150.0,1500.0
INV-00569,2026-09-15,WH-02,新疆阿勒泰,铜精矿,1128.6,250.0,2500.0
INV-00570,2026-09-15,WH-02,新疆阿勒泰,锌精矿,1736.4,400.0,4000.0
INV-00571,2026-09-15,WH-03,黑龙江多宝山,铜精矿,703.4,200.0,2000.0
INV-00572,2026-09-15,WH-03,黑龙江多宝山,钼精矿,279.8,100.0,800.0
INV-00573,2026-09-15,WH-04,贵州贞丰,金矿石,555.9,100.0,1000.0
INV-00574,2026-09-15,WH-04,贵州贞丰,锌精矿,962.7,300.0,2500.0
INV-00575,2026-09-15,WH-05,河南洛阳,银精矿,69.7,40.0,400.0
INV-00576,2026-09-15,WH-05,河南洛阳,钼精矿,272.8,80.0,600.0
INV-00577,2026-01-15,WH-01,福建上杭,金矿石,778.8,200.0,2000.0
INV-00578,2026-01-15,WH-01,福建上杭,铜精矿,1074.0,300.0,3000.0
INV-00579,2026-01-15,WH-01,福建上杭,银精矿,124.4,50.0,500.0
INV-00580,2026-01-15,WH-02,新疆阿勒泰,金矿石,694.9,150.0,1500.0
INV-00581,2026-01-15,WH-02,新疆阿勒泰,铜精矿,852.5,250.0,2500.0
INV-00582,2026-01-15,WH-02,新疆阿勒泰,锌精矿,1962.9,400.0,4000.0
INV-00583,2026-01-15,WH-03,黑龙江多宝山,铜精矿,767.4,200.0,2000.0
INV-00584,2026-01-15,WH-03,黑龙江多宝山,钼精矿,353.5,100.0,800.0
INV-00585,2026-01-15,WH-04,贵州贞丰,金矿石,360.5,100.0,1000.0
INV-00586,2026-01-15,WH-04,贵州贞丰,锌精矿,1088.8,300.0,2500.0
INV-00587,2026-01-15,WH-05,河南洛阳,银精矿,88.8,40.0,400.0
INV-00588,2026-01-15,WH-05,河南洛阳,钼精矿,255.8,80.0,600.0
INV-00589,2026-04-15,WH-01,福建上杭,金矿石,698.4,200.0,2000.0
INV-00590,2026-04-15,WH-01,福建上杭,铜精矿,865.6,300.0,3000.0
INV-00591,2026-04-15,WH-01,福建上杭,银精矿,77.1,50.0,500.0
INV-00592,2026-04-15,WH-02,新疆阿勒泰,金矿石,442.3,150.0,1500.0
INV-00593,2026-04-15,WH-02,新疆阿勒泰,铜精矿,1192.0,250.0,2500.0
INV-00594,2026-04-15,WH-02,新疆阿勒泰,锌精矿,1402.7,400.0,4000.0
INV-00595,2026-04-15,WH-03,黑龙江多宝山,铜精矿,614.5,200.0,2000.0
INV-00596,2026-04-15,WH-03,黑龙江多宝山,钼精矿,185.1,100.0,800.0
INV-00597,2026-04-15,WH-04,贵州贞丰,金矿石,310.7,100.0,1000.0
INV-00598,2026-04-15,WH-04,贵州贞丰,锌精矿,843.2,300.0,2500.0
INV-00599,2026-04-15,WH-05,河南洛阳,银精矿,39.2,40.0,400.0
INV-00600,2026-04-15,WH-05,河南洛阳,钼精矿,241.7,80.0,600.0
INV-00601,2026-07-15,WH-01,福建上杭,金矿石,516.6,200.0,2000.0
INV-00602,2026-07-15,WH-01,福建上杭,铜精矿,780.7,300.0,3000.0
INV-00603,2026-07-15,WH-01,福建上杭,银精矿,59.8,50.0,500.0
INV-00604,2026-07-15,WH-02,新疆阿勒泰,金矿石,332.7,150.0,1500.0
INV-00605,2026-07-15,WH-02,新疆阿勒泰,铜精矿,1013.8,250.0,2500.0
INV-00606,2026-07-15,WH-02,新疆阿勒泰,锌精矿,1163.2,400.0,4000.0
INV-00607,2026-07-15,WH-03,黑龙江多宝山,铜精矿,575.8,200.0,2000.0
INV-00608,2026-07-15,WH-03,黑龙江多宝山,钼精矿,104.5,100.0,800.0
INV-00609,2026-07-15,WH-04,贵州贞丰,金矿石,241.5,100.0,1000.0
INV-00610,2026-07-15,WH-04,贵州贞丰,锌精矿,658.2,300.0,2500.0
INV-00611,2026-07-15,WH-05,河南洛阳,银精矿,48.8,40.0,400.0
INV-00612,2026-07-15,WH-05,河南洛阳,钼精矿,172.4,80.0,600.0
INV-00613,2026-10-15,WH-01,福建上杭,金矿石,1030.1,200.0,2000.0
INV-00614,2026-10-15,WH-01,福建上杭,铜精矿,1192.0,300.0,3000.0
INV-00615,2026-10-15,WH-01,福建上杭,银精矿,119.0,50.0,500.0
INV-00616,2026-10-15,WH-02,新疆阿勒泰,金矿石,568.2,150.0,1500.0
INV-00617,2026-10-15,WH-02,新疆阿勒泰,铜精矿,1218.5,250.0,2500.0
INV-00618,2026-10-15,WH-02,新疆阿勒泰,锌精矿,1886.7,400.0,4000.0
INV-00619,2026-10-15,WH-03,黑龙江多宝山,铜精矿,616.7,200.0,2000.0
INV-00620,2026-10-15,WH-03,黑龙江多宝山,钼精矿,227.3,100.0,800.0
INV-00621,2026-10-15,WH-04,贵州贞丰,金矿石,448.6,100.0,1000.0
INV-00622,2026-10-15,WH-04,贵州贞丰,锌精矿,1201.9,300.0,2500.0
INV-00623,2026-10-15,WH-05,河南洛阳,银精矿,84.9,40.0,400.0
INV-00624,2026-10-15,WH-05,河南洛阳,钼精矿,358.2,80.0,600.0
INV-00625,2026-02-15,WH-01,福建上杭,金矿石,963.8,200.0,2000.0
INV-00626,2026-02-15,WH-01,福建上杭,铜精矿,1185.3,300.0,3000.0
INV-00627,2026-02-15,WH-01,福建上杭,银精矿,115.9,50.0,500.0
INV-00628,2026-02-15,WH-02,新疆阿勒泰,金矿石,603.2,150.0,1500.0
INV-00629,2026-02-15,WH-02,新疆阿勒泰,铜精矿,829.1,250.0,2500.0
INV-00630,2026-02-15,WH-02,新疆阿勒泰,锌精矿,1917.0,400.0,4000.0
INV-00631,2026-02-15,WH-03,黑龙江多宝山,铜精矿,746.2,200.0,2000.0
INV-00632,2026-02-15,WH-03,黑龙江多宝山,钼精矿,352.4,100.0,800.0
INV-00633,2026-02-15,WH-04,贵州贞丰,金矿石,407.6,100.0,1000.0
INV-00634,2026-02-15,WH-04,贵州贞丰,锌精矿,1236.1,300.0,2500.0
INV-00635,2026-02-15,WH-05,河南洛阳,银精矿,105.9,40.0,400.0
INV-00636,2026-02-15,WH-05,河南洛阳,钼精矿,284.5,80.0,600.0
INV-00637,2026-05-15,WH-01,福建上杭,金矿石,722.1,200.0,2000.0
INV-00638,2026-05-15,WH-01,福建上杭,铜精矿,995.3,300.0,3000.0
INV-00639,2026-05-15,WH-01,福建上杭,银精矿,80.7,50.0,500.0
INV-00640,2026-05-15,WH-02,新疆阿勒泰,金矿石,428.2,150.0,1500.0
INV-00641,2026-05-15,WH-02,新疆阿勒泰,铜精矿,1283.9,250.0,2500.0
INV-00642,2026-05-15,WH-02,新疆阿勒泰,锌精矿,1383.5,400.0,4000.0
INV-00643,2026-05-15,WH-03,黑龙江多宝山,铜精矿,555.8,200.0,2000.0
INV-00644,2026-05-15,WH-03,黑龙江多宝山,钼精矿,191.9,100.0,800.0
INV-00645,2026-05-15,WH-04,贵州贞丰,金矿石,301.2,100.0,1000.0
INV-00646,2026-05-15,WH-04,贵州贞丰,锌精矿,921.1,300.0,2500.0
INV-00647,2026-05-15,WH-05,河南洛阳,银精矿,42.3,40.0,400.0
INV-00648,2026-05-15,WH-05,河南洛阳,钼精矿,228.3,80.0,600.0
INV-00649,2026-08-15,WH-01,福建上杭,金矿石,625.4,200.0,2000.0
INV-00650,2026-08-15,WH-01,福建上杭,铜精矿,931.4,300.0,3000.0
INV-00651,2026-08-15,WH-01,福建上杭,银精矿,73.0,50.0,500.0
INV-00652,2026-08-15,WH-02,新疆阿勒泰,金矿石,373.5,150.0,1500.0
INV-00653,2026-08-15,WH-02,新疆阿勒泰,铜精矿,851.2,250.0,2500.0
INV-00654,2026-08-15,WH-02,新疆阿勒泰,锌精矿,1485.1,400.0,4000.0
INV-00655,2026-08-15,WH-03,黑龙江多宝山,铜精矿,644.2,200.0,2000.0
INV-00656,2026-08-15,WH-03,黑龙江多宝山,钼精矿,96.3,100.0,800.0
INV-00657,2026-08-15,WH-04,贵州贞丰,金矿石,318.2,100.0,1000.0
INV-00658,2026-08-15,WH-04,贵州贞丰,锌精矿,669.2,300.0,2500.0
INV-00659,2026-08-15,WH-05,河南洛阳,银精矿,40.4,40.0,400.0
INV-00660,2026-08-15,WH-05,河南洛阳,钼精矿,145.5,80.0,600.0
INV-00661,2026-11-15,WH-01,福建上杭,金矿石,991.8,200.0,2000.0
INV-00662,2026-11-15,WH-01,福建上杭,铜精矿,1227.5,300.0,3000.0
INV-00663,2026-11-15,WH-01,福建上杭,银精矿,109.4,50.0,500.0
INV-00664,2026-11-15,WH-02,新疆阿勒泰,金矿石,615.4,150.0,1500.0
INV-00665,2026-11-15,WH-02,新疆阿勒泰,铜精矿,1230.1,250.0,2500.0
INV-00666,2026-11-15,WH-02,新疆阿勒泰,锌精矿,1509.2,400.0,4000.0
INV-00667,2026-11-15,WH-03,黑龙江多宝山,铜精矿,817.6,200.0,2000.0
INV-00668,2026-11-15,WH-03,黑龙江多宝山,钼精矿,243.3,100.0,800.0
INV-00669,2026-11-15,WH-04,贵州贞丰,金矿石,475.8,100.0,1000.0
INV-00670,2026-11-15,WH-04,贵州贞丰,锌精矿,1024.8,300.0,2500.0
INV-00671,2026-11-15,WH-05,河南洛阳,银精矿,76.1,40.0,400.0
INV-00672,2026-11-15,WH-05,河南洛阳,钼精矿,264.6,80.0,600.0
INV-00673,2026-03-15,WH-01,福建上杭,金矿石,833.9,200.0,2000.0
INV-00674,2026-03-15,WH-01,福建上杭,铜精矿,1054.5,300.0,3000.0
INV-00675,2026-03-15,WH-01,福建上杭,银精矿,117.0,50.0,500.0
INV-00676,2026-03-15,WH-02,新疆阿勒泰,金矿石,522.5,150.0,1500.0
INV-00677,2026-03-15,WH-02,新疆阿勒泰,铜精矿,1065.1,250.0,2500.0
INV-00678,2026-03-15,WH-02,新疆阿勒泰,锌精矿,1979.2,400.0,4000.0
INV-00679,2026-03-15,WH-03,黑龙江多宝山,铜精矿,777.8,200.0,2000.0
INV-00680,2026-03-15,WH-03,黑龙江多宝山,钼精矿,375.6,100.0,800.0
INV-00681,2026-03-15,WH-04,贵州贞丰,金矿石,370.9,100.0,1000.0
INV-00682,2026-03-15,WH-04,贵州贞丰,锌精矿,988.4,300.0,2500.0
INV-00683,2026-03-15,WH-05,河南洛阳,银精矿,88.5,40.0,400.0
INV-00684,2026-03-15,WH-05,河南洛阳,钼精矿,271.4,80.0,600.0
INV-00685,2026-06-15,WH-01,福建上杭,金矿石,752.7,200.0,2000.0
INV-00686,2026-06-15,WH-01,福建上杭,铜精矿,1063.8,300.0,3000.0
INV-00687,2026-06-15,WH-01,福建上杭,银精矿,78.3,50.0,500.0
INV-00688,2026-06-15,WH-02,新疆阿勒泰,金矿石,532.2,150.0,1500.0
INV-00689,2026-06-15,WH-02,新疆阿勒泰,铜精矿,1168.1,250.0,2500.0
INV-00690,2026-06-15,WH-02,新疆阿勒泰,锌精矿,1349.7,400.0,4000.0
INV-00691,2026-06-15,WH-03,黑龙江多宝山,铜精矿,633.2,200.0,2000.0
INV-00692,2026-06-15,WH-03,黑龙江多宝山,钼精矿,206.8,100.0,800.0
INV-00693,2026-06-15,WH-04,贵州贞丰,金矿石,321.8,100.0,1000.0
INV-00694,2026-06-15,WH-04,贵州贞丰,锌精矿,1048.6,300.0,2500.0
INV-00695,2026-06-15,WH-05,河南洛阳,银精矿,38.9,40.0,400.0
INV-00696,2026-06-15,WH-05,河南洛阳,钼精矿,248.3,80.0,600.0
INV-00697,2026-09-15,WH-01,福建上杭,金矿石,590.6,200.0,2000.0
INV-00698,2026-09-15,WH-01,福建上杭,铜精矿,872.8,300.0,3000.0
INV-00699,2026-09-15,WH-01,福建上杭,银精矿,61.5,50.0,500.0
INV-00700,2026-09-15,WH-02,新疆阿勒泰,金矿石,400.0,150.0,1500.0
INV-00701,2026-09-15,WH-02,新疆阿勒泰,铜精矿,808.3,250.0,2500.0
INV-00702,2026-09-15,WH-02,新疆阿勒泰,锌精矿,1241.7,400.0,4000.0
INV-00703,2026-09-15,WH-03,黑龙江多宝山,铜精矿,608.7,200.0,2000.0
INV-00704,2026-09-15,WH-03,黑龙江多宝山,钼精矿,98.6,100.0,800.0
INV-00705,2026-09-15,WH-04,贵州贞丰,金矿石,279.4,100.0,1000.0
INV-00706,2026-09-15,WH-04,贵州贞丰,锌精矿,773.1,300.0,2500.0
INV-00707,2026-09-15,WH-05,河南洛阳,银精矿,41.3,40.0,400.0
INV-00708,2026-09-15,WH-05,河南洛阳,钼精矿,176.6,80.0,600.0
INV-00709,2026-12-15,WH-01,福建上杭,金矿石,849.3,200.0,2000.0
INV-00710,2026-12-15,WH-01,福建上杭,铜精矿,1510.0,300.0,3000.0
INV-00711,2026-12-15,WH-01,福建上杭,银精矿,126.6,50.0,500.0
INV-00712,2026-12-15,WH-02,新疆阿勒泰,金矿石,489.2,150.0,1500.0
INV-00713,2026-12-15,WH-02,新疆阿勒泰,铜精矿,1149.4,250.0,2500.0
INV-00714,2026-12-15,WH-02,新疆阿勒泰,锌精矿,1656.8,400.0,4000.0
INV-00715,2026-12-15,WH-03,黑龙江多宝山,铜精矿,735.1,200.0,2000.0
INV-00716,2026-12-15,WH-03,黑龙江多宝山,钼精矿,234.7,100.0,800.0
INV-00717,2026-12-15,WH-04,贵州贞丰,金矿石,483.3,100.0,1000.0
INV-00718,2026-12-15,WH-04,贵州贞丰,锌精矿,894.2,300.0,2500.0
INV-00719,2026-12-15,WH-05,河南洛阳,银精矿,84.8,40.0,400.0
INV-00720,2026-12-15,WH-05,河南洛阳,钼精矿,273.0,80.0,600.0
INV-00721,2026-04-15,WH-01,福建上杭,金矿石,760.3,200.0,2000.0
INV-00722,2026-04-15,WH-01,福建上杭,铜精矿,1213.9,300.0,3000.0
INV-00723,2026-04-15,WH-01,福建上杭,银精矿,130.8,50.0,500.0
INV-00724,2026-04-15,WH-02,新疆阿勒泰,金矿石,696.9,150.0,1500.0
INV-00725,2026-04-15,WH-02,新疆阿勒泰,铜精矿,1026.1,250.0,2500.0
INV-00726,2026-04-15,WH-02,新疆阿勒泰,锌精矿,1641.0,400.0,4000.0
INV-00727,2026-04-15,WH-03,黑龙江多宝山,铜精矿,823.5,200.0,2000.0
INV-00728,2026-04-15,WH-03,黑龙江多宝山,钼精矿,401.9,100.0,800.0
INV-00729,2026-04-15,WH-04,贵州贞丰,金矿石,476.4,100.0,1000.0
INV-00730,2026-04-15,WH-04,贵州贞丰,锌精矿,959.7,300.0,2500.0
INV-00731,2026-04-15,WH-05,河南洛阳,银精矿,96.5,40.0,400.0
INV-00732,2026-04-15,WH-05,河南洛阳,钼精矿,296.3,80.0,600.0
INV-00733,2026-07-15,WH-01,福建上杭,金矿石,622.0,200.0,2000.0
INV-00734,2026-07-15,WH-01,福建上杭,铜精矿,913.9,300.0,3000.0
INV-00735,2026-07-15,WH-01,福建上杭,银精矿,90.8,50.0,500.0
INV-00736,2026-07-15,WH-02,新疆阿勒泰,金矿石,427.8,150.0,1500.0
INV-00737,2026-07-15,WH-02,新疆阿勒泰,铜精矿,1289.4,250.0,2500.0
INV-00738,2026-07-15,WH-02,新疆阿勒泰,锌精矿,1478.6,400.0,4000.0
INV-00739,2026-07-15,WH-03,黑龙江多宝山,铜精矿,601.3,200.0,2000.0
INV-00740,2026-07-15,WH-03,黑龙江多宝山,钼精矿,194.7,100.0,800.0
INV-00741,2026-07-15,WH-04,贵州贞丰,金矿石,361.2,100.0,1000.0
INV-00742,2026-07-15,WH-04,贵州贞丰,锌精矿,906.3,300.0,2500.0
INV-00743,2026-07-15,WH-05,河南洛阳,银精矿,42.3,40.0,400.0
INV-00744,2026-07-15,WH-05,河南洛阳,钼精矿,222.7,80.0,600.0
INV-00745,2026-10-15,WH-01,福建上杭,金矿石,498.4,200.0,2000.0
INV-00746,2026-10-15,WH-01,福建上杭,铜精矿,780.2,300.0,3000.0
INV-00747,2026-10-15,WH-01,福建上杭,银精矿,73.0,50.0,500.0
INV-00748,2026-10-15,WH-02,新疆阿勒泰,金矿石,442.5,150.0,1500.0
INV-00749,2026-10-15,WH-02,新疆阿勒泰,铜精矿,877.9,250.0,2500.0
INV-00750,2026-10-15,WH-02,新疆阿勒泰,锌精矿,1575.4,400.0,4000.0
INV-00751,2026-10-15,WH-03,黑龙江多宝山,铜精矿,556.4,200.0,2000.0
INV-00752,2026-10-15,WH-03,黑龙江多宝山,钼精矿,96.5,100.0,800.0
INV-00753,2026-10-15,WH-04,贵州贞丰,金矿石,239.1,100.0,1000.0
INV-00754,2026-10-15,WH-04,贵州贞丰,锌精矿,765.8,300.0,2500.0
INV-00755,2026-10-15,WH-05,河南洛阳,银精矿,45.1,40.0,400.0
INV-00756,2026-10-15,WH-05,河南洛阳,钼精矿,138.2,80.0,600.0
INV-00757,2027-01-15,WH-01,福建上杭,金矿石,909.7,200.0,2000.0
INV-00758,2027-01-15,WH-01,福建上杭,铜精矿,1517.3,300.0,3000.0
INV-00759,2027-01-15,WH-01,福建上杭,银精矿,93.8,50.0,500.0
INV-00760,2027-01-15,WH-02,新疆阿勒泰,金矿石,631.5,150.0,1500.0
INV-00761,2027-01-15,WH-02,新疆阿勒泰,铜精矿,959.4,250.0,2500.0
INV-00762,2027-01-15,WH-02,新疆阿勒泰,锌精矿,1426.5,400.0,4000.0
INV-00763,2027-01-15,WH-03,黑龙江多宝山,铜精矿,808.1,200.0,2000.0
INV-00764,2027-01-15,WH-03,黑龙江多宝山,钼精矿,231.4,100.0,800.0
INV-00765,2027-01-15,WH-04,贵州贞丰,金矿石,549.0,100.0,1000.0
INV-00766,2027-01-15,WH-04,贵州贞丰,锌精矿,1116.7,300.0,2500.0
INV-00767,2027-01-15,WH-05,河南洛阳,银精矿,65.6,40.0,400.0
INV-00768,2027-01-15,WH-05,河南洛阳,钼精矿,327.0,80.0,600.0
INV-00769,2026-05-15,WH-01,福建上杭,金矿石,750.2,200.0,2000.0
INV-00770,2026-05-15,WH-01,福建上杭,铜精矿,1173.0,300.0,3000.0
INV-00771,2026-05-15,WH-01,福建上杭,银精矿,126.8,50.0,500.0
INV-00772,2026-05-15,WH-02,新疆阿勒泰,金矿石,578.5,150.0,1500.0
INV-00773,2026-05-15,WH-02,新疆阿勒泰,铜精矿,820.3,250.0,2500.0
INV-00774,2026-05-15,WH-02,新疆阿勒泰,锌精矿,1613.9,400.0,4000.0
INV-00775,2026-05-15,WH-03,黑龙江多宝山,铜精矿,700.2,200.0,2000.0
INV-00776,2026-05-15,WH-03,黑龙江多宝山,钼精矿,365.3,100.0,800.0
INV-00777,2026-05-15,WH-04,贵州贞丰,金矿石,444.2,100.0,1000.0
INV-00778,2026-05-15,WH-04,贵州贞丰,锌精矿,1154.0,300.0,2500.0
INV-00779,2026-05-15,WH-05,河南洛阳,银精矿,87.7,40.0,400.0
INV-00780,2026-05-15,WH-05,河南洛阳,钼精矿,240.5,80.0,600.0
INV-00781,2026-08-15,WH-01,福建上杭,金矿石,714.6,200.0,2000.0
INV-00782,2026-08-15,WH-01,福建上杭,铜精矿,1051.2,300.0,3000.0
INV-00783,2026-08-15,WH-01,福建上杭,银精矿,95.6,50.0,500.0
INV-00784,2026-08-15,WH-02,新疆阿勒泰,金矿石,427.4,150.0,1500.0
INV-00785,2026-08-15,WH-02,新疆阿勒泰,铜精矿,1065.5,250.0,2500.0
INV-00786,2026-08-15,WH-02,新疆阿勒泰,锌精矿,1684.1,400.0,4000.0
INV-00787,2026-08-15,WH-03,黑龙江多宝山,铜精矿,673.8,200.0,2000.0
INV-00788,2026-08-15,WH-03,黑龙江多宝山,钼精矿,188.0,100.0,800.0
INV-00789,2026-08-15,WH-04,贵州贞丰,金矿石,333.4,100.0,1000.0
INV-00790,2026-08-15,WH-04,贵州贞丰,锌精矿,778.2,300.0,2500.0
INV-00791,2026-08-15,WH-05,河南洛阳,银精矿,42.0,40.0,400.0
INV-00792,2026-08-15,WH-05,河南洛阳,钼精矿,192.6,80.0,600.0
INV-00793,2026-11-15,WH-01,福建上杭,金矿石,675.9,200.0,2000.0
INV-00794,2026-11-15,WH-01,福建上杭,铜精矿,803.7,300.0,3000.0
INV-00795,2026-11-15,WH-01,福建上杭,银精矿,74.4,50.0,500.0
INV-00796,2026-11-15,WH-02,新疆阿勒泰,金矿石,396.8,150.0,1500.0
INV-00797,2026-11-15,WH-02,新疆阿勒泰,铜精矿,1078.8,250.0,2500.0
INV-00798,2026-11-15,WH-02,新疆阿勒泰,锌精矿,1304.9,400.0,4000.0
INV-00799,2026-11-15,WH-03,黑龙江多宝山,铜精矿,516.8,200.0,2000.0
INV-00800,2026-11-15,WH-03,黑龙江多宝山,钼精矿,98.2,100.0,800.0
INV-00801,2026-11-15,WH-04,贵州贞丰,金矿石,255.8,100.0,1000.0
INV-00802,2026-11-15,WH-04,贵州贞丰,锌精矿,874.5,300.0,2500.0
INV-00803,2026-11-15,WH-05,河南洛阳,银精矿,46.8,40.0,400.0
INV-00804,2026-11-15,WH-05,河南洛阳,钼精矿,176.4,80.0,600.0
INV-00805,2027-02-15,WH-01,福建上杭,金矿石,856.0,200.0,2000.0
INV-00806,2027-02-15,WH-01,福建上杭,铜精矿,1588.9,300.0,3000.0
INV-00807,2027-02-15,WH-01,福建上杭,银精矿,94.0,50.0,500.0
INV-00808,2027-02-15,WH-02,新疆阿勒泰,金矿石,476.2,150.0,1500.0
INV-00809,2027-02-15,WH-02,新疆阿勒泰,铜精矿,1081.8,250.0,2500.0
INV-00810,2027-02-15,WH-02,新疆阿勒泰,锌精矿,1480.9,400.0,4000.0
INV-00811,2027-02-15,WH-03,黑龙江多宝山,铜精矿,635.3,200.0,2000.0
INV-00812,2027-02-15,WH-03,黑龙江多宝山,钼精矿,294.6,100.0,800.0
INV-00813,2027-02-15,WH-04,贵州贞丰,金矿石,558.3,100.0,1000.0
INV-00814,2027-02-15,WH-04,贵州贞丰,锌精矿,1017.1,300.0,2500.0
INV-00815,2027-02-15,WH-05,河南洛阳,银精矿,69.2,40.0,400.0
INV-00816,2027-02-15,WH-05,河南洛阳,钼精矿,304.5,80.0,600.0
INV-00817,2026-06-15,WH-01,福建上杭,金矿石,957.2,200.0,2000.0
INV-00818,2026-06-15,WH-01,福建上杭,铜精矿,1127.8,300.0,3000.0
INV-00819,2026-06-15,WH-01,福建上杭,银精矿,104.8,50.0,500.0
INV-00820,2026-06-15,WH-02,新疆阿勒泰,金矿石,553.0,150.0,1500.0
INV-00821,2026-06-15,WH-02,新疆阿勒泰,铜精矿,1009.5,250.0,2500.0
INV-00822,2026-06-15,WH-02,新疆阿勒泰,锌精矿,1611.7,400.0,4000.0
INV-00823,2026-06-15,WH-03,黑龙江多宝山,铜精矿,720.2,200.0,2000.0
INV-00824,2026-06-15,WH-03,黑龙江多宝山,钼精矿,402.6,100.0,800.0
INV-00825,2026-06-15,WH-04,贵州贞丰,金矿石,371.3,100.0,1000.0
INV-00826,2026-06-15,WH-04,贵州贞丰,锌精矿,1231.6,300.0,2500.0
INV-00827,2026-06-15,WH-05,河南洛阳,银精矿,85.5,40.0,400.0
INV-00828,2026-06-15,WH-05,河南洛阳,钼精矿,265.7,80.0,600.0
INV-00829,2026-09-15,WH-01,福建上杭,金矿石,740.6,200.0,2000.0
INV-00830,2026-09-15,WH-01,福建上杭,铜精矿,881.9,300.0,3000.0
INV-00831,2026-09-15,WH-01,福建上杭,银精矿,93.3,50.0,500.0
INV-00832,2026-09-15,WH-02,新疆阿勒泰,金矿石,450.8,150.0,1500.0
INV-00833,2026-09-15,WH-02,新疆阿勒泰,铜精矿,1029.7,250.0,2500.0
INV-00834,2026-09-15,WH-02,新疆阿勒泰,锌精矿,1570.6,400.0,4000.0
INV-00835,2026-09-15,WH-03,黑龙江多宝山,铜精矿,657.0,200.0,2000.0
INV-00836,2026-09-15,WH-03,黑龙江多宝山,钼精矿,169.4,100.0,800.0
INV-00837,2026-09-15,WH-04,贵州贞丰,金矿石,376.7,100.0,1000.0
INV-00838,2026-09-15,WH-04,贵州贞丰,锌精矿,803.0,300.0,2500.0
INV-00839,2026-09-15,WH-05,河南洛阳,银精矿,40.9,40.0,400.0
INV-00840,2026-09-15,WH-05,河南洛阳,钼精矿,200.4,80.0,600.0
INV-00841,2026-12-15,WH-01,福建上杭,金矿石,611.7,200.0,2000.0
INV-00842,2026-12-15,WH-01,福建上杭,铜精矿,765.4,300.0,3000.0
INV-00843,2026-12-15,WH-01,福建上杭,银精矿,76.6,50.0,500.0
INV-00844,2026-12-15,WH-02,新疆阿勒泰,金矿石,331.5,150.0,1500.0
INV-00845,2026-12-15,WH-02,新疆阿勒泰,铜精矿,852.1,250.0,2500.0
INV-00846,2026-12-15,WH-02,新疆阿勒泰,锌精矿,1281.8,400.0,4000.0
INV-00847,2026-12-15,WH-03,黑龙江多宝山,铜精矿,518.4,200.0,2000.0
INV-00848,2026-12-15,WH-03,黑龙江多宝山,钼精矿,91.9,100.0,800.0
INV-00849,2026-12-15,WH-04,贵州贞丰,金矿石,242.0,100.0,1000.0
INV-00850,2026-12-15,WH-04,贵州贞丰,锌精矿,784.1,300.0,2500.0
INV-00851,2026-12-15,WH-05,河南洛阳,银精矿,40.6,40.0,400.0
INV-00852,2026-12-15,WH-05,河南洛阳,钼精矿,131.0,80.0,600.0
INV-00853,2027-03-15,WH-01,福建上杭,金矿石,989.8,200.0,2000.0
INV-00854,2027-03-15,WH-01,福建上杭,铜精矿,1324.9,300.0,3000.0
INV-00855,2027-03-15,WH-01,福建上杭,银精矿,117.2,50.0,500.0
INV-00856,2027-03-15,WH-02,新疆阿勒泰,金矿石,529.2,150.0,1500.0
INV-00857,2027-03-15,WH-02,新疆阿勒泰,铜精矿,1200.6,250.0,2500.0
INV-00858,2027-03-15,WH-02,新疆阿勒泰,锌精矿,1455.4,400.0,4000.0
INV-00859,2027-03-15,WH-03,黑龙江多宝山,铜精矿,667.3,200.0,2000.0
INV-00860,2027-03-15,WH-03,黑龙江多宝山,钼精矿,215.3,100.0,800.0
INV-00861,2027-03-15,WH-04,贵州贞丰,金矿石,451.7,100.0,1000.0
INV-00862,2027-03-15,WH-04,贵州贞丰,锌精矿,893.3,300.0,2500.0
INV-00863,2027-03-15,WH-05,河南洛阳,银精矿,65.0,40.0,400.0
INV-00864,2027-03-15,WH-05,河南洛阳,钼精矿,325.5,80.0,600.0
INV-00865,2026-07-15,WH-01,福建上杭,金矿石,992.0,200.0,2000.0
INV-00866,2026-07-15,WH-01,福建上杭,铜精矿,1323.3,300.0,3000.0
INV-00867,2026-07-15,WH-01,福建上杭,银精矿,140.2,50.0,500.0
INV-00868,2026-07-15,WH-02,新疆阿勒泰,金矿石,649.8,150.0,1500.0
INV-00869,2026-07-15,WH-02,新疆阿勒泰,铜精矿,1082.0,250.0,2500.0
INV-00870,2026-07-15,WH-02,新疆阿勒泰,锌精矿,1540.8,400.0,4000.0
INV-00871,2026-07-15,WH-03,黑龙江多宝山,铜精矿,711.4,200.0,2000.0
INV-00872,2026-07-15,WH-03,黑龙江多宝山,钼精矿,338.7,100.0,800.0
INV-00873,2026-07-15,WH-04,贵州贞丰,金矿石,388.9,100.0,1000.0
INV-00874,2026-07-15,WH-04,贵州贞丰,锌精矿,947.9,300.0,2500.0
INV-00875,2026-07-15,WH-05,河南洛阳,银精矿,93.6,40.0,400.0
INV-00876,2026-07-15,WH-05,河南洛阳,钼精矿,257.9,80.0,600.0
INV-00877,2026-10-15,WH-01,福建上杭,金矿石,686.4,200.0,2000.0
INV-00878,2026-10-15,WH-01,福建上杭,铜精矿,930.2,300.0,3000.0
INV-00879,2026-10-15,WH-01,福建上杭,银精矿,96.9,50.0,500.0
INV-00880,2026-10-15,WH-02,新疆阿勒泰,金矿石,420.5,150.0,1500.0
INV-00881,2026-10-15,WH-02,新疆阿勒泰,铜精矿,1093.9,250.0,2500.0
INV-00882,2026-10-15,WH-02,新疆阿勒泰,锌精矿,1474.3,400.0,4000.0
INV-00883,2026-10-15,WH-03,黑龙江多宝山,铜精矿,625.4,200.0,2000.0
INV-00884,2026-10-15,WH-03,黑龙江多宝山,钼精矿,203.8,100.0,800.0
INV-00885,2026-10-15,WH-04,贵州贞丰,金矿石,373.7,100.0,1000.0
INV-00886,2026-10-15,WH-04,贵州贞丰,锌精矿,913.2,300.0,2500.0
INV-00887,2026-10-15,WH-05,河南洛阳,银精矿,41.1,40.0,400.0
INV-00888,2026-10-15,WH-05,河南洛阳,钼精矿,250.3,80.0,600.0
INV-00889,2027-01-15,WH-01,福建上杭,金矿石,661.8,200.0,2000.0
INV-00890,2027-01-15,WH-01,福建上杭,铜精矿,774.2,300.0,3000.0
INV-00891,2027-01-15,WH-01,福建上杭,银精矿,72.0,50.0,500.0
INV-00892,2027-01-15,WH-02,新疆阿勒泰,金矿石,442.7,150.0,1500.0
INV-00893,2027-01-15,WH-02,新疆阿勒泰,铜精矿,1021.9,250.0,2500.0
INV-00894,2027-01-15,WH-02,新疆阿勒泰,锌精矿,1474.6,400.0,4000.0
INV-00895,2027-01-15,WH-03,黑龙江多宝山,铜精矿,565.3,200.0,2000.0
INV-00896,2027-01-15,WH-03,黑龙江多宝山,钼精矿,90.0,100.0,800.0
INV-00897,2027-01-15,WH-04,贵州贞丰,金矿石,295.6,100.0,1000.0
INV-00898,2027-01-15,WH-04,贵州贞丰,锌精矿,687.6,300.0,2500.0
INV-00899,2027-01-15,WH-05,河南洛阳,银精矿,44.7,40.0,400.0
INV-00900,2027-01-15,WH-05,河南洛阳,钼精矿,149.9,80.0,600.0
INV-00901,2027-04-15,WH-01,福建上杭,金矿石,1076.5,200.0,2000.0
INV-00902,2027-04-15,WH-01,福建上杭,铜精矿,1301.0,300.0,3000.0
INV-00903,2027-04-15,WH-01,福建上杭,银精矿,124.4,50.0,500.0
INV-00904,2027-04-15,WH-02,新疆阿勒泰,金矿石,586.6,150.0,1500.0
INV-00905,2027-04-15,WH-02,新疆阿勒泰,铜精矿,1139.3,250.0,2500.0
INV-00906,2027-04-15,WH-02,新疆阿勒泰,锌精矿,1650.0,400.0,4000.0
INV-00907,2027-04-15,WH-03,黑龙江多宝山,铜精矿,739.2,200.0,2000.0
INV-00908,2027-04-15,WH-03,黑龙江多宝山,钼精矿,265.0,100.0,800.0
INV-00909,2027-04-15,WH-04,贵州贞丰,金矿石,488.5,100.0,1000.0
INV-00910,2027-04-15,WH-04,贵州贞丰,锌精矿,930.1,300.0,2500.0
INV-00911,2027-04-15,WH-05,河南洛阳,银精矿,70.6,40.0,400.0
INV-00912,2027-04-15,WH-05,河南洛阳,钼精矿,343.9,80.0,600.0
INV-00913,2026-08-15,WH-01,福建上杭,金矿石,756.8,200.0,2000.0
INV-00914,2026-08-15,WH-01,福建上杭,铜精矿,1020.2,300.0,3000.0
INV-00915,2026-08-15,WH-01,福建上杭,银精矿,140.7,50.0,500.0
INV-00916,2026-08-15,WH-02,新疆阿勒泰,金矿石,635.0,150.0,1500.0
INV-00917,2026-08-15,WH-02,新疆阿勒泰,铜精矿,1081.2,250.0,2500.0
INV-00918,2026-08-15,WH-02,新疆阿勒泰,锌精矿,1713.0,400.0,4000.0
INV-00919,2026-08-15,WH-03,黑龙江多宝山,铜精矿,754.6,200.0,2000.0
INV-00920,2026-08-15,WH-03,黑龙江多宝山,钼精矿,362.5,100.0,800.0
INV-00921,2026-08-15,WH-04,贵州贞丰,金矿石,472.3,100.0,1000.0
INV-00922,2026-08-15,WH-04,贵州贞丰,锌精矿,1026.1,300.0,2500.0
INV-00923,2026-08-15,WH-05,河南洛阳,银精矿,101.5,40.0,400.0
INV-00924,2026-08-15,WH-05,河南洛阳,钼精矿,248.1,80.0,600.0
INV-00925,2026-11-15,WH-01,福建上杭,金矿石,616.6,200.0,2000.0
INV-00926,2026-11-15,WH-01,福建上杭,铜精矿,833.5,300.0,3000.0
INV-00927,2026-11-15,WH-01,福建上杭,银精矿,78.5,50.0,500.0
INV-00928,2026-11-15,WH-02,新疆阿勒泰,金矿石,412.4,150.0,1500.0
INV-00929,2026-11-15,WH-02,新疆阿勒泰,铜精矿,1264.5,250.0,2500.0
INV-00930,2026-11-15,WH-02,新疆阿勒泰,锌精矿,1495.4,400.0,4000.0
INV-00931,2026-11-15,WH-03,黑龙江多宝山,铜精矿,527.4,200.0,2000.0
INV-00932,2026-11-15,WH-03,黑龙江多宝山,钼精矿,159.5,100.0,800.0
INV-00933,2026-11-15,WH-04,贵州贞丰,金矿石,393.7,100.0,1000.0
INV-00934,2026-11-15,WH-04,贵州贞丰,锌精矿,868.1,300.0,2500.0
INV-00935,2026-11-15,WH-05,河南洛阳,银精矿,34.7,40.0,400.0
INV-00936,2026-11-15,WH-05,河南洛阳,钼精矿,246.8,80.0,600.0
INV-00937,2027-02-15,WH-01,福建上杭,金矿石,553.6,200.0,2000.0
INV-00938,2027-02-15,WH-01,福建上杭,铜精矿,725.1,300.0,3000.0
INV-00939,2027-02-15,WH-01,福建上杭,银精矿,76.0,50.0,500.0
INV-00940,2027-02-15,WH-02,新疆阿勒泰,金矿石,392.5,150.0,1500.0
INV-00941,2027-02-15,WH-02,新疆阿勒泰,铜精矿,861.2,250.0,2500.0
INV-00942,2027-02-15,WH-02,新疆阿勒泰,锌精矿,1315.1,400.0,4000.0
INV-00943,2027-02-15,WH-03,黑龙江多宝山,铜精矿,533.7,200.0,2000.0
INV-00944,2027-02-15,WH-03,黑龙江多宝山,钼精矿,92.5,100.0,800.0
INV-00945,2027-02-15,WH-04,贵州贞丰,金矿石,244.7,100.0,1000.0
INV-00946,2027-02-15,WH-04,贵州贞丰,锌精矿,757.2,300.0,2500.0
INV-00947,2027-02-15,WH-05,河南洛阳,银精矿,41.7,40.0,400.0
INV-00948,2027-02-15,WH-05,河南洛阳,钼精矿,142.4,80.0,600.0
INV-00949,2027-05-15,WH-01,福建上杭,金矿石,822.1,200.0,2000.0
INV-00950,2027-05-15,WH-01,福建上杭,铜精矿,1393.1,300.0,3000.0
INV-00951,2027-05-15,WH-01,福建上杭,银精矿,121.1,50.0,500.0
INV-00952,2027-05-15,WH-02,新疆阿勒泰,金矿石,638.8,150.0,1500.0
INV-00953,2027-05-15,WH-02,新疆阿勒泰,铜精矿,1148.9,250.0,2500.0
INV-00954,2027-05-15,WH-02,新疆阿勒泰,锌精矿,1513.9,400.0,4000.0
INV-00955,2027-05-15,WH-03,黑龙江多宝山,铜精矿,681.0,200.0,2000.0
INV-00956,2027-05-15,WH-03,黑龙江多宝山,钼精矿,283.7,100.0,800.0
INV-00957,2027-05-15,WH-04,贵州贞丰,金矿石,411.1,100.0,1000.0
INV-00958,2027-05-15,WH-04,贵州贞丰,锌精矿,1211.9,300.0,2500.0
INV-00959,2027-05-15,WH-05,河南洛阳,银精矿,74.8,40.0,400.0
INV-00960,2027-05-15,WH-05,河南洛阳,钼精矿,356.9,80.0,600.0
INV-00961,2026-09-15,WH-01,福建上杭,金矿石,884.9,200.0,2000.0
INV-00962,2026-09-15,WH-01,福建上杭,铜精矿,1307.5,300.0,3000.0
INV-00963,2026-09-15,WH-01,福建上杭,银精矿,104.0,50.0,500.0
INV-00964,2026-09-15,WH-02,新疆阿勒泰,金矿石,518.0,150.0,1500.0
INV-00965,2026-09-15,WH-02,新疆阿勒泰,铜精矿,952.6,250.0,2500.0
INV-00966,2026-09-15,WH-02,新疆阿勒泰,锌精矿,1881.6,400.0,4000.0
INV-00967,2026-09-15,WH-03,黑龙江多宝山,铜精矿,844.6,200.0,2000.0
INV-00968,2026-09-15,WH-03,黑龙江多宝山,钼精矿,356.9,100.0,800.0
INV-00969,2026-09-15,WH-04,贵州贞丰,金矿石,473.5,100.0,1000.0
INV-00970,2026-09-15,WH-04,贵州贞丰,锌精矿,943.3,300.0,2500.0
INV-00971,2026-09-15,WH-05,河南洛阳,银精矿,99.4,40.0,400.0
INV-00972,2026-09-15,WH-05,河南洛阳,钼精矿,272.4,80.0,600.0
INV-00973,2026-12-15,WH-01,福建上杭,金矿石,751.4,200.0,2000.0
INV-00974,2026-12-15,WH-01,福建上杭,铜精矿,930.0,300.0,3000.0
INV-00975,2026-12-15,WH-01,福建上杭,银精矿,78.9,50.0,500.0
INV-00976,2026-12-15,WH-02,新疆阿勒泰,金矿石,549.9,150.0,1500.0
INV-00977,2026-12-15,WH-02,新疆阿勒泰,铜精矿,1231.2,250.0,2500.0
INV-00978,2026-12-15,WH-02,新疆阿勒泰,锌精矿,1606.6,400.0,4000.0
INV-00979,2026-12-15,WH-03,黑龙江多宝山,铜精矿,679.5,200.0,2000.0
INV-00980,2026-12-15,WH-03,黑龙江多宝山,钼精矿,172.3,100.0,800.0
INV-00981,2026-12-15,WH-04,贵州贞丰,金矿石,355.0,100.0,1000.0
INV-00982,2026-12-15,WH-04,贵州贞丰,锌精矿,811.0,300.0,2500.0
INV-00983,2026-12-15,WH-05,河南洛阳,银精矿,39.3,40.0,400.0
INV-00984,2026-12-15,WH-05,河南洛阳,钼精矿,200.8,80.0,600.0
INV-00985,2027-03-15,WH-01,福建上杭,金矿石,562.0,200.0,2000.0
INV-00986,2027-03-15,WH-01,福建上杭,铜精矿,965.0,300.0,3000.0
INV-00987,2027-03-15,WH-01,福建上杭,银精矿,66.2,50.0,500.0
INV-00988,2027-03-15,WH-02,新疆阿勒泰,金矿石,386.3,150.0,1500.0
INV-00989,2027-03-15,WH-02,新疆阿勒泰,铜精矿,800.3,250.0,2500.0
INV-00990,2027-03-15,WH-02,新疆阿勒泰,锌精矿,1335.3,400.0,4000.0
INV-00991,2027-03-15,WH-03,黑龙江多宝山,铜精矿,482.8,200.0,2000.0
INV-00992,2027-03-15,WH-03,黑龙江多宝山,钼精矿,94.8,100.0,800.0
INV-00993,2027-03-15,WH-04,贵州贞丰,金矿石,247.3,100.0,1000.0
INV-00994,2027-03-15,WH-04,贵州贞丰,锌精矿,644.5,300.0,2500.0
INV-00995,2027-03-15,WH-05,河南洛阳,银精矿,46.9,40.0,400.0
INV-00996,2027-03-15,WH-05,河南洛阳,钼精矿,160.4,80.0,600.0
INV-00997,2027-06-15,WH-01,福建上杭,金矿石,872.0,200.0,2000.0
INV-00998,2027-06-15,WH-01,福建上杭,铜精矿,1208.1,300.0,3000.0
INV-00999,2027-06-15,WH-01,福建上杭,银精矿,124.2,50.0,500.0
INV-01000,2027-06-15,WH-02,新疆阿勒泰,金矿石,479.2,150.0,1500.0
INV-01001,2027-06-15,WH-02,新疆阿勒泰,铜精矿,1265.5,250.0,2500.0
INV-01002,2027-06-15,WH-02,新疆阿勒泰,锌精矿,1728.5,400.0,4000.0
INV-01003,2027-06-15,WH-03,黑龙江多宝山,铜精矿,820.6,200.0,2000.0
INV-01004,2027-06-15,WH-03,黑龙江多宝山,钼精矿,264.9,100.0,800.0
INV-01005,2027-06-15,WH-04,贵州贞丰,金矿石,506.8,100.0,1000.0
INV-01006,2027-06-15,WH-04,贵州贞丰,锌精矿,988.1,300.0,2500.0
INV-01007,2027-06-15,WH-05,河南洛阳,银精矿,84.2,40.0,400.0
INV-01008,2027-06-15,WH-05,河南洛阳,钼精矿,322.9,80.0,600.0
INV-01009,2026-10-15,WH-01,福建上杭,金矿石,772.0,200.0,2000.0
INV-01010,2026-10-15,WH-01,福建上杭,铜精矿,1301.6,300.0,3000.0
INV-01011,2026-10-15,WH-01,福建上杭,银精矿,130.3,50.0,500.0
INV-01012,2026-10-15,WH-02,新疆阿勒泰,金矿石,530.5,150.0,1500.0
INV-01013,2026-10-15,WH-02,新疆阿勒泰,铜精矿,1086.6,250.0,2500.0
INV-01014,2026-10-15,WH-02,新疆阿勒泰,锌精矿,1841.4,400.0,4000.0
INV-01015,2026-10-15,WH-03,黑龙江多宝山,铜精矿,850.2,200.0,2000.0
INV-01016,2026-10-15,WH-03,黑龙江多宝山,钼精矿,317.6,100.0,800.0
INV-01017,2026-10-15,WH-04,贵州贞丰,金矿石,482.0,100.0,1000.0
INV-01018,2026-10-15,WH-04,贵州贞丰,锌精矿,980.8,300.0,2500.0
INV-01019,2026-10-15,WH-05,河南洛阳,银精矿,106.5,40.0,400.0
INV-01020,2026-10-15,WH-05,河南洛阳,钼精矿,311.9,80.0,600.0
INV-01021,2027-01-15,WH-01,福建上杭,金矿石,705.5,200.0,2000.0
INV-01022,2027-01-15,WH-01,福建上杭,铜精矿,856.9,300.0,3000.0
INV-01023,2027-01-15,WH-01,福建上杭,银精矿,94.5,50.0,500.0
INV-01024,2027-01-15,WH-02,新疆阿勒泰,金矿石,559.1,150.0,1500.0
INV-01025,2027-01-15,WH-02,新疆阿勒泰,铜精矿,1194.2,250.0,2500.0
INV-01026,2027-01-15,WH-02,新疆阿勒泰,锌精矿,1680.9,400.0,4000.0
INV-01027,2027-01-15,WH-03,黑龙江多宝山,铜精矿,644.3,200.0,2000.0
INV-01028,2027-01-15,WH-03,黑龙江多宝山,钼精矿,153.4,100.0,800.0
INV-01029,2027-01-15,WH-04,贵州贞丰,金矿石,407.0,100.0,1000.0
INV-01030,2027-01-15,WH-04,贵州贞丰,锌精矿,979.6,300.0,2500.0
INV-01031,2027-01-15,WH-05,河南洛阳,银精矿,37.3,40.0,400.0
INV-01032,2027-01-15,WH-05,河南洛阳,钼精矿,243.8,80.0,600.0
INV-01033,2027-04-15,WH-01,福建上杭,金矿石,597.4,200.0,2000.0
INV-01034,2027-04-15,WH-01,福建上杭,铜精矿,905.1,300.0,3000.0
INV-01035,2027-04-15,WH-01,福建上杭,银精矿,59.9,50.0,500.0
INV-01036,2027-04-15,WH-02,新疆阿勒泰,金矿石,357.1,150.0,1500.0
INV-01037,2027-04-15,WH-02,新疆阿勒泰,铜精矿,933.1,250.0,2500.0
INV-01038,2027-04-15,WH-02,新疆阿勒泰,锌精矿,1462.0,400.0,4000.0
INV-01039,2027-04-15,WH-03,黑龙江多宝山,铜精矿,485.5,200.0,2000.0
INV-01040,2027-04-15,WH-03,黑龙江多宝山,钼精矿,76.9,100.0,800.0
INV-01041,2027-04-15,WH-04,贵州贞丰,金矿石,307.4,100.0,1000.0
INV-01042,2027-04-15,WH-04,贵州贞丰,锌精矿,784.2,300.0,2500.0
INV-01043,2027-04-15,WH-05,河南洛阳,银精矿,38.8,40.0,400.0
INV-01044,2027-04-15,WH-05,河南洛阳,钼精矿,138.8,80.0,600.0
INV-01045,2027-07-15,WH-01,福建上杭,金矿石,975.6,200.0,2000.0
INV-01046,2027-07-15,WH-01,福建上杭,铜精矿,1536.5,300.0,3000.0
INV-01047,2027-07-15,WH-01,福建上杭,银精矿,124.3,50.0,500.0
INV-01048,2027-07-15,WH-02,新疆阿勒泰,金矿石,518.8,150.0,1500.0
INV-01049,2027-07-15,WH-02,新疆阿勒泰,铜精矿,1106.6,250.0,2500.0
INV-01050,2027-07-15,WH-02,新疆阿勒泰,锌精矿,1821.5,400.0,4000.0
INV-01051,2027-07-15,WH-03,黑龙江多宝山,铜精矿,795.6,200.0,2000.0
INV-01052,2027-07-15,WH-03,黑龙江多宝山,钼精矿,224.4,100.0,800.0
INV-01053,2027-07-15,WH-04,贵州贞丰,金矿石,456.7,100.0,1000.0
INV-01054,2027-07-15,WH-04,贵州贞丰,锌精矿,1153.2,300.0,2500.0
INV-01055,2027-07-15,WH-05,河南洛阳,银精矿,75.9,40.0,400.0
INV-01056,2027-07-15,WH-05,河南洛阳,钼精矿,298.1,80.0,600.0
INV-01057,2026-11-15,WH-01,福建上杭,金矿石,900.1,200.0,2000.0
INV-01058,2026-11-15,WH-01,福建上杭,铜精矿,1092.2,300.0,3000.0
INV-01059,2026-11-15,WH-01,福建上杭,银精矿,140.1,50.0,500.0
INV-01060,2026-11-15,WH-02,新疆阿勒泰,金矿石,524.6,150.0,1500.0
INV-01061,2026-11-15,WH-02,新疆阿勒泰,铜精矿,1070.4,250.0,2500.0
INV-01062,2026-11-15,WH-02,新疆阿勒泰,锌精矿,1979.7,400.0,4000.0
INV-01063,2026-11-15,WH-03,黑龙江多宝山,铜精矿,677.1,200.0,2000.0
INV-01064,2026-11-15,WH-03,黑龙江多宝山,钼精矿,332.3,100.0,800.0
INV-01065,2026-11-15,WH-04,贵州贞丰,金矿石,383.9,100.0,1000.0
INV-01066,2026-11-15,WH-04,贵州贞丰,锌精矿,1009.6,300.0,2500.0
INV-01067,2026-11-15,WH-05,河南洛阳,银精矿,102.9,40.0,400.0
INV-01068,2026-11-15,WH-05,河南洛阳,钼精矿,241.8,80.0,600.0
INV-01069,2027-02-15,WH-01,福建上杭,金矿石,741.5,200.0,2000.0
INV-01070,2027-02-15,WH-01,福建上杭,铜精矿,1045.0,300.0,3000.0
INV-01071,2027-02-15,WH-01,福建上杭,银精矿,75.5,50.0,500.0
INV-01072,2027-02-15,WH-02,新疆阿勒泰,金矿石,522.7,150.0,1500.0
INV-01073,2027-02-15,WH-02,新疆阿勒泰,铜精矿,973.2,250.0,2500.0
INV-01074,2027-02-15,WH-02,新疆阿勒泰,锌精矿,1435.7,400.0,4000.0
INV-01075,2027-02-15,WH-03,黑龙江多宝山,铜精矿,639.3,200.0,2000.0
INV-01076,2027-02-15,WH-03,黑龙江多宝山,钼精矿,198.2,100.0,800.0
INV-01077,2027-02-15,WH-04,贵州贞丰,金矿石,357.0,100.0,1000.0
INV-01078,2027-02-15,WH-04,贵州贞丰,锌精矿,770.7,300.0,2500.0
INV-01079,2027-02-15,WH-05,河南洛阳,银精矿,44.8,40.0,400.0
INV-01080,2027-02-15,WH-05,河南洛阳,钼精矿,235.1,80.0,600.0
INV-01081,2027-05-15,WH-01,福建上杭,金矿石,655.7,200.0,2000.0
INV-01082,2027-05-15,WH-01,福建上杭,铜精矿,820.1,300.0,3000.0
INV-01083,2027-05-15,WH-01,福建上杭,银精矿,60.5,50.0,500.0
INV-01084,2027-05-15,WH-02,新疆阿勒泰,金矿石,413.6,150.0,1500.0
INV-01085,2027-05-15,WH-02,新疆阿勒泰,铜精矿,1013.0,250.0,2500.0
INV-01086,2027-05-15,WH-02,新疆阿勒泰,锌精矿,1575.6,400.0,4000.0
INV-01087,2027-05-15,WH-03,黑龙江多宝山,铜精矿,587.3,200.0,2000.0
INV-01088,2027-05-15,WH-03,黑龙江多宝山,钼精矿,83.8,100.0,800.0
INV-01089,2027-05-15,WH-04,贵州贞丰,金矿石,260.1,100.0,1000.0
INV-01090,2027-05-15,WH-04,贵州贞丰,锌精矿,696.9,300.0,2500.0
INV-01091,2027-05-15,WH-05,河南洛阳,银精矿,46.9,40.0,400.0
INV-01092,2027-05-15,WH-05,河南洛阳,钼精矿,146.4,80.0,600.0
INV-01093,2027-08-15,WH-01,福建上杭,金矿石,854.4,200.0,2000.0
INV-01094,2027-08-15,WH-01,福建上杭,铜精矿,1556.7,300.0,3000.0
INV-01095,2027-08-15,WH-01,福建上杭,银精矿,98.5,50.0,500.0
INV-01096,2027-08-15,WH-02,新疆阿勒泰,金矿石,498.4,150.0,1500.0
INV-01097,2027-08-15,WH-02,新疆阿勒泰,铜精矿,1150.3,250.0,2500.0
INV-01098,2027-08-15,WH-02,新疆阿勒泰,锌精矿,1701.6,400.0,4000.0
INV-01099,2027-08-15,WH-03,黑龙江多宝山,铜精矿,810.6,200.0,2000.0
INV-01100,2027-08-15,WH-03,黑龙江多宝山,钼精矿,222.6,100.0,800.0
INV-01101,2027-08-15,WH-04,贵州贞丰,金矿石,550.1,100.0,1000.0
INV-01102,2027-08-15,WH-04,贵州贞丰,锌精矿,1187.2,300.0,2500.0
INV-01103,2027-08-15,WH-05,河南洛阳,银精矿,81.5,40.0,400.0
INV-01104,2027-08-15,WH-05,河南洛阳,钼精矿,277.5,80.0,600.0
INV-01105,2026-12-15,WH-01,福建上杭,金矿石,821.1,200.0,2000.0
INV-01106,2026-12-15,WH-01,福建上杭,铜精矿,1243.4,300.0,3000.0
INV-01107,2026-12-15,WH-01,福建上杭,银精矿,125.0,50.0,500.0
INV-01108,2026-12-15,WH-02,新疆阿勒泰,金矿石,610.9,150.0,1500.0
INV-01109,2026-12-15,WH-02,新疆阿勒泰,铜精矿,857.8,250.0,2500.0
INV-01110,2026-12-15,WH-02,新疆阿勒泰,锌精矿,1600.6,400.0,4000.0
INV-01111,2026-12-15,WH-03,黑龙江多宝山,铜精矿,842.3,200.0,2000.0
INV-01112,2026-12-15,WH-03,黑龙江多宝山,钼精矿,400.3,100.0,800.0
INV-01113,2026-12-15,WH-04,贵州贞丰,金矿石,476.6,100.0,1000.0
INV-01114,2026-12-15,WH-04,贵州贞丰,锌精矿,1291.6,300.0,2500.0
INV-01115,2026-12-15,WH-05,河南洛阳,银精矿,90.3,40.0,400.0
INV-01116,2026-12-15,WH-05,河南洛阳,钼精矿,319.0,80.0,600.0
INV-01117,2027-03-15,WH-01,福建上杭,金矿石,626.4,200.0,2000.0
INV-01118,2027-03-15,WH-01,福建上杭,铜精矿,916.7,300.0,3000.0
INV-01119,2027-03-15,WH-01,福建上杭,银精矿,91.1,50.0,500.0
INV-01120,2027-03-15,WH-02,新疆阿勒泰,金矿石,551.1,150.0,1500.0
INV-01121,2027-03-15,WH-02,新疆阿勒泰,铜精矿,1139.2,250.0,2500.0
INV-01122,2027-03-15,WH-02,新疆阿勒泰,锌精矿,1650.9,400.0,4000.0
INV-01123,2027-03-15,WH-03,黑龙江多宝山,铜精矿,569.7,200.0,2000.0
INV-01124,2027-03-15,WH-03,黑龙江多宝山,钼精矿,186.1,100.0,800.0
INV-01125,2027-03-15,WH-04,贵州贞丰,金矿石,309.8,100.0,1000.0
INV-01126,2027-03-15,WH-04,贵州贞丰,锌精矿,967.2,300.0,2500.0
INV-01127,2027-03-15,WH-05,河南洛阳,银精矿,37.2,40.0,400.0
INV-01128,2027-03-15,WH-05,河南洛阳,钼精矿,209.1,80.0,600.0
INV-01129,2027-06-15,WH-01,福建上杭,金矿石,548.2,200.0,2000.0
INV-01130,2027-06-15,WH-01,福建上杭,铜精矿,858.5,300.0,3000.0
INV-01131,2027-06-15,WH-01,福建上杭,银精矿,55.8,50.0,500.0
INV-01132,2027-06-15,WH-02,新疆阿勒泰,金矿石,387.6,150.0,1500.0
INV-01133,2027-06-15,WH-02,新疆阿勒泰,铜精矿,832.5,250.0,2500.0
INV-01134,2027-06-15,WH-02,新疆阿勒泰,锌精矿,1243.6,400.0,4000.0
INV-01135,2027-06-15,WH-03,黑龙江多宝山,铜精矿,647.5,200.0,2000.0
INV-01136,2027-06-15,WH-03,黑龙江多宝山,钼精矿,100.7,100.0,800.0
INV-01137,2027-06-15,WH-04,贵州贞丰,金矿石,307.7,100.0,1000.0
INV-01138,2027-06-15,WH-04,贵州贞丰,锌精矿,707.4,300.0,2500.0
INV-01139,2027-06-15,WH-05,河南洛阳,银精矿,36.3,40.0,400.0
INV-01140,2027-06-15,WH-05,河南洛阳,钼精矿,157.9,80.0,600.0
INV-01141,2027-09-15,WH-01,福建上杭,金矿石,830.3,200.0,2000.0
INV-01142,2027-09-15,WH-01,福建上杭,铜精矿,1315.9,300.0,3000.0
INV-01143,2027-09-15,WH-01,福建上杭,银精矿,129.2,50.0,500.0
INV-01144,2027-09-15,WH-02,新疆阿勒泰,金矿石,564.3,150.0,1500.0
INV-01145,2027-09-15,WH-02,新疆阿勒泰,铜精矿,1248.2,250.0,2500.0
INV-01146,2027-09-15,WH-02,新疆阿勒泰,锌精矿,1713.6,400.0,4000.0
INV-01147,2027-09-15,WH-03,黑龙江多宝山,铜精矿,772.4,200.0,2000.0
INV-01148,2027-09-15,WH-03,黑龙江多宝山,钼精矿,274.8,100.0,800.0
INV-01149,2027-09-15,WH-04,贵州贞丰,金矿石,423.7,100.0,1000.0
INV-01150,2027-09-15,WH-04,贵州贞丰,锌精矿,1042.6,300.0,2500.0
INV-01151,2027-09-15,WH-05,河南洛阳,银精矿,70.1,40.0,400.0
INV-01152,2027-09-15,WH-05,河南洛阳,钼精矿,324.2,80.0,600.0
INV-01153,2027-01-15,WH-01,福建上杭,金矿石,795.3,200.0,2000.0
INV-01154,2027-01-15,WH-01,福建上杭,铜精矿,1097.9,300.0,3000.0
INV-01155,2027-01-15,WH-01,福建上杭,银精矿,112.2,50.0,500.0
INV-01156,2027-01-15,WH-02,新疆阿勒泰,金矿石,537.5,150.0,1500.0
INV-01157,2027-01-15,WH-02,新疆阿勒泰,铜精矿,970.0,250.0,2500.0
INV-01158,2027-01-15,WH-02,新疆阿勒泰,锌精矿,1658.1,400.0,4000.0
INV-01159,2027-01-15,WH-03,黑龙江多宝山,铜精矿,815.3,200.0,2000.0
INV-01160,2027-01-15,WH-03,黑龙江多宝山,钼精矿,412.7,100.0,800.0
INV-01161,2027-01-15,WH-04,贵州贞丰,金矿石,445.0,100.0,1000.0
INV-01162,2027-01-15,WH-04,贵州贞丰,锌精矿,1272.2,300.0,2500.0
INV-01163,2027-01-15,WH-05,河南洛阳,银精矿,98.2,40.0,400.0
INV-01164,2027-01-15,WH-05,河南洛阳,钼精矿,250.6,80.0,600.0
INV-01165,2027-04-15,WH-01,福建上杭,金矿石,677.9,200.0,2000.0
INV-01166,2027-04-15,WH-01,福建上杭,铜精矿,1103.8,300.0,3000.0
INV-01167,2027-04-15,WH-01,福建上杭,银精矿,88.7,50.0,500.0
INV-01168,2027-04-15,WH-02,新疆阿勒泰,金矿石,500.3,150.0,1500.0
INV-01169,2027-04-15,WH-02,新疆阿勒泰,铜精矿,1124.4,250.0,2500.0
INV-01170,2027-04-15,WH-02,新疆阿勒泰,锌精矿,1349.4,400.0,4000.0
INV-01171,2027-04-15,WH-03,黑龙江多宝山,铜精矿,657.6,200.0,2000.0
INV-01172,2027-04-15,WH-03,黑龙江多宝山,钼精矿,211.8,100.0,800.0
INV-01173,2027-04-15,WH-04,贵州贞丰,金矿石,310.1,100.0,1000.0
INV-01174,2027-04-15,WH-04,贵州贞丰,锌精矿,950.9,300.0,2500.0
INV-01175,2027-04-15,WH-05,河南洛阳,银精矿,36.5,40.0,400.0
INV-01176,2027-04-15,WH-05,河南洛阳,钼精矿,200.4,80.0,600.0
INV-01177,2027-07-15,WH-01,福建上杭,金矿石,511.9,200.0,2000.0
INV-01178,2027-07-15,WH-01,福建上杭,铜精矿,767.2,300.0,3000.0
INV-01179,2027-07-15,WH-01,福建上杭,银精矿,60.8,50.0,500.0
INV-01180,2027-07-15,WH-02,新疆阿勒泰,金矿石,427.0,150.0,1500.0
INV-01181,2027-07-15,WH-02,新疆阿勒泰,铜精矿,938.1,250.0,2500.0
INV-01182,2027-07-15,WH-02,新疆阿勒泰,锌精矿,1338.0,400.0,4000.0
INV-01183,2027-07-15,WH-03,黑龙江多宝山,铜精矿,604.4,200.0,2000.0
INV-01184,2027-07-15,WH-03,黑龙江多宝山,钼精矿,105.6,100.0,800.0
INV-01185,2027-07-15,WH-04,贵州贞丰,金矿石,298.1,100.0,1000.0
INV-01186,2027-07-15,WH-04,贵州贞丰,锌精矿,776.9,300.0,2500.0
INV-01187,2027-07-15,WH-05,河南洛阳,银精矿,49.4,40.0,400.0
INV-01188,2027-07-15,WH-05,河南洛阳,钼精矿,146.5,80.0,600.0
INV-01189,2027-10-15,WH-01,福建上杭,金矿石,784.9,200.0,2000.0
INV-01190,2027-10-15,WH-01,福建上杭,铜精矿,1175.8,300.0,3000.0
INV-01191,2027-10-15,WH-01,福建上杭,银精矿,116.8,50.0,500.0
INV-01192,2027-10-15,WH-02,新疆阿勒泰,金矿石,507.2,150.0,1500.0
INV-01193,2027-10-15,WH-02,新疆阿勒泰,铜精矿,1058.1,250.0,2500.0
INV-01194,2027-10-15,WH-02,新疆阿勒泰,锌精矿,1904.7,400.0,4000.0
INV-01195,2027-10-15,WH-03,黑龙江多宝山,铜精矿,797.4,200.0,2000.0
INV-01196,2027-10-15,WH-03,黑龙江多宝山,钼精矿,254.0,100.0,800.0
INV-01197,2027-10-15,WH-04,贵州贞丰,金矿石,412.7,100.0,1000.0
INV-01198,2027-10-15,WH-04,贵州贞丰,锌精矿,1005.7,300.0,2500.0
INV-01199,2027-10-15,WH-05,河南洛阳,银精矿,81.3,40.0,400.0
INV-01200,2027-10-15,WH-05,河南洛阳,钼精矿,280.4,80.0,600.0
INV-01201,2027-02-15,WH-01,福建上杭,金矿石,982.1,200.0,2000.0
INV-01202,2027-02-15,WH-01,福建上杭,铜精矿,1269.4,300.0,3000.0
INV-01203,2027-02-15,WH-01,福建上杭,银精矿,111.0,50.0,500.0
INV-01204,2027-02-15,WH-02,新疆阿勒泰,金矿石,692.3,150.0,1500.0
INV-01205,2027-02-15,WH-02,新疆阿勒泰,铜精矿,1027.3,250.0,2500.0
INV-01206,2027-02-15,WH-02,新疆阿勒泰,锌精矿,1684.4,400.0,4000.0
INV-01207,2027-02-15,WH-03,黑龙江多宝山,铜精矿,888.8,200.0,2000.0
INV-01208,2027-02-15,WH-03,黑龙江多宝山,钼精矿,361.1,100.0,800.0
INV-01209,2027-02-15,WH-04,贵州贞丰,金矿石,391.6,100.0,1000.0
INV-01210,2027-02-15,WH-04,贵州贞丰,锌精矿,1227.3,300.0,2500.0
INV-01211,2027-02-15,WH-05,河南洛阳,银精矿,106.9,40.0,400.0
INV-01212,2027-02-15,WH-05,河南洛阳,钼精矿,246.8,80.0,600.0
INV-01213,2027-05-15,WH-01,福建上杭,金矿石,748.8,200.0,2000.0
INV-01214,2027-05-15,WH-01,福建上杭,铜精矿,1095.3,300.0,3000.0
INV-01215,2027-05-15,WH-01,福建上杭,银精矿,81.9,50.0,500.0
INV-01216,2027-05-15,WH-02,新疆阿勒泰,金矿石,558.9,150.0,1500.0
INV-01217,2027-05-15,WH-02,新疆阿勒泰,铜精矿,1090.9,250.0,2500.0
INV-01218,2027-05-15,WH-02,新疆阿勒泰,锌精矿,1368.2,400.0,4000.0
INV-01219,2027-05-15,WH-03,黑龙江多宝山,铜精矿,717.4,200.0,2000.0
INV-01220,2027-05-15,WH-03,黑龙江多宝山,钼精矿,175.4,100.0,800.0
INV-01221,2027-05-15,WH-04,贵州贞丰,金矿石,304.4,100.0,1000.0
INV-01222,2027-05-15,WH-04,贵州贞丰,锌精矿,787.7,300.0,2500.0
INV-01223,2027-05-15,WH-05,河南洛阳,银精矿,34.9,40.0,400.0
INV-01224,2027-05-15,WH-05,河南洛阳,钼精矿,208.4,80.0,600.0
INV-01225,2027-08-15,WH-01,福建上杭,金矿石,566.5,200.0,2000.0
INV-01226,2027-08-15,WH-01,福建上杭,铜精矿,921.9,300.0,3000.0
INV-01227,2027-08-15,WH-01,福建上杭,银精矿,64.5,50.0,500.0
INV-01228,2027-08-15,WH-02,新疆阿勒泰,金矿石,345.2,150.0,1500.0
INV-01229,2027-08-15,WH-02,新疆阿勒泰,铜精矿,972.8,250.0,2500.0
INV-01230,2027-08-15,WH-02,新疆阿勒泰,锌精矿,1528.8,400.0,4000.0
INV-01231,2027-08-15,WH-03,黑龙江多宝山,铜精矿,618.2,200.0,2000.0
INV-01232,2027-08-15,WH-03,黑龙江多宝山,钼精矿,105.9,100.0,800.0
INV-01233,2027-08-15,WH-04,贵州贞丰,金矿石,259.5,100.0,1000.0
INV-01234,2027-08-15,WH-04,贵州贞丰,锌精矿,723.7,300.0,2500.0
INV-01235,2027-08-15,WH-05,河南洛阳,银精矿,44.1,40.0,400.0
INV-01236,2027-08-15,WH-05,河南洛阳,钼精矿,151.8,80.0,600.0
INV-01237,2027-11-15,WH-01,福建上杭,金矿石,953.6,200.0,2000.0
INV-01238,2027-11-15,WH-01,福建上杭,铜精矿,1450.0,300.0,3000.0
INV-01239,2027-11-15,WH-01,福建上杭,银精矿,101.1,50.0,500.0
INV-01240,2027-11-15,WH-02,新疆阿勒泰,金矿石,638.0,150.0,1500.0
INV-01241,2027-11-15,WH-02,新疆阿勒泰,铜精矿,978.4,250.0,2500.0
INV-01242,2027-11-15,WH-02,新疆阿勒泰,锌精矿,1775.5,400.0,4000.0
INV-01243,2027-11-15,WH-03,黑龙江多宝山,铜精矿,686.7,200.0,2000.0
INV-01244,2027-11-15,WH-03,黑龙江多宝山,钼精矿,257.4,100.0,800.0
INV-01245,2027-11-15,WH-04,贵州贞丰,金矿石,551.9,100.0,1000.0
INV-01246,2027-11-15,WH-04,贵州贞丰,锌精矿,992.8,300.0,2500.0
INV-01247,2027-11-15,WH-05,河南洛阳,银精矿,84.2,40.0,400.0
INV-01248,2027-11-15,WH-05,河南洛阳,钼精矿,310.7,80.0,600.0
INV-01249,2027-03-15,WH-01,福建上杭,金矿石,985.1,200.0,2000.0
INV-01250,2027-03-15,WH-01,福建上杭,铜精矿,1233.6,300.0,3000.0
INV-01251,2027-03-15,WH-01,福建上杭,银精矿,126.8,50.0,500.0
INV-01252,2027-03-15,WH-02,新疆阿勒泰,金矿石,639.2,150.0,1500.0
INV-01253,2027-03-15,WH-02,新疆阿勒泰,铜精矿,898.7,250.0,2500.0
INV-01254,2027-03-15,WH-02,新疆阿勒泰,锌精矿,1768.4,400.0,4000.0
INV-01255,2027-03-15,WH-03,黑龙江多宝山,铜精矿,850.4,200.0,2000.0
INV-01256,2027-03-15,WH-03,黑龙江多宝山,钼精矿,329.0,100.0,800.0
INV-01257,2027-03-15,WH-04,贵州贞丰,金矿石,360.0,100.0,1000.0
INV-01258,2027-03-15,WH-04,贵州贞丰,锌精矿,982.4,300.0,2500.0
INV-01259,2027-03-15,WH-05,河南洛阳,银精矿,110.9,40.0,400.0
INV-01260,2027-03-15,WH-05,河南洛阳,钼精矿,318.2,80.0,600.0
INV-01261,2027-06-15,WH-01,福建上杭,金矿石,636.1,200.0,2000.0
INV-01262,2027-06-15,WH-01,福建上杭,铜精矿,925.8,300.0,3000.0
INV-01263,2027-06-15,WH-01,福建上杭,银精矿,87.2,50.0,500.0
INV-01264,2027-06-15,WH-02,新疆阿勒泰,金矿石,480.5,150.0,1500.0
INV-01265,2027-06-15,WH-02,新疆阿勒泰,铜精矿,1039.0,250.0,2500.0
INV-01266,2027-06-15,WH-02,新疆阿勒泰,锌精矿,1676.6,400.0,4000.0
INV-01267,2027-06-15,WH-03,黑龙江多宝山,铜精矿,586.6,200.0,2000.0
INV-01268,2027-06-15,WH-03,黑龙江多宝山,钼精矿,210.6,100.0,800.0
INV-01269,2027-06-15,WH-04,贵州贞丰,金矿石,324.4,100.0,1000.0
INV-01270,2027-06-15,WH-04,贵州贞丰,锌精矿,771.5,300.0,2500.0
INV-01271,2027-06-15,WH-05,河南洛阳,银精矿,39.0,40.0,400.0
INV-01272,2027-06-15,WH-05,河南洛阳,钼精矿,248.5,80.0,600.0
INV-01273,2027-09-15,WH-01,福建上杭,金矿石,540.0,200.0,2000.0
INV-01274,2027-09-15,WH-01,福建上杭,铜精矿,866.8,300.0,3000.0
INV-01275,2027-09-15,WH-01,福建上杭,银精矿,67.1,50.0,500.0
INV-01276,2027-09-15,WH-02,新疆阿勒泰,金矿石,371.2,150.0,1500.0
INV-01277,2027-09-15,WH-02,新疆阿勒泰,铜精矿,1025.5,250.0,2500.0
INV-01278,2027-09-15,WH-02,新疆阿勒泰,锌精矿,1471.4,400.0,4000.0
INV-01279,2027-09-15,WH-03,黑龙江多宝山,铜精矿,617.2,200.0,2000.0
INV-01280,2027-09-15,WH-03,黑龙江多宝山,钼精矿,82.5,100.0,800.0
INV-01281,2027-09-15,WH-04,贵州贞丰,金矿石,245.7,100.0,1000.0
INV-01282,2027-09-15,WH-04,贵州贞丰,锌精矿,723.1,300.0,2500.0
INV-01283,2027-09-15,WH-05,河南洛阳,银精矿,37.2,40.0,400.0
INV-01284,2027-09-15,WH-05,河南洛阳,钼精矿,148.9,80.0,600.0
INV-01285,2027-12-15,WH-01,福建上杭,金矿石,836.3,200.0,2000.0
INV-01286,2027-12-15,WH-01,福建上杭,铜精矿,1332.7,300.0,3000.0
INV-01287,2027-12-15,WH-01,福建上杭,银精矿,121.0,50.0,500.0
INV-01288,2027-12-15,WH-02,新疆阿勒泰,金矿石,561.2,150.0,1500.0
INV-01289,2027-12-15,WH-02,新疆阿勒泰,铜精矿,1147.0,250.0,2500.0
INV-01290,2027-12-15,WH-02,新疆阿勒泰,锌精矿,1868.3,400.0,4000.0
INV-01291,2027-12-15,WH-03,黑龙江多宝山,铜精矿,699.9,200.0,2000.0
INV-01292,2027-12-15,WH-03,黑龙江多宝山,钼精矿,219.1,100.0,800.0
INV-01293,2027-12-15,WH-04,贵州贞丰,金矿石,472.7,100.0,1000.0
INV-01294,2027-12-15,WH-04,贵州贞丰,锌精矿,972.0,300.0,2500.0
INV-01295,2027-12-15,WH-05,河南洛阳,银精矿,77.1,40.0,400.0
INV-01296,2027-12-15,WH-05,河南洛阳,钼精矿,323.9,80.0,600.0
INV-01297,2027-04-15,WH-01,福建上杭,金矿石,905.6,200.0,2000.0
INV-01298,2027-04-15,WH-01,福建上杭,铜精矿,1028.8,300.0,3000.0
INV-01299,2027-04-15,WH-01,福建上杭,银精矿,133.9,50.0,500.0
INV-01300,2027-04-15,WH-02,新疆阿勒泰,金矿石,672.6,150.0,1500.0
INV-01301,2027-04-15,WH-02,新疆阿勒泰,铜精矿,1013.2,250.0,2500.0
INV-01302,2027-04-15,WH-02,新疆阿勒泰,锌精矿,1720.1,400.0,4000.0
INV-01303,2027-04-15,WH-03,黑龙江多宝山,铜精矿,842.2,200.0,2000.0
INV-01304,2027-04-15,WH-03,黑龙江多宝山,钼精矿,333.4,100.0,800.0
INV-01305,2027-04-15,WH-04,贵州贞丰,金矿石,415.4,100.0,1000.0
INV-01306,2027-04-15,WH-04,贵州贞丰,锌精矿,1222.1,300.0,2500.0
INV-01307,2027-04-15,WH-05,河南洛阳,银精矿,100.4,40.0,400.0
INV-01308,2027-04-15,WH-05,河南洛阳,钼精矿,297.5,80.0,600.0
INV-01309,2027-07-15,WH-01,福建上杭,金矿石,712.2,200.0,2000.0
INV-01310,2027-07-15,WH-01,福建上杭,铜精矿,975.1,300.0,3000.0
INV-01311,2027-07-15,WH-01,福建上杭,银精矿,91.8,50.0,500.0
INV-01312,2027-07-15,WH-02,新疆阿勒泰,金矿石,450.1,150.0,1500.0
INV-01313,2027-07-15,WH-02,新疆阿勒泰,铜精矿,1003.5,250.0,2500.0
INV-01314,2027-07-15,WH-02,新疆阿勒泰,锌精矿,1286.7,400.0,4000.0
INV-01315,2027-07-15,WH-03,黑龙江多宝山,铜精矿,618.6,200.0,2000.0
INV-01316,2027-07-15,WH-03,黑龙江多宝山,钼精矿,201.9,100.0,800.0
INV-01317,2027-07-15,WH-04,贵州贞丰,金矿石,372.7,100.0,1000.0
INV-01318,2027-07-15,WH-04,贵州贞丰,锌精矿,788.5,300.0,2500.0
INV-01319,2027-07-15,WH-05,河南洛阳,银精矿,35.6,40.0,400.0
INV-01320,2027-07-15,WH-05,河南洛阳,钼精矿,258.6,80.0,600.0
INV-01321,2027-10-15,WH-01,福建上杭,金矿石,561.1,200.0,2000.0
INV-01322,2027-10-15,WH-01,福建上杭,铜精矿,761.7,300.0,3000.0
INV-01323,2027-10-15,WH-01,福建上杭,银精矿,68.4,50.0,500.0
INV-01324,2027-10-15,WH-02,新疆阿勒泰,金矿石,446.7,150.0,1500.0
INV-01325,2027-10-15,WH-02,新疆阿勒泰,铜精矿,1016.0,250.0,2500.0
INV-01326,2027-10-15,WH-02,新疆阿勒泰,锌精矿,1414.5,400.0,4000.0
INV-01327,2027-10-15,WH-03,黑龙江多宝山,铜精矿,605.6,200.0,2000.0
INV-01328,2027-10-15,WH-03,黑龙江多宝山,钼精矿,97.9,100.0,800.0
INV-01329,2027-10-15,WH-04,贵州贞丰,金矿石,328.9,100.0,1000.0
INV-01330,2027-10-15,WH-04,贵州贞丰,锌精矿,804.1,300.0,2500.0
INV-01331,2027-10-15,WH-05,河南洛阳,银精矿,43.6,40.0,400.0
INV-01332,2027-10-15,WH-05,河南洛阳,钼精矿,173.9,80.0,600.0
INV-01333,2028-01-15,WH-01,福建上杭,金矿石,881.2,200.0,2000.0
INV-01334,2028-01-15,WH-01,福建上杭,铜精矿,1362.1,300.0,3000.0
INV-01335,2028-01-15,WH-01,福建上杭,银精矿,103.1,50.0,500.0
INV-01336,2028-01-15,WH-02,新疆阿勒泰,金矿石,484.8,150.0,1500.0
INV-01337,2028-01-15,WH-02,新疆阿勒泰,铜精矿,1085.9,250.0,2500.0
INV-01338,2028-01-15,WH-02,新疆阿勒泰,锌精矿,1889.8,400.0,4000.0
INV-01339,2028-01-15,WH-03,黑龙江多宝山,铜精矿,737.4,200.0,2000.0
INV-01340,2028-01-15,WH-03,黑龙江多宝山,钼精矿,294.0,100.0,800.0
INV-01341,2028-01-15,WH-04,贵州贞丰,金矿石,529.3,100.0,1000.0
INV-01342,2028-01-15,WH-04,贵州贞丰,锌精矿,1213.8,300.0,2500.0
INV-01343,2028-01-15,WH-05,河南洛阳,银精矿,82.5,40.0,400.0
INV-01344,2028-01-15,WH-05,河南洛阳,钼精矿,285.4,80.0,600.0
INV-01345,2027-05-15,WH-01,福建上杭,金矿石,912.1,200.0,2000.0
INV-01346,2027-05-15,WH-01,福建上杭,铜精矿,1107.0,300.0,3000.0
INV-01347,2027-05-15,WH-01,福建上杭,银精矿,110.5,50.0,500.0
INV-01348,2027-05-15,WH-02,新疆阿勒泰,金矿石,532.7,150.0,1500.0
INV-01349,2027-05-15,WH-02,新疆阿勒泰,铜精矿,896.1,250.0,2500.0
INV-01350,2027-05-15,WH-02,新疆阿勒泰,锌精矿,1958.2,400.0,4000.0
INV-01351,2027-05-15,WH-03,黑龙江多宝山,铜精矿,793.8,200.0,2000.0
INV-01352,2027-05-15,WH-03,黑龙江多宝山,钼精矿,393.9,100.0,800.0
INV-01353,2027-05-15,WH-04,贵州贞丰,金矿石,378.7,100.0,1000.0
INV-01354,2027-05-15,WH-04,贵州贞丰,锌精矿,1189.2,300.0,2500.0
INV-01355,2027-05-15,WH-05,河南洛阳,银精矿,86.6,40.0,400.0
INV-01356,2027-05-15,WH-05,河南洛阳,钼精矿,324.9,80.0,600.0
INV-01357,2027-08-15,WH-01,福建上杭,金矿石,666.1,200.0,2000.0
INV-01358,2027-08-15,WH-01,福建上杭,铜精矿,877.5,300.0,3000.0
INV-01359,2027-08-15,WH-01,福建上杭,银精矿,83.9,50.0,500.0
INV-01360,2027-08-15,WH-02,新疆阿勒泰,金矿石,456.0,150.0,1500.0
INV-01361,2027-08-15,WH-02,新疆阿勒泰,铜精矿,1142.0,250.0,2500.0
INV-01362,2027-08-15,WH-02,新疆阿勒泰,锌精矿,1595.2,400.0,4000.0
INV-01363,2027-08-15,WH-03,黑龙江多宝山,铜精矿,533.3,200.0,2000.0
INV-01364,2027-08-15,WH-03,黑龙江多宝山,钼精矿,209.5,100.0,800.0
INV-01365,2027-08-15,WH-04,贵州贞丰,金矿石,304.6,100.0,1000.0
INV-01366,2027-08-15,WH-04,贵州贞丰,锌精矿,971.0,300.0,2500.0
INV-01367,2027-08-15,WH-05,河南洛阳,银精矿,39.6,40.0,400.0
INV-01368,2027-08-15,WH-05,河南洛阳,钼精矿,234.8,80.0,600.0
INV-01369,2027-11-15,WH-01,福建上杭,金矿石,610.3,200.0,2000.0
INV-01370,2027-11-15,WH-01,福建上杭,铜精矿,892.9,300.0,3000.0
INV-01371,2027-11-15,WH-01,福建上杭,银精矿,59.7,50.0,500.0
INV-01372,2027-11-15,WH-02,新疆阿勒泰,金矿石,323.8,150.0,1500.0
INV-01373,2027-11-15,WH-02,新疆阿勒泰,铜精矿,1008.0,250.0,2500.0
INV-01374,2027-11-15,WH-02,新疆阿勒泰,锌精矿,1560.2,400.0,4000.0
INV-01375,2027-11-15,WH-03,黑龙江多宝山,铜精矿,647.3,200.0,2000.0
INV-01376,2027-11-15,WH-03,黑龙江多宝山,钼精矿,76.6,100.0,800.0
INV-01377,2027-11-15,WH-04,贵州贞丰,金矿石,295.4,100.0,1000.0
INV-01378,2027-11-15,WH-04,贵州贞丰,锌精矿,786.9,300.0,2500.0
INV-01379,2027-11-15,WH-05,河南洛阳,银精矿,47.0,40.0,400.0
INV-01380,2027-11-15,WH-05,河南洛阳,钼精矿,140.1,80.0,600.0
INV-01381,2028-02-15,WH-01,福建上杭,金矿石,831.4,200.0,2000.0
INV-01382,2028-02-15,WH-01,福建上杭,铜精矿,1558.4,300.0,3000.0
INV-01383,2028-02-15,WH-01,福建上杭,银精矿,105.4,50.0,500.0
INV-01384,2028-02-15,WH-02,新疆阿勒泰,金矿石,547.0,150.0,1500.0
INV-01385,2028-02-15,WH-02,新疆阿勒泰,铜精矿,932.2,250.0,2500.0
INV-01386,2028-02-15,WH-02,新疆阿勒泰,锌精矿,1555.6,400.0,4000.0
INV-01387,2028-02-15,WH-03,黑龙江多宝山,铜精矿,743.5,200.0,2000.0
INV-01388,2028-02-15,WH-03,黑龙江多宝山,钼精矿,238.0,100.0,800.0
INV-01389,2028-02-15,WH-04,贵州贞丰,金矿石,412.1,100.0,1000.0
INV-01390,2028-02-15,WH-04,贵州贞丰,锌精矿,914.7,300.0,2500.0
INV-01391,2028-02-15,WH-05,河南洛阳,银精矿,81.3,40.0,400.0
INV-01392,2028-02-15,WH-05,河南洛阳,钼精矿,275.8,80.0,600.0
INV-01393,2027-06-15,WH-01,福建上杭,金矿石,992.6,200.0,2000.0
INV-01394,2027-06-15,WH-01,福建上杭,铜精矿,1240.5,300.0,3000.0
INV-01395,2027-06-15,WH-01,福建上杭,银精矿,141.1,50.0,500.0
INV-01396,2027-06-15,WH-02,新疆阿勒泰,金矿石,695.0,150.0,1500.0
INV-01397,2027-06-15,WH-02,新疆阿勒泰,铜精矿,1052.8,250.0,2500.0
INV-01398,2027-06-15,WH-02,新疆阿勒泰,锌精矿,1821.0,400.0,4000.0
INV-01399,2027-06-15,WH-03,黑龙江多宝山,铜精矿,730.2,200.0,2000.0
INV-01400,2027-06-15,WH-03,黑龙江多宝山,钼精矿,395.5,100.0,800.0
INV-01401,2027-06-15,WH-04,贵州贞丰,金矿石,388.1,100.0,1000.0
INV-01402,2027-06-15,WH-04,贵州贞丰,锌精矿,1065.4,300.0,2500.0
INV-01403,2027-06-15,WH-05,河南洛阳,银精矿,96.1,40.0,400.0
INV-01404,2027-06-15,WH-05,河南洛阳,钼精矿,278.4,80.0,600.0
INV-01405,2027-09-15,WH-01,福建上杭,金矿石,662.0,200.0,2000.0
INV-01406,2027-09-15,WH-01,福建上杭,铜精矿,1032.6,300.0,3000.0
INV-01407,2027-09-15,WH-01,福建上杭,银精矿,81.4,50.0,500.0
INV-01408,2027-09-15,WH-02,新疆阿勒泰,金矿石,467.0,150.0,1500.0
INV-01409,2027-09-15,WH-02,新疆阿勒泰,铜精矿,1023.7,250.0,2500.0
INV-01410,2027-09-15,WH-02,新疆阿勒泰,锌精矿,1320.9,400.0,4000.0
INV-01411,2027-09-15,WH-03,黑龙江多宝山,铜精矿,629.4,200.0,2000.0
INV-01412,2027-09-15,WH-03,黑龙江多宝山,钼精矿,201.2,100.0,800.0
INV-01413,2027-09-15,WH-04,贵州贞丰,金矿石,385.8,100.0,1000.0
INV-01414,2027-09-15,WH-04,贵州贞丰,锌精矿,981.7,300.0,2500.0
INV-01415,2027-09-15,WH-05,河南洛阳,银精矿,39.0,40.0,400.0
INV-01416,2027-09-15,WH-05,河南洛阳,钼精矿,236.5,80.0,600.0
INV-01417,2027-12-15,WH-01,福建上杭,金矿石,511.1,200.0,2000.0
INV-01418,2027-12-15,WH-01,福建上杭,铜精矿,761.7,300.0,3000.0
INV-01419,2027-12-15,WH-01,福建上杭,银精矿,68.8,50.0,500.0
INV-01420,2027-12-15,WH-02,新疆阿勒泰,金矿石,440.1,150.0,1500.0
INV-01421,2027-12-15,WH-02,新疆阿勒泰,铜精矿,810.9,250.0,2500.0
INV-01422,2027-12-15,WH-02,新疆阿勒泰,锌精矿,1254.9,400.0,4000.0
INV-01423,2027-12-15,WH-03,黑龙江多宝山,铜精矿,647.1,200.0,2000.0
INV-01424,2027-12-15,WH-03,黑龙江多宝山,钼精矿,104.3,100.0,800.0
INV-01425,2027-12-15,WH-04,贵州贞丰,金矿石,281.3,100.0,1000.0
INV-01426,2027-12-15,WH-04,贵州贞丰,锌精矿,856.5,300.0,2500.0
INV-01427,2027-12-15,WH-05,河南洛阳,银精矿,37.8,40.0,400.0
INV-01428,2027-12-15,WH-05,河南洛阳,钼精矿,163.9,80.0,600.0
INV-01429,2028-03-15,WH-01,福建上杭,金矿石,829.1,200.0,2000.0
INV-01430,2028-03-15,WH-01,福建上杭,铜精矿,1434.9,300.0,3000.0
INV-01431,2028-03-15,WH-01,福建上杭,银精矿,108.4,50.0,500.0
INV-01432,2028-03-15,WH-02,新疆阿勒泰,金矿石,617.1,150.0,1500.0
INV-01433,2028-03-15,WH-02,新疆阿勒泰,铜精矿,1065.8,250.0,2500.0
INV-01434,2028-03-15,WH-02,新疆阿勒泰,锌精矿,1906.4,400.0,4000.0
INV-01435,2028-03-15,WH-03,黑龙江多宝山,铜精矿,669.8,200.0,2000.0
INV-01436,2028-03-15,WH-03,黑龙江多宝山,钼精矿,214.2,100.0,800.0
INV-01437,2028-03-15,WH-04,贵州贞丰,金矿石,536.9,100.0,1000.0
INV-01438,2028-03-15,WH-04,贵州贞丰,锌精矿,995.4,300.0,2500.0
INV-01439,2028-03-15,WH-05,河南洛阳,银精矿,82.9,40.0,400.0
INV-01440,2028-03-15,WH-05,河南洛阳,钼精矿,334.7,80.0,600.0
INV-01441,2027-07-15,WH-01,福建上杭,金矿石,765.3,200.0,2000.0
INV-01442,2027-07-15,WH-01,福建上杭,铜精矿,1271.8,300.0,3000.0
INV-01443,2027-07-15,WH-01,福建上杭,银精矿,115.0,50.0,500.0
INV-01444,2027-07-15,WH-02,新疆阿勒泰,金矿石,558.3,150.0,1500.0
INV-01445,2027-07-15,WH-02,新疆阿勒泰,铜精矿,1113.8,250.0,2500.0
INV-01446,2027-07-15,WH-02,新疆阿勒泰,锌精矿,2002.0,400.0,4000.0
INV-01447,2027-07-15,WH-03,黑龙江多宝山,铜精矿,741.1,200.0,2000.0
INV-01448,2027-07-15,WH-03,黑龙江多宝山,钼精矿,317.6,100.0,800.0
INV-01449,2027-07-15,WH-04,贵州贞丰,金矿石,390.0,100.0,1000.0
INV-01450,2027-07-15,WH-04,贵州贞丰,锌精矿,1209.6,300.0,2500.0
INV-01451,2027-07-15,WH-05,河南洛阳,银精矿,81.1,40.0,400.0
INV-01452,2027-07-15,WH-05,河南洛阳,钼精矿,249.7,80.0,600.0
INV-01453,2027-10-15,WH-01,福建上杭,金矿石,810.1,200.0,2000.0
INV-01454,2027-10-15,WH-01,福建上杭,铜精矿,1041.1,300.0,3000.0
INV-01455,2027-10-15,WH-01,福建上杭,银精矿,91.9,50.0,500.0
INV-01456,2027-10-15,WH-02,新疆阿勒泰,金矿石,489.2,150.0,1500.0
INV-01457,2027-10-15,WH-02,新疆阿勒泰,铜精矿,951.4,250.0,2500.0
INV-01458,2027-10-15,WH-02,新疆阿勒泰,锌精矿,1716.4,400.0,4000.0
INV-01459,2027-10-15,WH-03,黑龙江多宝山,铜精矿,660.7,200.0,2000.0
INV-01460,2027-10-15,WH-03,黑龙江多宝山,钼精矿,174.0,100.0,800.0
INV-01461,2027-10-15,WH-04,贵州贞丰,金矿石,346.9,100.0,1000.0
INV-01462,2027-10-15,WH-04,贵州贞丰,锌精矿,815.5,300.0,2500.0
INV-01463,2027-10-15,WH-05,河南洛阳,银精矿,44.6,40.0,400.0
INV-01464,2027-10-15,WH-05,河南洛阳,钼精矿,208.3,80.0,600.0
INV-01465,2028-01-15,WH-01,福建上杭,金矿石,646.4,200.0,2000.0
INV-01466,2028-01-15,WH-01,福建上杭,铜精矿,860.7,300.0,3000.0
INV-01467,2028-01-15,WH-01,福建上杭,银精矿,74.7,50.0,500.0
INV-01468,2028-01-15,WH-02,新疆阿勒泰,金矿石,413.7,150.0,1500.0
INV-01469,2028-01-15,WH-02,新疆阿勒泰,铜精矿,831.1,250.0,2500.0
INV-01470,2028-01-15,WH-02,新疆阿勒泰,锌精矿,1229.6,400.0,4000.0
INV-01471,2028-01-15,WH-03,黑龙江多宝山,铜精矿,557.0,200.0,2000.0
INV-01472,2028-01-15,WH-03,黑龙江多宝山,钼精矿,89.2,100.0,800.0
INV-01473,2028-01-15,WH-04,贵州贞丰,金矿石,313.3,100.0,1000.0
INV-01474,2028-01-15,WH-04,贵州贞丰,锌精矿,743.8,300.0,2500.0
INV-01475,2028-01-15,WH-05,河南洛阳,银精矿,37.9,40.0,400.0
INV-01476,2028-01-15,WH-05,河南洛阳,钼精矿,155.7,80.0,600.0
INV-01477,2028-04-15,WH-01,福建上杭,金矿石,945.5,200.0,2000.0
INV-01478,2028-04-15,WH-01,福建上杭,铜精矿,1274.1,300.0,3000.0
INV-01479,2028-04-15,WH-01,福建上杭,银精矿,100.0,50.0,500.0
INV-01480,2028-04-15,WH-02,新疆阿勒泰,金矿石,522.3,150.0,1500.0
INV-01481,2028-04-15,WH-02,新疆阿勒泰,铜精矿,1213.8,250.0,2500.0
INV-01482,2028-04-15,WH-02,新疆阿勒泰,锌精矿,1423.3,400.0,4000.0
INV-01483,2028-04-15,WH-03,黑龙江多宝山,铜精矿,718.1,200.0,2000.0
INV-01484,2028-04-15,WH-03,黑龙江多宝山,钼精矿,279.6,100.0,800.0
INV-01485,2028-04-15,WH-04,贵州贞丰,金矿石,494.2,100.0,1000.0
INV-01486,2028-04-15,WH-04,贵州贞丰,锌精矿,1038.4,300.0,2500.0
INV-01487,2028-04-15,WH-05,河南洛阳,银精矿,72.8,40.0,400.0
INV-01488,2028-04-15,WH-05,河南洛阳,钼精矿,364.7,80.0,600.0
INV-01489,2027-08-15,WH-01,福建上杭,金矿石,847.8,200.0,2000.0
INV-01490,2027-08-15,WH-01,福建上杭,铜精矿,1084.7,300.0,3000.0
INV-01491,2027-08-15,WH-01,福建上杭,银精矿,122.5,50.0,500.0
INV-01492,2027-08-15,WH-02,新疆阿勒泰,金矿石,611.0,150.0,1500.0
INV-01493,2027-08-15,WH-02,新疆阿勒泰,铜精矿,1049.2,250.0,2500.0
INV-01494,2027-08-15,WH-02,新疆阿勒泰,锌精矿,1712.3,400.0,4000.0
INV-01495,2027-08-15,WH-03,黑龙江多宝山,铜精矿,696.7,200.0,2000.0
INV-01496,2027-08-15,WH-03,黑龙江多宝山,钼精矿,308.5,100.0,800.0
INV-01497,2027-08-15,WH-04,贵州贞丰,金矿石,471.8,100.0,1000.0
INV-01498,2027-08-15,WH-04,贵州贞丰,锌精矿,1020.1,300.0,2500.0
INV-01499,2027-08-15,WH-05,河南洛阳,银精矿,97.0,40.0,400.0
INV-01500,2027-08-15,WH-05,河南洛阳,钼精矿,320.6,80.0,600.0
INV-01501,2027-11-15,WH-01,福建上杭,金矿石,704.5,200.0,2000.0
INV-01502,2027-11-15,WH-01,福建上杭,铜精矿,949.6,300.0,3000.0
INV-01503,2027-11-15,WH-01,福建上杭,银精矿,81.4,50.0,500.0
INV-01504,2027-11-15,WH-02,新疆阿勒泰,金矿石,507.1,150.0,1500.0
INV-01505,2027-11-15,WH-02,新疆阿勒泰,铜精矿,1241.7,250.0,2500.0
INV-01506,2027-11-15,WH-02,新疆阿勒泰,锌精矿,1541.2,400.0,4000.0
INV-01507,2027-11-15,WH-03,黑龙江多宝山,铜精矿,568.6,200.0,2000.0
INV-01508,2027-11-15,WH-03,黑龙江多宝山,钼精矿,197.0,100.0,800.0
INV-01509,2027-11-15,WH-04,贵州贞丰,金矿石,337.8,100.0,1000.0
INV-01510,2027-11-15,WH-04,贵州贞丰,锌精矿,906.8,300.0,2500.0
INV-01511,2027-11-15,WH-05,河南洛阳,银精矿,35.7,40.0,400.0
INV-01512,2027-11-15,WH-05,河南洛阳,钼精矿,190.0,80.0,600.0
INV-01513,2028-02-15,WH-01,福建上杭,金矿石,529.6,200.0,2000.0
INV-01514,2028-02-15,WH-01,福建上杭,铜精矿,921.6,300.0,3000.0
INV-01515,2028-02-15,WH-01,福建上杭,银精矿,57.1,50.0,500.0
INV-01516,2028-02-15,WH-02,新疆阿勒泰,金矿石,363.6,150.0,1500.0
INV-01517,2028-02-15,WH-02,新疆阿勒泰,铜精矿,1055.7,250.0,2500.0
INV-01518,2028-02-15,WH-02,新疆阿勒泰,锌精矿,1511.3,400.0,4000.0
INV-01519,2028-02-15,WH-03,黑龙江多宝山,铜精矿,634.3,200.0,2000.0
INV-01520,2028-02-15,WH-03,黑龙江多宝山,钼精矿,95.7,100.0,800.0
INV-01521,2028-02-15,WH-04,贵州贞丰,金矿石,263.7,100.0,1000.0
INV-01522,2028-02-15,WH-04,贵州贞丰,锌精矿,883.0,300.0,2500.0
INV-01523,2028-02-15,WH-05,河南洛阳,银精矿,47.4,40.0,400.0
INV-01524,2028-02-15,WH-05,河南洛阳,钼精矿,129.0,80.0,600.0
INV-01525,2028-05-15,WH-01,福建上杭,金矿石,874.2,200.0,2000.0
INV-01526,2028-05-15,WH-01,福建上杭,铜精矿,1311.3,300.0,3000.0
INV-01527,2028-05-15,WH-01,福建上杭,银精矿,128.3,50.0,500.0
INV-01528,2028-05-15,WH-02,新疆阿勒泰,金矿石,478.7,150.0,1500.0
INV-01529,2028-05-15,WH-02,新疆阿勒泰,铜精矿,1096.8,250.0,2500.0
INV-01530,2028-05-15,WH-02,新疆阿勒泰,锌精矿,1725.3,400.0,4000.0
INV-01531,2028-05-15,WH-03,黑龙江多宝山,铜精矿,678.0,200.0,2000.0
INV-01532,2028-05-15,WH-03,黑龙江多宝山,钼精矿,273.4,100.0,800.0
INV-01533,2028-05-15,WH-04,贵州贞丰,金矿石,480.8,100.0,1000.0
INV-01534,2028-05-15,WH-04,贵州贞丰,锌精矿,1167.1,300.0,2500.0
INV-01535,2028-05-15,WH-05,河南洛阳,银精矿,86.5,40.0,400.0
INV-01536,2028-05-15,WH-05,河南洛阳,钼精矿,275.8,80.0,600.0
INV-01537,2027-09-15,WH-01,福建上杭,金矿石,973.2,200.0,2000.0
INV-01538,2027-09-15,WH-01,福建上杭,铜精矿,1061.5,300.0,3000.0
INV-01539,2027-09-15,WH-01,福建上杭,银精矿,118.6,50.0,500.0
INV-01540,2027-09-15,WH-02,新疆阿勒泰,金矿石,521.5,150.0,1500.0
INV-01541,2027-09-15,WH-02,新疆阿勒泰,铜精矿,971.7,250.0,2500.0
INV-01542,2027-09-15,WH-02,新疆阿勒泰,锌精矿,1689.9,400.0,4000.0
INV-01543,2027-09-15,WH-03,黑龙江多宝山,铜精矿,715.0,200.0,2000.0
INV-01544,2027-09-15,WH-03,黑龙江多宝山,钼精矿,410.6,100.0,800.0
INV-01545,2027-09-15,WH-04,贵州贞丰,金矿石,403.8,100.0,1000.0
INV-01546,2027-09-15,WH-04,贵州贞丰,锌精矿,1100.5,300.0,2500.0
INV-01547,2027-09-15,WH-05,河南洛阳,银精矿,110.7,40.0,400.0
INV-01548,2027-09-15,WH-05,河南洛阳,钼精矿,320.0,80.0,600.0
INV-01549,2027-12-15,WH-01,福建上杭,金矿石,725.3,200.0,2000.0
INV-01550,2027-12-15,WH-01,福建上杭,铜精矿,960.7,300.0,3000.0
INV-01551,2027-12-15,WH-01,福建上杭,银精矿,73.9,50.0,500.0
INV-01552,2027-12-15,WH-02,新疆阿勒泰,金矿石,467.2,150.0,1500.0
INV-01553,2027-12-15,WH-02,新疆阿勒泰,铜精矿,946.4,250.0,2500.0
INV-01554,2027-12-15,WH-02,新疆阿勒泰,锌精矿,1397.4,400.0,4000.0
INV-01555,2027-12-15,WH-03,黑龙江多宝山,铜精矿,590.0,200.0,2000.0
INV-01556,2027-12-15,WH-03,黑龙江多宝山,钼精矿,200.9,100.0,800.0
INV-01557,2027-12-15,WH-04,贵州贞丰,金矿石,341.4,100.0,1000.0
INV-01558,2027-12-15,WH-04,贵州贞丰,锌精矿,969.0,300.0,2500.0
INV-01559,2027-12-15,WH-05,河南洛阳,银精矿,44.3,40.0,400.0
INV-01560,2027-12-15,WH-05,河南洛阳,钼精矿,196.9,80.0,600.0
INV-01561,2028-03-15,WH-01,福建上杭,金矿石,667.9,200.0,2000.0
INV-01562,2028-03-15,WH-01,福建上杭,铜精矿,724.3,300.0,3000.0
INV-01563,2028-03-15,WH-01,福建上杭,银精矿,58.3,50.0,500.0
INV-01564,2028-03-15,WH-02,新疆阿勒泰,金矿石,355.9,150.0,1500.0
INV-01565,2028-03-15,WH-02,新疆阿勒泰,铜精矿,957.3,250.0,2500.0
INV-01566,2028-03-15,WH-02,新疆阿勒泰,锌精矿,1185.1,400.0,4000.0
INV-01567,2028-03-15,WH-03,黑龙江多宝山,铜精矿,533.9,200.0,2000.0
INV-01568,2028-03-15,WH-03,黑龙江多宝山,钼精矿,91.4,100.0,800.0
INV-01569,2028-03-15,WH-04,贵州贞丰,金矿石,300.9,100.0,1000.0
INV-01570,2028-03-15,WH-04,贵州贞丰,锌精矿,716.5,300.0,2500.0
INV-01571,2028-03-15,WH-05,河南洛阳,银精矿,45.1,40.0,400.0
INV-01572,2028-03-15,WH-05,河南洛阳,钼精矿,139.9,80.0,600.0
INV-01573,2028-06-15,WH-01,福建上杭,金矿石,897.3,200.0,2000.0
INV-01574,2028-06-15,WH-01,福建上杭,铜精矿,1571.8,300.0,3000.0
INV-01575,2028-06-15,WH-01,福建上杭,银精矿,102.6,50.0,500.0
INV-01576,2028-06-15,WH-02,新疆阿勒泰,金矿石,616.8,150.0,1500.0
INV-01577,2028-06-15,WH-02,新疆阿勒泰,铜精矿,1194.7,250.0,2500.0
INV-01578,2028-06-15,WH-02,新疆阿勒泰,锌精矿,1798.0,400.0,4000.0
INV-01579,2028-06-15,WH-03,黑龙江多宝山,铜精矿,805.0,200.0,2000.0
INV-01580,2028-06-15,WH-03,黑龙江多宝山,钼精矿,245.9,100.0,800.0
INV-01581,2028-06-15,WH-04,贵州贞丰,金矿石,417.4,100.0,1000.0
INV-01582,2028-06-15,WH-04,贵州贞丰,锌精矿,928.4,300.0,2500.0
INV-01583,2028-06-15,WH-05,河南洛阳,银精矿,64.9,40.0,400.0
INV-01584,2028-06-15,WH-05,河南洛阳,钼精矿,265.6,80.0,600.0
INV-01585,2027-10-15,WH-01,福建上杭,金矿石,775.5,200.0,2000.0
INV-01586,2027-10-15,WH-01,福建上杭,铜精矿,1342.0,300.0,3000.0
INV-01587,2027-10-15,WH-01,福建上杭,银精矿,125.3,50.0,500.0
INV-01588,2027-10-15,WH-02,新疆阿勒泰,金矿石,651.2,150.0,1500.0
INV-01589,2027-10-15,WH-02,新疆阿勒泰,铜精矿,948.3,250.0,2500.0
INV-01590,2027-10-15,WH-02,新疆阿勒泰,锌精矿,1728.6,400.0,4000.0
INV-01591,2027-10-15,WH-03,黑龙江多宝山,铜精矿,746.6,200.0,2000.0
INV-01592,2027-10-15,WH-03,黑龙江多宝山,钼精矿,365.4,100.0,800.0
INV-01593,2027-10-15,WH-04,贵州贞丰,金矿石,378.2,100.0,1000.0
INV-01594,2027-10-15,WH-04,贵州贞丰,锌精矿,1117.8,300.0,2500.0
INV-01595,2027-10-15,WH-05,河南洛阳,银精矿,80.8,40.0,400.0
INV-01596,2027-10-15,WH-05,河南洛阳,钼精矿,308.4,80.0,600.0
INV-01597,2028-01-15,WH-01,福建上杭,金矿石,776.3,200.0,2000.0
INV-01598,2028-01-15,WH-01,福建上杭,铜精矿,1147.8,300.0,3000.0
INV-01599,2028-01-15,WH-01,福建上杭,银精矿,82.6,50.0,500.0
INV-01600,2028-01-15,WH-02,新疆阿勒泰,金矿石,430.6,150.0,1500.0
INV-01601,2028-01-15,WH-02,新疆阿勒泰,铜精矿,1112.7,250.0,2500.0
INV-01602,2028-01-15,WH-02,新疆阿勒泰,锌精矿,1611.7,400.0,4000.0
INV-01603,2028-01-15,WH-03,黑龙江多宝山,铜精矿,698.9,200.0,2000.0
INV-01604,2028-01-15,WH-03,黑龙江多宝山,钼精矿,205.3,100.0,800.0
INV-01605,2028-01-15,WH-04,贵州贞丰,金矿石,314.1,100.0,1000.0
INV-01606,2028-01-15,WH-04,贵州贞丰,锌精矿,960.4,300.0,2500.0
INV-01607,2028-01-15,WH-05,河南洛阳,银精矿,32.9,40.0,400.0
INV-01608,2028-01-15,WH-05,河南洛阳,钼精矿,196.6,80.0,600.0
INV-01609,2028-04-15,WH-01,福建上杭,金矿石,593.9,200.0,2000.0
INV-01610,2028-04-15,WH-01,福建上杭,铜精矿,932.4,300.0,3000.0
INV-01611,2028-04-15,WH-01,福建上杭,银精矿,70.1,50.0,500.0
INV-01612,2028-04-15,WH-02,新疆阿勒泰,金矿石,374.0,150.0,1500.0
INV-01613,2028-04-15,WH-02,新疆阿勒泰,铜精矿,1084.7,250.0,2500.0
INV-01614,2028-04-15,WH-02,新疆阿勒泰,锌精矿,1364.5,400.0,4000.0
INV-01615,2028-04-15,WH-03,黑龙江多宝山,铜精矿,573.3,200.0,2000.0
INV-01616,2028-04-15,WH-03,黑龙江多宝山,钼精矿,83.7,100.0,800.0
INV-01617,2028-04-15,WH-04,贵州贞丰,金矿石,301.7,100.0,1000.0
INV-01618,2028-04-15,WH-04,贵州贞丰,锌精矿,806.7,300.0,2500.0
INV-01619,2028-04-15,WH-05,河南洛阳,银精矿,39.1,40.0,400.0
INV-01620,2028-04-15,WH-05,河南洛阳,钼精矿,130.2,80.0,600.0
INV-01621,2028-07-15,WH-01,福建上杭,金矿石,796.9,200.0,2000.0
INV-01622,2028-07-15,WH-01,福建上杭,铜精矿,1528.1,300.0,3000.0
INV-01623,2028-07-15,WH-01,福建上杭,银精矿,117.7,50.0,500.0
INV-01624,2028-07-15,WH-02,新疆阿勒泰,金矿石,487.4,150.0,1500.0
INV-01625,2028-07-15,WH-02,新疆阿勒泰,铜精矿,954.8,250.0,2500.0
INV-01626,2028-07-15,WH-02,新疆阿勒泰,锌精矿,1507.6,400.0,4000.0
INV-01627,2028-07-15,WH-03,黑龙江多宝山,铜精矿,617.8,200.0,2000.0
INV-01628,2028-07-15,WH-03,黑龙江多宝山,钼精矿,276.6,100.0,800.0
INV-01629,2028-07-15,WH-04,贵州贞丰,金矿石,505.6,100.0,1000.0
INV-01630,2028-07-15,WH-04,贵州贞丰,锌精矿,977.6,300.0,2500.0
INV-01631,2028-07-15,WH-05,河南洛阳,银精矿,80.8,40.0,400.0
INV-01632,2028-07-15,WH-05,河南洛阳,钼精矿,343.5,80.0,600.0
INV-01633,2027-11-15,WH-01,福建上杭,金矿石,928.3,200.0,2000.0
INV-01634,2027-11-15,WH-01,福建上杭,铜精矿,1260.5,300.0,3000.0
INV-01635,2027-11-15,WH-01,福建上杭,银精矿,126.9,50.0,500.0
INV-01636,2027-11-15,WH-02,新疆阿勒泰,金矿石,595.6,150.0,1500.0
INV-01637,2027-11-15,WH-02,新疆阿勒泰,铜精矿,1039.9,250.0,2500.0
INV-01638,2027-11-15,WH-02,新疆阿勒泰,锌精矿,1647.3,400.0,4000.0
INV-01639,2027-11-15,WH-03,黑龙江多宝山,铜精矿,754.6,200.0,2000.0
INV-01640,2027-11-15,WH-03,黑龙江多宝山,钼精矿,386.8,100.0,800.0
INV-01641,2027-11-15,WH-04,贵州贞丰,金矿石,360.1,100.0,1000.0
INV-01642,2027-11-15,WH-04,贵州贞丰,锌精矿,1026.8,300.0,2500.0
INV-01643,2027-11-15,WH-05,河南洛阳,银精矿,84.1,40.0,400.0
INV-01644,2027-11-15,WH-05,河南洛阳,钼精矿,302.0,80.0,600.0
INV-01645,2028-02-15,WH-01,福建上杭,金矿石,752.6,200.0,2000.0
INV-01646,2028-02-15,WH-01,福建上杭,铜精矿,859.3,300.0,3000.0
INV-01647,2028-02-15,WH-01,福建上杭,银精矿,87.4,50.0,500.0
INV-01648,2028-02-15,WH-02,新疆阿勒泰,金矿石,452.7,150.0,1500.0
INV-01649,2028-02-15,WH-02,新疆阿勒泰,铜精矿,1092.7,250.0,2500.0
INV-01650,2028-02-15,WH-02,新疆阿勒泰,锌精矿,1418.1,400.0,4000.0
INV-01651,2028-02-15,WH-03,黑龙江多宝山,铜精矿,550.5,200.0,2000.0
INV-01652,2028-02-15,WH-03,黑龙江多宝山,钼精矿,163.4,100.0,800.0
INV-01653,2028-02-15,WH-04,贵州贞丰,金矿石,383.5,100.0,1000.0
INV-01654,2028-02-15,WH-04,贵州贞丰,锌精矿,832.3,300.0,2500.0
INV-01655,2028-02-15,WH-05,河南洛阳,银精矿,36.5,40.0,400.0
INV-01656,2028-02-15,WH-05,河南洛阳,钼精矿,202.0,80.0,600.0
INV-01657,2028-05-15,WH-01,福建上杭,金矿石,542.9,200.0,2000.0
INV-01658,2028-05-15,WH-01,福建上杭,铜精矿,847.3,300.0,3000.0
INV-01659,2028-05-15,WH-01,福建上杭,银精矿,67.0,50.0,500.0
INV-01660,2028-05-15,WH-02,新疆阿勒泰,金矿石,329.8,150.0,1500.0
INV-01661,2028-05-15,WH-02,新疆阿勒泰,铜精矿,994.2,250.0,2500.0
INV-01662,2028-05-15,WH-02,新疆阿勒泰,锌精矿,1532.3,400.0,4000.0
INV-01663,2028-05-15,WH-03,黑龙江多宝山,铜精矿,550.2,200.0,2000.0
INV-01664,2028-05-15,WH-03,黑龙江多宝山,钼精矿,86.9,100.0,800.0
INV-01665,2028-05-15,WH-04,贵州贞丰,金矿石,286.4,100.0,1000.0
INV-01666,2028-05-15,WH-04,贵州贞丰,锌精矿,801.7,300.0,2500.0
INV-01667,2028-05-15,WH-05,河南洛阳,银精矿,48.4,40.0,400.0
INV-01668,2028-05-15,WH-05,河南洛阳,钼精矿,139.6,80.0,600.0
INV-01669,2028-08-15,WH-01,福建上杭,金矿石,895.3,200.0,2000.0
INV-01670,2028-08-15,WH-01,福建上杭,铜精矿,1467.8,300.0,3000.0
INV-01671,2028-08-15,WH-01,福建上杭,银精矿,116.2,50.0,500.0
INV-01672,2028-08-15,WH-02,新疆阿勒泰,金矿石,586.0,150.0,1500.0
INV-01673,2028-08-15,WH-02,新疆阿勒泰,铜精矿,1077.1,250.0,2500.0
INV-01674,2028-08-15,WH-02,新疆阿勒泰,锌精矿,1639.6,400.0,4000.0
INV-01675,2028-08-15,WH-03,黑龙江多宝山,铜精矿,789.1,200.0,2000.0
INV-01676,2028-08-15,WH-03,黑龙江多宝山,钼精矿,227.3,100.0,800.0
INV-01677,2028-08-15,WH-04,贵州贞丰,金矿石,539.2,100.0,1000.0
INV-01678,2028-08-15,WH-04,贵州贞丰,锌精矿,1108.1,300.0,2500.0
INV-01679,2028-08-15,WH-05,河南洛阳,银精矿,81.9,40.0,400.0
INV-01680,2028-08-15,WH-05,河南洛阳,钼精矿,278.6,80.0,600.0
INV-01681,2027-12-15,WH-01,福建上杭,金矿石,782.4,200.0,2000.0
INV-01682,2027-12-15,WH-01,福建上杭,铜精矿,1042.4,300.0,3000.0
INV-01683,2027-12-15,WH-01,福建上杭,银精矿,140.6,50.0,500.0
INV-01684,2027-12-15,WH-02,新疆阿勒泰,金矿石,672.1,150.0,1500.0
INV-01685,2027-12-15,WH-02,新疆阿勒泰,铜精矿,826.4,250.0,2500.0
INV-01686,2027-12-15,WH-02,新疆阿勒泰,锌精矿,1813.8,400.0,4000.0
INV-01687,2027-12-15,WH-03,黑龙江多宝山,铜精矿,839.5,200.0,2000.0
INV-01688,2027-12-15,WH-03,黑龙江多宝山,钼精矿,300.3,100.0,800.0
INV-01689,2027-12-15,WH-04,贵州贞丰,金矿石,361.4,100.0,1000.0
INV-01690,2027-12-15,WH-04,贵州贞丰,锌精矿,1198.6,300.0,2500.0
INV-01691,2027-12-15,WH-05,河南洛阳,银精矿,91.5,40.0,400.0
INV-01692,2027-12-15,WH-05,河南洛阳,钼精矿,326.6,80.0,600.0
INV-01693,2028-03-15,WH-01,福建上杭,金矿石,823.0,200.0,2000.0
INV-01694,2028-03-15,WH-01,福建上杭,铜精矿,962.9,300.0,3000.0
INV-01695,2028-03-15,WH-01,福建上杭,银精矿,80.1,50.0,500.0
INV-01696,2028-03-15,WH-02,新疆阿勒泰,金矿石,475.3,150.0,1500.0
INV-01697,2028-03-15,WH-02,新疆阿勒泰,铜精矿,1050.2,250.0,2500.0
INV-01698,2028-03-15,WH-02,新疆阿勒泰,锌精矿,1394.0,400.0,4000.0
INV-01699,2028-03-15,WH-03,黑龙江多宝山,铜精矿,701.2,200.0,2000.0
INV-01700,2028-03-15,WH-03,黑龙江多宝山,钼精矿,175.0,100.0,800.0
INV-01701,2028-03-15,WH-04,贵州贞丰,金矿石,379.3,100.0,1000.0
INV-01702,2028-03-15,WH-04,贵州贞丰,锌精矿,775.1,300.0,2500.0
INV-01703,2028-03-15,WH-05,河南洛阳,银精矿,37.4,40.0,400.0
INV-01704,2028-03-15,WH-05,河南洛阳,钼精矿,250.5,80.0,600.0
INV-01705,2028-06-15,WH-01,福建上杭,金矿石,552.1,200.0,2000.0
INV-01706,2028-06-15,WH-01,福建上杭,铜精矿,723.8,300.0,3000.0
INV-01707,2028-06-15,WH-01,福建上杭,银精矿,57.6,50.0,500.0
INV-01708,2028-06-15,WH-02,新疆阿勒泰,金矿石,448.2,150.0,1500.0
INV-01709,2028-06-15,WH-02,新疆阿勒泰,铜精矿,1016.2,250.0,2500.0
INV-01710,2028-06-15,WH-02,新疆阿勒泰,锌精矿,1541.0,400.0,4000.0
INV-01711,2028-06-15,WH-03,黑龙江多宝山,铜精矿,631.0,200.0,2000.0
INV-01712,2028-06-15,WH-03,黑龙江多宝山,钼精矿,89.0,100.0,800.0
INV-01713,2028-06-15,WH-04,贵州贞丰,金矿石,287.0,100.0,1000.0
INV-01714,2028-06-15,WH-04,贵州贞丰,锌精矿,762.4,300.0,2500.0
INV-01715,2028-06-15,WH-05,河南洛阳,银精矿,39.7,40.0,400.0
INV-01716,2028-06-15,WH-05,河南洛阳,钼精矿,142.8,80.0,600.0
INV-01717,2028-09-15,WH-01,福建上杭,金矿石,1036.8,200.0,2000.0
INV-01718,2028-09-15,WH-01,福建上杭,铜精矿,1284.0,300.0,3000.0
INV-01719,2028-09-15,WH-01,福建上杭,银精矿,108.5,50.0,500.0
INV-01720,2028-09-15,WH-02,新疆阿勒泰,金矿石,612.1,150.0,1500.0
INV-01721,2028-09-15,WH-02,新疆阿勒泰,铜精矿,1196.2,250.0,2500.0
INV-01722,2028-09-15,WH-02,新疆阿勒泰,锌精矿,1459.0,400.0,4000.0
INV-01723,2028-09-15,WH-03,黑龙江多宝山,铜精矿,703.6,200.0,2000.0
INV-01724,2028-09-15,WH-03,黑龙江多宝山,钼精矿,268.4,100.0,800.0
INV-01725,2028-09-15,WH-04,贵州贞丰,金矿石,518.3,100.0,1000.0
INV-01726,2028-09-15,WH-04,贵州贞丰,锌精矿,1223.0,300.0,2500.0
INV-01727,2028-09-15,WH-05,河南洛阳,银精矿,85.3,40.0,400.0
INV-01728,2028-09-15,WH-05,河南洛阳,钼精矿,346.7,80.0,600.0
INV-01729,2028-01-15,WH-01,福建上杭,金矿石,882.7,200.0,2000.0
INV-01730,2028-01-15,WH-01,福建上杭,铜精矿,1332.8,300.0,3000.0
INV-01731,2028-01-15,WH-01,福建上杭,银精矿,102.1,50.0,500.0
INV-01732,2028-01-15,WH-02,新疆阿勒泰,金矿石,598.1,150.0,1500.0
INV-01733,2028-01-15,WH-02,新疆阿勒泰,铜精矿,943.0,250.0,2500.0
INV-01734,2028-01-15,WH-02,新疆阿勒泰,锌精矿,1930.1,400.0,4000.0
INV-01735,2028-01-15,WH-03,黑龙江多宝山,铜精矿,701.7,200.0,2000.0
INV-01736,2028-01-15,WH-03,黑龙江多宝山,钼精矿,360.4,100.0,800.0
INV-01737,2028-01-15,WH-04,贵州贞丰,金矿石,414.8,100.0,1000.0
INV-01738,2028-01-15,WH-04,贵州贞丰,锌精矿,986.3,300.0,2500.0
INV-01739,2028-01-15,WH-05,河南洛阳,银精矿,93.7,40.0,400.0
INV-01740,2028-01-15,WH-05,河南洛阳,钼精矿,278.2,80.0,600.0
INV-01741,2028-04-15,WH-01,福建上杭,金矿石,765.8,200.0,2000.0
INV-01742,2028-04-15,WH-01,福建上杭,铜精矿,926.4,300.0,3000.0
INV-01743,2028-04-15,WH-01,福建上杭,银精矿,97.6,50.0,500.0
INV-01744,2028-04-15,WH-02,新疆阿勒泰,金矿石,451.6,150.0,1500.0
INV-01745,2028-04-15,WH-02,新疆阿勒泰,铜精矿,1257.9,250.0,2500.0
INV-01746,2028-04-15,WH-02,新疆阿勒泰,锌精矿,1495.0,400.0,4000.0
INV-01747,2028-04-15,WH-03,黑龙江多宝山,铜精矿,582.3,200.0,2000.0
INV-01748,2028-04-15,WH-03,黑龙江多宝山,钼精矿,201.7,100.0,800.0
INV-01749,2028-04-15,WH-04,贵州贞丰,金矿石,328.2,100.0,1000.0
INV-01750,2028-04-15,WH-04,贵州贞丰,锌精矿,817.1,300.0,2500.0
INV-01751,2028-04-15,WH-05,河南洛阳,银精矿,43.3,40.0,400.0
INV-01752,2028-04-15,WH-05,河南洛阳,钼精矿,233.0,80.0,600.0
INV-01753,2028-07-15,WH-01,福建上杭,金矿石,617.2,200.0,2000.0
INV-01754,2028-07-15,WH-01,福建上杭,铜精矿,808.3,300.0,3000.0
INV-01755,2028-07-15,WH-01,福建上杭,银精矿,74.4,50.0,500.0
INV-01756,2028-07-15,WH-02,新疆阿勒泰,金矿石,398.2,150.0,1500.0
INV-01757,2028-07-15,WH-02,新疆阿勒泰,铜精矿,1050.0,250.0,2500.0
INV-01758,2028-07-15,WH-02,新疆阿勒泰,锌精矿,1184.2,400.0,4000.0
INV-01759,2028-07-15,WH-03,黑龙江多宝山,铜精矿,474.1,200.0,2000.0
INV-01760,2028-07-15,WH-03,黑龙江多宝山,钼精矿,85.5,100.0,800.0
INV-01761,2028-07-15,WH-04,贵州贞丰,金矿石,253.2,100.0,1000.0
INV-01762,2028-07-15,WH-04,贵州贞丰,锌精矿,761.7,300.0,2500.0
INV-01763,2028-07-15,WH-05,河南洛阳,银精矿,45.5,40.0,400.0
INV-01764,2028-07-15,WH-05,河南洛阳,钼精矿,154.3,80.0,600.0
INV-01765,2028-10-15,WH-01,福建上杭,金矿石,962.3,200.0,2000.0
INV-01766,2028-10-15,WH-01,福建上杭,铜精矿,1379.9,300.0,3000.0
INV-01767,2028-10-15,WH-01,福建上杭,银精矿,102.7,50.0,500.0
INV-01768,2028-10-15,WH-02,新疆阿勒泰,金矿石,502.7,150.0,1500.0
INV-01769,2028-10-15,WH-02,新疆阿勒泰,铜精矿,1165.2,250.0,2500.0
INV-01770,2028-10-15,WH-02,新疆阿勒泰,锌精矿,1550.0,400.0,4000.0
INV-01771,2028-10-15,WH-03,黑龙江多宝山,铜精矿,666.4,200.0,2000.0
INV-01772,2028-10-15,WH-03,黑龙江多宝山,钼精矿,258.1,100.0,800.0
INV-01773,2028-10-15,WH-04,贵州贞丰,金矿石,428.7,100.0,1000.0
INV-01774,2028-10-15,WH-04,贵州贞丰,锌精矿,1021.4,300.0,2500.0
INV-01775,2028-10-15,WH-05,河南洛阳,银精矿,73.6,40.0,400.0
INV-01776,2028-10-15,WH-05,河南洛阳,钼精矿,295.9,80.0,600.0
INV-01777,2028-02-15,WH-01,福建上杭,金矿石,830.8,200.0,2000.0
INV-01778,2028-02-15,WH-01,福建上杭,铜精矿,1159.7,300.0,3000.0
INV-01779,2028-02-15,WH-01,福建上杭,银精矿,133.3,50.0,500.0
INV-01780,2028-02-15,WH-02,新疆阿勒泰,金矿石,672.7,150.0,1500.0
INV-01781,2028-02-15,WH-02,新疆阿勒泰,铜精矿,952.2,250.0,2500.0
INV-01782,2028-02-15,WH-02,新疆阿勒泰,锌精矿,1853.8,400.0,4000.0
INV-01783,2028-02-15,WH-03,黑龙江多宝山,铜精矿,765.0,200.0,2000.0
INV-01784,2028-02-15,WH-03,黑龙江多宝山,钼精矿,360.1,100.0,800.0
INV-01785,2028-02-15,WH-04,贵州贞丰,金矿石,399.3,100.0,1000.0
INV-01786,2028-02-15,WH-04,贵州贞丰,锌精矿,1033.7,300.0,2500.0
INV-01787,2028-02-15,WH-05,河南洛阳,银精矿,81.5,40.0,400.0
INV-01788,2028-02-15,WH-05,河南洛阳,钼精矿,316.5,80.0,600.0
INV-01789,2028-05-15,WH-01,福建上杭,金矿石,835.2,200.0,2000.0
INV-01790,2028-05-15,WH-01,福建上杭,铜精矿,1055.1,300.0,3000.0
INV-01791,2028-05-15,WH-01,福建上杭,银精矿,90.1,50.0,500.0
INV-01792,2028-05-15,WH-02,新疆阿勒泰,金矿石,436.7,150.0,1500.0
INV-01793,2028-05-15,WH-02,新疆阿勒泰,铜精矿,1251.1,250.0,2500.0
INV-01794,2028-05-15,WH-02,新疆阿勒泰,锌精矿,1584.2,400.0,4000.0
INV-01795,2028-05-15,WH-03,黑龙江多宝山,铜精矿,624.7,200.0,2000.0
INV-01796,2028-05-15,WH-03,黑龙江多宝山,钼精矿,168.3,100.0,800.0
INV-01797,2028-05-15,WH-04,贵州贞丰,金矿石,320.3,100.0,1000.0
INV-01798,2028-05-15,WH-04,贵州贞丰,锌精矿,847.0,300.0,2500.0
INV-01799,2028-05-15,WH-05,河南洛阳,银精矿,39.5,40.0,400.0
INV-01800,2028-05-15,WH-05,河南洛阳,钼精矿,187.4,80.0,600.0
INV-01801,2028-08-15,WH-01,福建上杭,金矿石,526.9,200.0,2000.0
INV-01802,2028-08-15,WH-01,福建上杭,铜精矿,940.6,300.0,3000.0
INV-01803,2028-08-15,WH-01,福建上杭,银精矿,56.5,50.0,500.0
INV-01804,2028-08-15,WH-02,新疆阿勒泰,金矿石,438.0,150.0,1500.0
INV-01805,2028-08-15,WH-02,新疆阿勒泰,铜精矿,921.9,250.0,2500.0
INV-01806,2028-08-15,WH-02,新疆阿勒泰,锌精矿,1381.4,400.0,4000.0
INV-01807,2028-08-15,WH-03,黑龙江多宝山,铜精矿,500.4,200.0,2000.0
INV-01808,2028-08-15,WH-03,黑龙江多宝山,钼精矿,87.3,100.0,800.0
INV-01809,2028-08-15,WH-04,贵州贞丰,金矿石,323.9,100.0,1000.0
INV-01810,2028-08-15,WH-04,贵州贞丰,锌精矿,842.8,300.0,2500.0
INV-01811,2028-08-15,WH-05,河南洛阳,银精矿,45.4,40.0,400.0
INV-01812,2028-08-15,WH-05,河南洛阳,钼精矿,155.2,80.0,600.0
INV-01813,2028-11-15,WH-01,福建上杭,金矿石,825.5,200.0,2000.0
INV-01814,2028-11-15,WH-01,福建上杭,铜精矿,1196.5,300.0,3000.0
INV-01815,2028-11-15,WH-01,福建上杭,银精矿,126.7,50.0,500.0
INV-01816,2028-11-15,WH-02,新疆阿勒泰,金矿石,622.8,150.0,1500.0
INV-01817,2028-11-15,WH-02,新疆阿勒泰,铜精矿,1176.7,250.0,2500.0
INV-01818,2028-11-15,WH-02,新疆阿勒泰,锌精矿,1629.0,400.0,4000.0
INV-01819,2028-11-15,WH-03,黑龙江多宝山,铜精矿,626.4,200.0,2000.0
INV-01820,2028-11-15,WH-03,黑龙江多宝山,钼精矿,214.1,100.0,800.0
INV-01821,2028-11-15,WH-04,贵州贞丰,金矿石,551.2,100.0,1000.0
INV-01822,2028-11-15,WH-04,贵州贞丰,锌精矿,1166.5,300.0,2500.0
INV-01823,2028-11-15,WH-05,河南洛阳,银精矿,86.0,40.0,400.0
INV-01824,2028-11-15,WH-05,河南洛阳,钼精矿,275.7,80.0,600.0
INV-01825,2028-03-15,WH-01,福建上杭,金矿石,798.3,200.0,2000.0
INV-01826,2028-03-15,WH-01,福建上杭,铜精矿,1083.3,300.0,3000.0
INV-01827,2028-03-15,WH-01,福建上杭,银精矿,139.3,50.0,500.0
INV-01828,2028-03-15,WH-02,新疆阿勒泰,金矿石,544.2,150.0,1500.0
INV-01829,2028-03-15,WH-02,新疆阿勒泰,铜精矿,938.4,250.0,2500.0
INV-01830,2028-03-15,WH-02,新疆阿勒泰,锌精矿,2077.5,400.0,4000.0
INV-01831,2028-03-15,WH-03,黑龙江多宝山,铜精矿,822.0,200.0,2000.0
INV-01832,2028-03-15,WH-03,黑龙江多宝山,钼精矿,358.9,100.0,800.0
INV-01833,2028-03-15,WH-04,贵州贞丰,金矿石,387.9,100.0,1000.0
INV-01834,2028-03-15,WH-04,贵州贞丰,锌精矿,1273.2,300.0,2500.0
INV-01835,2028-03-15,WH-05,河南洛阳,银精矿,88.3,40.0,400.0
INV-01836,2028-03-15,WH-05,河南洛阳,钼精矿,276.1,80.0,600.0
INV-01837,2028-06-15,WH-01,福建上杭,金矿石,750.6,200.0,2000.0
INV-01838,2028-06-15,WH-01,福建上杭,铜精矿,1076.0,300.0,3000.0
INV-01839,2028-06-15,WH-01,福建上杭,银精矿,76.4,50.0,500.0
INV-01840,2028-06-15,WH-02,新疆阿勒泰,金矿石,413.8,150.0,1500.0
INV-01841,2028-06-15,WH-02,新疆阿勒泰,铜精矿,1271.2,250.0,2500.0
INV-01842,2028-06-15,WH-02,新疆阿勒泰,锌精矿,1461.0,400.0,4000.0
INV-01843,2028-06-15,WH-03,黑龙江多宝山,铜精矿,609.8,200.0,2000.0
INV-01844,2028-06-15,WH-03,黑龙江多宝山,钼精矿,195.4,100.0,800.0
INV-01845,2028-06-15,WH-04,贵州贞丰,金矿石,346.3,100.0,1000.0
INV-01846,2028-06-15,WH-04,贵州贞丰,锌精矿,891.9,300.0,2500.0
INV-01847,2028-06-15,WH-05,河南洛阳,银精矿,37.0,40.0,400.0
INV-01848,2028-06-15,WH-05,河南洛阳,钼精矿,192.1,80.0,600.0
INV-01849,2028-09-15,WH-01,福建上杭,金矿石,603.0,200.0,2000.0
INV-01850,2028-09-15,WH-01,福建上杭,铜精矿,952.5,300.0,3000.0
INV-01851,2028-09-15,WH-01,福建上杭,银精矿,59.5,50.0,500.0
INV-01852,2028-09-15,WH-02,新疆阿勒泰,金矿石,377.1,150.0,1500.0
INV-01853,2028-09-15,WH-02,新疆阿勒泰,铜精矿,1044.6,250.0,2500.0
INV-01854,2028-09-15,WH-02,新疆阿勒泰,锌精矿,1426.7,400.0,4000.0
INV-01855,2028-09-15,WH-03,黑龙江多宝山,铜精矿,578.9,200.0,2000.0
INV-01856,2028-09-15,WH-03,黑龙江多宝山,钼精矿,94.4,100.0,800.0
INV-01857,2028-09-15,WH-04,贵州贞丰,金矿石,258.7,100.0,1000.0
INV-01858,2028-09-15,WH-04,贵州贞丰,锌精矿,825.6,300.0,2500.0
INV-01859,2028-09-15,WH-05,河南洛阳,银精矿,43.4,40.0,400.0
INV-01860,2028-09-15,WH-05,河南洛阳,钼精矿,135.3,80.0,600.0
INV-01861,2028-12-15,WH-01,福建上杭,金矿石,832.5,200.0,2000.0
INV-01862,2028-12-15,WH-01,福建上杭,铜精矿,1537.5,300.0,3000.0
INV-01863,2028-12-15,WH-01,福建上杭,银精矿,126.7,50.0,500.0
INV-01864,2028-12-15,WH-02,新疆阿勒泰,金矿石,613.6,150.0,1500.0
INV-01865,2028-12-15,WH-02,新疆阿勒泰,铜精矿,1105.2,250.0,2500.0
INV-01866,2028-12-15,WH-02,新疆阿勒泰,锌精矿,1926.4,400.0,4000.0
INV-01867,2028-12-15,WH-03,黑龙江多宝山,铜精矿,808.1,200.0,2000.0
INV-01868,2028-12-15,WH-03,黑龙江多宝山,钼精矿,271.0,100.0,800.0
INV-01869,2028-12-15,WH-04,贵州贞丰,金矿石,428.2,100.0,1000.0
INV-01870,2028-12-15,WH-04,贵州贞丰,锌精矿,1003.2,300.0,2500.0
INV-01871,2028-12-15,WH-05,河南洛阳,银精矿,75.3,40.0,400.0
INV-01872,2028-12-15,WH-05,河南洛阳,钼精矿,270.3,80.0,600.0
INV-01873,2028-04-15,WH-01,福建上杭,金矿石,953.9,200.0,2000.0
INV-01874,2028-04-15,WH-01,福建上杭,铜精矿,1038.1,300.0,3000.0
INV-01875,2028-04-15,WH-01,福建上杭,银精矿,104.7,50.0,500.0
INV-01876,2028-04-15,WH-02,新疆阿勒泰,金矿石,650.8,150.0,1500.0
INV-01877,2028-04-15,WH-02,新疆阿勒泰,铜精矿,967.2,250.0,2500.0
INV-01878,2028-04-15,WH-02,新疆阿勒泰,锌精矿,2016.0,400.0,4000.0
INV-01879,2028-04-15,WH-03,黑龙江多宝山,铜精矿,771.8,200.0,2000.0
INV-01880,2028-04-15,WH-03,黑龙江多宝山,钼精矿,298.6,100.0,800.0
INV-01881,2028-04-15,WH-04,贵州贞丰,金矿石,472.1,100.0,1000.0
INV-01882,2028-04-15,WH-04,贵州贞丰,锌精矿,1149.9,300.0,2500.0
INV-01883,2028-04-15,WH-05,河南洛阳,银精矿,87.8,40.0,400.0
INV-01884,2028-04-15,WH-05,河南洛阳,钼精矿,259.1,80.0,600.0
INV-01885,2028-07-15,WH-01,福建上杭,金矿石,697.1,200.0,2000.0
INV-01886,2028-07-15,WH-01,福建上杭,铜精矿,1026.4,300.0,3000.0
INV-01887,2028-07-15,WH-01,福建上杭,银精矿,76.5,50.0,500.0
INV-01888,2028-07-15,WH-02,新疆阿勒泰,金矿石,408.2,150.0,1500.0
INV-01889,2028-07-15,WH-02,新疆阿勒泰,铜精矿,1217.1,250.0,2500.0
INV-01890,2028-07-15,WH-02,新疆阿勒泰,锌精矿,1604.9,400.0,4000.0
INV-01891,2028-07-15,WH-03,黑龙江多宝山,铜精矿,679.1,200.0,2000.0
INV-01892,2028-07-15,WH-03,黑龙江多宝山,钼精矿,189.3,100.0,800.0
INV-01893,2028-07-15,WH-04,贵州贞丰,金矿石,313.3,100.0,1000.0
INV-01894,2028-07-15,WH-04,贵州贞丰,锌精矿,1033.9,300.0,2500.0
INV-01895,2028-07-15,WH-05,河南洛阳,银精矿,40.8,40.0,400.0
INV-01896,2028-07-15,WH-05,河南洛阳,钼精矿,257.0,80.0,600.0
INV-01897,2028-10-15,WH-01,福建上杭,金矿石,493.7,200.0,2000.0
INV-01898,2028-10-15,WH-01,福建上杭,铜精矿,756.2,300.0,3000.0
INV-01899,2028-10-15,WH-01,福建上杭,银精矿,74.3,50.0,500.0
INV-01900,2028-10-15,WH-02,新疆阿勒泰,金矿石,327.2,150.0,1500.0
INV-01901,2028-10-15,WH-02,新疆阿勒泰,铜精矿,846.1,250.0,2500.0
INV-01902,2028-10-15,WH-02,新疆阿勒泰,锌精矿,1440.3,400.0,4000.0
INV-01903,2028-10-15,WH-03,黑龙江多宝山,铜精矿,504.3,200.0,2000.0
INV-01904,2028-10-15,WH-03,黑龙江多宝山,钼精矿,102.4,100.0,800.0
INV-01905,2028-10-15,WH-04,贵州贞丰,金矿石,307.1,100.0,1000.0
INV-01906,2028-10-15,WH-04,贵州贞丰,锌精矿,872.6,300.0,2500.0
INV-01907,2028-10-15,WH-05,河南洛阳,银精矿,47.9,40.0,400.0
INV-01908,2028-10-15,WH-05,河南洛阳,钼精矿,142.5,80.0,600.0
INV-01909,2029-01-15,WH-01,福建上杭,金矿石,868.6,200.0,2000.0
INV-01910,2029-01-15,WH-01,福建上杭,铜精矿,1517.7,300.0,3000.0
INV-01911,2029-01-15,WH-01,福建上杭,银精矿,117.8,50.0,500.0
INV-01912,2029-01-15,WH-02,新疆阿勒泰,金矿石,520.4,150.0,1500.0
INV-01913,2029-01-15,WH-02,新疆阿勒泰,铜精矿,1041.8,250.0,2500.0
INV-01914,2029-01-15,WH-02,新疆阿勒泰,锌精矿,1919.2,400.0,4000.0
INV-01915,2029-01-15,WH-03,黑龙江多宝山,铜精矿,750.6,200.0,2000.0
INV-01916,2029-01-15,WH-03,黑龙江多宝山,钼精矿,271.4,100.0,800.0
INV-01917,2029-01-15,WH-04,贵州贞丰,金矿石,560.3,100.0,1000.0
INV-01918,2029-01-15,WH-04,贵州贞丰,锌精矿,967.2,300.0,2500.0
INV-01919,2029-01-15,WH-05,河南洛阳,银精矿,71.1,40.0,400.0
INV-01920,2029-01-15,WH-05,河南洛阳,钼精矿,290.9,80.0,600.0
INV-01921,2028-05-15,WH-01,福建上杭,金矿石,877.0,200.0,2000.0
INV-01922,2028-05-15,WH-01,福建上杭,铜精矿,1390.0,300.0,3000.0
INV-01923,2028-05-15,WH-01,福建上杭,银精矿,114.2,50.0,500.0
INV-01924,2028-05-15,WH-02,新疆阿勒泰,金矿石,618.0,150.0,1500.0
INV-01925,2028-05-15,WH-02,新疆阿勒泰,铜精矿,1028.2,250.0,2500.0
INV-01926,2028-05-15,WH-02,新疆阿勒泰,锌精矿,1675.2,400.0,4000.0
INV-01927,2028-05-15,WH-03,黑龙江多宝山,铜精矿,760.1,200.0,2000.0
INV-01928,2028-05-15,WH-03,黑龙江多宝山,钼精矿,297.6,100.0,800.0
INV-01929,2028-05-15,WH-04,贵州贞丰,金矿石,415.3,100.0,1000.0
INV-01930,2028-05-15,WH-04,贵州贞丰,锌精矿,1280.9,300.0,2500.0
INV-01931,2028-05-15,WH-05,河南洛阳,银精矿,104.2,40.0,400.0
INV-01932,2028-05-15,WH-05,河南洛阳,钼精矿,262.3,80.0,600.0
INV-01933,2028-08-15,WH-01,福建上杭,金矿石,776.8,200.0,2000.0
INV-01934,2028-08-15,WH-01,福建上杭,铜精矿,1074.3,300.0,3000.0
INV-01935,2028-08-15,WH-01,福建上杭,银精矿,97.8,50.0,500.0
INV-01936,2028-08-15,WH-02,新疆阿勒泰,金矿石,505.6,150.0,1500.0
INV-01937,2028-08-15,WH-02,新疆阿勒泰,铜精矿,1053.6,250.0,2500.0
INV-01938,2028-08-15,WH-02,新疆阿勒泰,锌精矿,1627.4,400.0,4000.0
INV-01939,2028-08-15,WH-03,黑龙江多宝山,铜精矿,569.2,200.0,2000.0
INV-01940,2028-08-15,WH-03,黑龙江多宝山,钼精矿,160.5,100.0,800.0
INV-01941,2028-08-15,WH-04,贵州贞丰,金矿石,359.4,100.0,1000.0
INV-01942,2028-08-15,WH-04,贵州贞丰,锌精矿,951.4,300.0,2500.0
INV-01943,2028-08-15,WH-05,河南洛阳,银精矿,43.0,40.0,400.0
INV-01944,2028-08-15,WH-05,河南洛阳,钼精矿,223.4,80.0,600.0
INV-01945,2028-11-15,WH-01,福建上杭,金矿石,515.0,200.0,2000.0
INV-01946,2028-11-15,WH-01,福建上杭,铜精矿,813.4,300.0,3000.0
INV-01947,2028-11-15,WH-01,福建上杭,银精矿,65.9,50.0,500.0
INV-01948,2028-11-15,WH-02,新疆阿勒泰,金矿石,350.4,150.0,1500.0
INV-01949,2028-11-15,WH-02,新疆阿勒泰,铜精矿,919.2,250.0,2500.0
INV-01950,2028-11-15,WH-02,新疆阿勒泰,锌精矿,1164.8,400.0,4000.0
INV-01951,2028-11-15,WH-03,黑龙江多宝山,铜精矿,546.9,200.0,2000.0
INV-01952,2028-11-15,WH-03,黑龙江多宝山,钼精矿,76.6,100.0,800.0
INV-01953,2028-11-15,WH-04,贵州贞丰,金矿石,264.9,100.0,1000.0
INV-01954,2028-11-15,WH-04,贵州贞丰,锌精矿,747.6,300.0,2500.0
INV-01955,2028-11-15,WH-05,河南洛阳,银精矿,46.0,40.0,400.0
INV-01956,2028-11-15,WH-05,河南洛阳,钼精矿,130.3,80.0,600.0
INV-01957,2029-02-15,WH-01,福建上杭,金矿石,1037.5,200.0,2000.0
INV-01958,2029-02-15,WH-01,福建上杭,铜精矿,1510.8,300.0,3000.0
INV-01959,2029-02-15,WH-01,福建上杭,银精矿,109.3,50.0,500.0
INV-01960,2029-02-15,WH-02,新疆阿勒泰,金矿石,629.1,150.0,1500.0
INV-01961,2029-02-15,WH-02,新疆阿勒泰,铜精矿,1137.4,250.0,2500.0
INV-01962,2029-02-15,WH-02,新疆阿勒泰,锌精矿,1404.7,400.0,4000.0
INV-01963,2029-02-15,WH-03,黑龙江多宝山,铜精矿,787.4,200.0,2000.0
INV-01964,2029-02-15,WH-03,黑龙江多宝山,钼精矿,230.6,100.0,800.0
INV-01965,2029-02-15,WH-04,贵州贞丰,金矿石,482.4,100.0,1000.0
INV-01966,2029-02-15,WH-04,贵州贞丰,锌精矿,1123.3,300.0,2500.0
INV-01967,2029-02-15,WH-05,河南洛阳,银精矿,83.1,40.0,400.0
INV-01968,2029-02-15,WH-05,河南洛阳,钼精矿,341.3,80.0,600.0
INV-01969,2028-06-15,WH-01,福建上杭,金矿石,779.3,200.0,2000.0
INV-01970,2028-06-15,WH-01,福建上杭,铜精矿,1191.5,300.0,3000.0
INV-01971,2028-06-15,WH-01,福建上杭,银精矿,104.2,50.0,500.0
INV-01972,2028-06-15,WH-02,新疆阿勒泰,金矿石,622.6,150.0,1500.0
INV-01973,2028-06-15,WH-02,新疆阿勒泰,铜精矿,1039.4,250.0,2500.0
INV-01974,2028-06-15,WH-02,新疆阿勒泰,锌精矿,1735.7,400.0,4000.0
INV-01975,2028-06-15,WH-03,黑龙江多宝山,铜精矿,903.3,200.0,2000.0
INV-01976,2028-06-15,WH-03,黑龙江多宝山,钼精矿,405.6,100.0,800.0
INV-01977,2028-06-15,WH-04,贵州贞丰,金矿石,441.5,100.0,1000.0
INV-01978,2028-06-15,WH-04,贵州贞丰,锌精矿,1127.4,300.0,2500.0
INV-01979,2028-06-15,WH-05,河南洛阳,银精矿,81.4,40.0,400.0
INV-01980,2028-06-15,WH-05,河南洛阳,钼精矿,249.5,80.0,600.0
INV-01981,2028-09-15,WH-01,福建上杭,金矿石,740.0,200.0,2000.0
INV-01982,2028-09-15,WH-01,福建上杭,铜精矿,1003.7,300.0,3000.0
INV-01983,2028-09-15,WH-01,福建上杭,银精矿,75.2,50.0,500.0
INV-01984,2028-09-15,WH-02,新疆阿勒泰,金矿石,565.3,150.0,1500.0
INV-01985,2028-09-15,WH-02,新疆阿勒泰,铜精矿,1260.0,250.0,2500.0
INV-01986,2028-09-15,WH-02,新疆阿勒泰,锌精矿,1465.6,400.0,4000.0
INV-01987,2028-09-15,WH-03,黑龙江多宝山,铜精矿,553.7,200.0,2000.0
INV-01988,2028-09-15,WH-03,黑龙江多宝山,钼精矿,174.2,100.0,800.0
INV-01989,2028-09-15,WH-04,贵州贞丰,金矿石,412.3,100.0,1000.0
INV-01990,2028-09-15,WH-04,贵州贞丰,锌精矿,785.4,300.0,2500.0
INV-01991,2028-09-15,WH-05,河南洛阳,银精矿,36.0,40.0,400.0
INV-01992,2028-09-15,WH-05,河南洛阳,钼精矿,191.4,80.0,600.0
INV-01993,2028-12-15,WH-01,福建上杭,金矿石,670.9,200.0,2000.0
INV-01994,2028-12-15,WH-01,福建上杭,铜精矿,802.9,300.0,3000.0
INV-01995,2028-12-15,WH-01,福建上杭,银精矿,76.3,50.0,500.0
INV-01996,2028-12-15,WH-02,新疆阿勒泰,金矿石,447.0,150.0,1500.0
INV-01997,2028-12-15,WH-02,新疆阿勒泰,铜精矿,956.8,250.0,2500.0
INV-01998,2028-12-15,WH-02,新疆阿勒泰,锌精矿,1151.0,400.0,4000.0
INV-01999,2028-12-15,WH-03,黑龙江多宝山,铜精矿,563.3,200.0,2000.0
INV-02000,2028-12-15,WH-03,黑龙江多宝山,钼精矿,78.9,100.0,800.0
INV-02001,2028-12-15,WH-04,贵州贞丰,金矿石,266.5,100.0,1000.0
INV-02002,2028-12-15,WH-04,贵州贞丰,锌精矿,674.2,300.0,2500.0
INV-02003,2028-12-15,WH-05,河南洛阳,银精矿,39.4,40.0,400.0
INV-02004,2028-12-15,WH-05,河南洛阳,钼精矿,169.7,80.0,600.0
INV-02005,2029-03-15,WH-01,福建上杭,金矿石,842.8,200.0,2000.0
INV-02006,2029-03-15,WH-01,福建上杭,铜精矿,1589.7,300.0,3000.0
INV-02007,2029-03-15,WH-01,福建上杭,银精矿,116.3,50.0,500.0
INV-02008,2029-03-15,WH-02,新疆阿勒泰,金矿石,605.2,150.0,1500.0
INV-02009,2029-03-15,WH-02,新疆阿勒泰,铜精矿,1056.6,250.0,2500.0
INV-02010,2029-03-15,WH-02,新疆阿勒泰,锌精矿,1941.1,400.0,4000.0
INV-02011,2029-03-15,WH-03,黑龙江多宝山,铜精矿,604.7,200.0,2000.0
INV-02012,2029-03-15,WH-03,黑龙江多宝山,钼精矿,283.1,100.0,800.0
INV-02013,2029-03-15,WH-04,贵州贞丰,金矿石,518.9,100.0,1000.0
INV-02014,2029-03-15,WH-04,贵州贞丰,锌精矿,986.7,300.0,2500.0
INV-02015,2029-03-15,WH-05,河南洛阳,银精矿,87.6,40.0,400.0
INV-02016,2029-03-15,WH-05,河南洛阳,钼精矿,350.0,80.0,600.0
INV-02017,2028-07-15,WH-01,福建上杭,金矿石,807.4,200.0,2000.0
INV-02018,2028-07-15,WH-01,福建上杭,铜精矿,1096.1,300.0,3000.0
INV-02019,2028-07-15,WH-01,福建上杭,银精矿,114.9,50.0,500.0
INV-02020,2028-07-15,WH-02,新疆阿勒泰,金矿石,513.4,150.0,1500.0
INV-02021,2028-07-15,WH-02,新疆阿勒泰,铜精矿,927.3,250.0,2500.0
INV-02022,2028-07-15,WH-02,新疆阿勒泰,锌精矿,1624.0,400.0,4000.0
INV-02023,2028-07-15,WH-03,黑龙江多宝山,铜精矿,677.4,200.0,2000.0
INV-02024,2028-07-15,WH-03,黑龙江多宝山,钼精矿,349.7,100.0,800.0
INV-02025,2028-07-15,WH-04,贵州贞丰,金矿石,398.8,100.0,1000.0
INV-02026,2028-07-15,WH-04,贵州贞丰,锌精矿,970.8,300.0,2500.0
INV-02027,2028-07-15,WH-05,河南洛阳,银精矿,93.5,40.0,400.0
INV-02028,2028-07-15,WH-05,河南洛阳,钼精矿,245.4,80.0,600.0
INV-02029,2028-10-15,WH-01,福建上杭,金矿石,680.9,200.0,2000.0
INV-02030,2028-10-15,WH-01,福建上杭,铜精矿,1132.3,300.0,3000.0
INV-02031,2028-10-15,WH-01,福建上杭,银精矿,95.7,50.0,500.0
INV-02032,2028-10-15,WH-02,新疆阿勒泰,金矿石,437.1,150.0,1500.0
INV-02033,2028-10-15,WH-02,新疆阿勒泰,铜精矿,1224.3,250.0,2500.0
INV-02034,2028-10-15,WH-02,新疆阿勒泰,锌精矿,1478.6,400.0,4000.0
INV-02035,2028-10-15,WH-03,黑龙江多宝山,铜精矿,585.7,200.0,2000.0
INV-02036,2028-10-15,WH-03,黑龙江多宝山,钼精矿,154.7,100.0,800.0
INV-02037,2028-10-15,WH-04,贵州贞丰,金矿石,395.2,100.0,1000.0
INV-02038,2028-10-15,WH-04,贵州贞丰,锌精矿,956.6,300.0,2500.0
INV-02039,2028-10-15,WH-05,河南洛阳,银精矿,33.0,40.0,400.0
INV-02040,2028-10-15,WH-05,河南洛阳,钼精矿,190.3,80.0,600.0
INV-02041,2029-01-15,WH-01,福建上杭,金矿石,589.0,200.0,2000.0
INV-02042,2029-01-15,WH-01,福建上杭,铜精矿,775.3,300.0,3000.0
INV-02043,2029-01-15,WH-01,福建上杭,银精矿,75.6,50.0,500.0
INV-02044,2029-01-15,WH-02,新疆阿勒泰,金矿石,416.3,150.0,1500.0
INV-02045,2029-01-15,WH-02,新疆阿勒泰,铜精矿,1048.3,250.0,2500.0
INV-02046,2029-01-15,WH-02,新疆阿勒泰,锌精矿,1224.7,400.0,4000.0
INV-02047,2029-01-15,WH-03,黑龙江多宝山,铜精矿,637.5,200.0,2000.0
INV-02048,2029-01-15,WH-03,黑龙江多宝山,钼精矿,94.3,100.0,800.0
INV-02049,2029-01-15,WH-04,贵州贞丰,金矿石,240.1,100.0,1000.0
INV-02050,2029-01-15,WH-04,贵州贞丰,锌精矿,755.2,300.0,2500.0
INV-02051,2029-01-15,WH-05,河南洛阳,银精矿,43.2,40.0,400.0
INV-02052,2029-01-15,WH-05,河南洛阳,钼精矿,166.7,80.0,600.0
INV-02053,2029-04-15,WH-01,福建上杭,金矿石,963.1,200.0,2000.0
INV-02054,2029-04-15,WH-01,福建上杭,铜精矿,1429.0,300.0,3000.0
INV-02055,2029-04-15,WH-01,福建上杭,银精矿,112.5,50.0,500.0
INV-02056,2029-04-15,WH-02,新疆阿勒泰,金矿石,529.2,150.0,1500.0
INV-02057,2029-04-15,WH-02,新疆阿勒泰,铜精矿,995.3,250.0,2500.0
INV-02058,2029-04-15,WH-02,新疆阿勒泰,锌精矿,1669.6,400.0,4000.0
INV-02059,2029-04-15,WH-03,黑龙江多宝山,铜精矿,805.6,200.0,2000.0
INV-02060,2029-04-15,WH-03,黑龙江多宝山,钼精矿,266.1,100.0,800.0
INV-02061,2029-04-15,WH-04,贵州贞丰,金矿石,551.3,100.0,1000.0
INV-02062,2029-04-15,WH-04,贵州贞丰,锌精矿,1237.5,300.0,2500.0
INV-02063,2029-04-15,WH-05,河南洛阳,银精矿,86.1,40.0,400.0
INV-02064,2029-04-15,WH-05,河南洛阳,钼精矿,301.5,80.0,600.0
INV-02065,2028-08-15,WH-01,福建上杭,金矿石,957.6,200.0,2000.0
INV-02066,2028-08-15,WH-01,福建上杭,铜精矿,1114.3,300.0,3000.0
INV-02067,2028-08-15,WH-01,福建上杭,银精矿,124.0,50.0,500.0
INV-02068,2028-08-15,WH-02,新疆阿勒泰,金矿石,683.0,150.0,1500.0
INV-02069,2028-08-15,WH-02,新疆阿勒泰,铜精矿,972.1,250.0,2500.0
INV-02070,2028-08-15,WH-02,新疆阿勒泰,锌精矿,2031.9,400.0,4000.0
INV-02071,2028-08-15,WH-03,黑龙江多宝山,铜精矿,887.9,200.0,2000.0
INV-02072,2028-08-15,WH-03,黑龙江多宝山,钼精矿,346.0,100.0,800.0
INV-02073,2028-08-15,WH-04,贵州贞丰,金矿石,485.9,100.0,1000.0
INV-02074,2028-08-15,WH-04,贵州贞丰,锌精矿,955.5,300.0,2500.0
INV-02075,2028-08-15,WH-05,河南洛阳,银精矿,81.9,40.0,400.0
INV-02076,2028-08-15,WH-05,河南洛阳,钼精矿,310.8,80.0,600.0
INV-02077,2028-11-15,WH-01,福建上杭,金矿石,648.4,200.0,2000.0
INV-02078,2028-11-15,WH-01,福建上杭,铜精矿,946.1,300.0,3000.0
INV-02079,2028-11-15,WH-01,福建上杭,银精矿,92.6,50.0,500.0
INV-02080,2028-11-15,WH-02,新疆阿勒泰,金矿石,539.3,150.0,1500.0
INV-02081,2028-11-15,WH-02,新疆阿勒泰,铜精矿,1018.0,250.0,2500.0
INV-02082,2028-11-15,WH-02,新疆阿勒泰,锌精矿,1586.9,400.0,4000.0
INV-02083,2028-11-15,WH-03,黑龙江多宝山,铜精矿,575.0,200.0,2000.0
INV-02084,2028-11-15,WH-03,黑龙江多宝山,钼精矿,167.2,100.0,800.0
INV-02085,2028-11-15,WH-04,贵州贞丰,金矿石,389.2,100.0,1000.0
INV-02086,2028-11-15,WH-04,贵州贞丰,锌精矿,841.6,300.0,2500.0
INV-02087,2028-11-15,WH-05,河南洛阳,银精矿,36.3,40.0,400.0
INV-02088,2028-11-15,WH-05,河南洛阳,钼精矿,236.4,80.0,600.0
INV-02089,2029-02-15,WH-01,福建上杭,金矿石,503.8,200.0,2000.0
INV-02090,2029-02-15,WH-01,福建上杭,铜精矿,785.0,300.0,3000.0
INV-02091,2029-02-15,WH-01,福建上杭,银精矿,58.6,50.0,500.0
INV-02092,2029-02-15,WH-02,新疆阿勒泰,金矿石,437.9,150.0,1500.0
INV-02093,2029-02-15,WH-02,新疆阿勒泰,铜精矿,1018.4,250.0,2500.0
INV-02094,2029-02-15,WH-02,新疆阿勒泰,锌精矿,1499.3,400.0,4000.0
INV-02095,2029-02-15,WH-03,黑龙江多宝山,铜精矿,492.3,200.0,2000.0
INV-02096,2029-02-15,WH-03,黑龙江多宝山,钼精矿,80.7,100.0,800.0
INV-02097,2029-02-15,WH-04,贵州贞丰,金矿石,270.4,100.0,1000.0
INV-02098,2029-02-15,WH-04,贵州贞丰,锌精矿,845.3,300.0,2500.0
INV-02099,2029-02-15,WH-05,河南洛阳,银精矿,43.5,40.0,400.0
INV-02100,2029-02-15,WH-05,河南洛阳,钼精矿,134.6,80.0,600.0
INV-02101,2029-05-15,WH-01,福建上杭,金矿石,1054.6,200.0,2000.0
INV-02102,2029-05-15,WH-01,福建上杭,铜精矿,1265.2,300.0,3000.0
INV-02103,2029-05-15,WH-01,福建上杭,银精矿,101.7,50.0,500.0
INV-02104,2029-05-15,WH-02,新疆阿勒泰,金矿石,642.2,150.0,1500.0
INV-02105,2029-05-15,WH-02,新疆阿勒泰,铜精矿,1214.2,250.0,2500.0
INV-02106,2029-05-15,WH-02,新疆阿勒泰,锌精矿,1779.1,400.0,4000.0
INV-02107,2029-05-15,WH-03,黑龙江多宝山,铜精矿,800.2,200.0,2000.0
INV-02108,2029-05-15,WH-03,黑龙江多宝山,钼精矿,234.2,100.0,800.0
INV-02109,2029-05-15,WH-04,贵州贞丰,金矿石,503.7,100.0,1000.0
INV-02110,2029-05-15,WH-04,贵州贞丰,锌精矿,1140.1,300.0,2500.0
INV-02111,2029-05-15,WH-05,河南洛阳,银精矿,81.7,40.0,400.0
INV-02112,2029-05-15,WH-05,河南洛阳,钼精矿,341.9,80.0,600.0
INV-02113,2028-09-15,WH-01,福建上杭,金矿石,730.3,200.0,2000.0
INV-02114,2028-09-15,WH-01,福建上杭,铜精矿,1321.1,300.0,3000.0
INV-02115,2028-09-15,WH-01,福建上杭,银精矿,107.4,50.0,500.0
INV-02116,2028-09-15,WH-02,新疆阿勒泰,金矿石,680.0,150.0,1500.0
INV-02117,2028-09-15,WH-02,新疆阿勒泰,铜精矿,907.2,250.0,2500.0
INV-02118,2028-09-15,WH-02,新疆阿勒泰,锌精矿,1739.6,400.0,4000.0
INV-02119,2028-09-15,WH-03,黑龙江多宝山,铜精矿,871.2,200.0,2000.0
INV-02120,2028-09-15,WH-03,黑龙江多宝山,钼精矿,346.3,100.0,800.0
INV-02121,2028-09-15,WH-04,贵州贞丰,金矿石,404.0,100.0,1000.0
INV-02122,2028-09-15,WH-04,贵州贞丰,锌精矿,1090.5,300.0,2500.0
INV-02123,2028-09-15,WH-05,河南洛阳,银精矿,97.9,40.0,400.0
INV-02124,2028-09-15,WH-05,河南洛阳,钼精矿,257.1,80.0,600.0
INV-02125,2028-12-15,WH-01,福建上杭,金矿石,774.8,200.0,2000.0
INV-02126,2028-12-15,WH-01,福建上杭,铜精矿,1085.5,300.0,3000.0
INV-02127,2028-12-15,WH-01,福建上杭,银精矿,76.9,50.0,500.0
INV-02128,2028-12-15,WH-02,新疆阿勒泰,金矿石,415.7,150.0,1500.0
INV-02129,2028-12-15,WH-02,新疆阿勒泰,铜精矿,1057.2,250.0,2500.0
INV-02130,2028-12-15,WH-02,新疆阿勒泰,锌精矿,1500.1,400.0,4000.0
INV-02131,2028-12-15,WH-03,黑龙江多宝山,铜精矿,630.9,200.0,2000.0
INV-02132,2028-12-15,WH-03,黑龙江多宝山,钼精矿,173.7,100.0,800.0
INV-02133,2028-12-15,WH-04,贵州贞丰,金矿石,327.7,100.0,1000.0
INV-02134,2028-12-15,WH-04,贵州贞丰,锌精矿,992.6,300.0,2500.0
INV-02135,2028-12-15,WH-05,河南洛阳,银精矿,40.9,40.0,400.0
INV-02136,2028-12-15,WH-05,河南洛阳,钼精矿,205.3,80.0,600.0
INV-02137,2029-03-15,WH-01,福建上杭,金矿石,564.0,200.0,2000.0
INV-02138,2029-03-15,WH-01,福建上杭,铜精矿,903.3,300.0,3000.0
INV-02139,2029-03-15,WH-01,福建上杭,银精矿,60.2,50.0,500.0
INV-02140,2029-03-15,WH-02,新疆阿勒泰,金矿石,398.3,150.0,1500.0
INV-02141,2029-03-15,WH-02,新疆阿勒泰,铜精矿,854.5,250.0,2500.0
INV-02142,2029-03-15,WH-02,新疆阿勒泰,锌精矿,1498.2,400.0,4000.0
INV-02143,2029-03-15,WH-03,黑龙江多宝山,铜精矿,606.3,200.0,2000.0
INV-02144,2029-03-15,WH-03,黑龙江多宝山,钼精矿,80.9,100.0,800.0
INV-02145,2029-03-15,WH-04,贵州贞丰,金矿石,320.9,100.0,1000.0
INV-02146,2029-03-15,WH-04,贵州贞丰,锌精矿,782.1,300.0,2500.0
INV-02147,2029-03-15,WH-05,河南洛阳,银精矿,45.6,40.0,400.0
INV-02148,2029-03-15,WH-05,河南洛阳,钼精矿,172.5,80.0,600.0
INV-02149,2029-06-15,WH-01,福建上杭,金矿石,957.2,200.0,2000.0
INV-02150,2029-06-15,WH-01,福建上杭,铜精矿,1338.2,300.0,3000.0
INV-02151,2029-06-15,WH-01,福建上杭,银精矿,116.3,50.0,500.0
INV-02152,2029-06-15,WH-02,新疆阿勒泰,金矿石,583.6,150.0,1500.0
INV-02153,2029-06-15,WH-02,新疆阿勒泰,铜精矿,1026.3,250.0,2500.0
INV-02154,2029-06-15,WH-02,新疆阿勒泰,锌精矿,1482.4,400.0,4000.0
INV-02155,2029-06-15,WH-03,黑龙江多宝山,铜精矿,801.9,200.0,2000.0
INV-02156,2029-06-15,WH-03,黑龙江多宝山,钼精矿,213.7,100.0,800.0
INV-02157,2029-06-15,WH-04,贵州贞丰,金矿石,493.2,100.0,1000.0
INV-02158,2029-06-15,WH-04,贵州贞丰,锌精矿,1203.0,300.0,2500.0
INV-02159,2029-06-15,WH-05,河南洛阳,银精矿,65.6,40.0,400.0
INV-02160,2029-06-15,WH-05,河南洛阳,钼精矿,316.6,80.0,600.0
INV-02161,2028-10-15,WH-01,福建上杭,金矿石,910.4,200.0,2000.0
INV-02162,2028-10-15,WH-01,福建上杭,铜精矿,1306.3,300.0,3000.0
INV-02163,2028-10-15,WH-01,福建上杭,银精矿,110.7,50.0,500.0
INV-02164,2028-10-15,WH-02,新疆阿勒泰,金矿石,606.0,150.0,1500.0
INV-02165,2028-10-15,WH-02,新疆阿勒泰,铜精矿,845.6,250.0,2500.0
INV-02166,2028-10-15,WH-02,新疆阿勒泰,锌精矿,1687.0,400.0,4000.0
INV-02167,2028-10-15,WH-03,黑龙江多宝山,铜精矿,902.7,200.0,2000.0
INV-02168,2028-10-15,WH-03,黑龙江多宝山,钼精矿,363.2,100.0,800.0
INV-02169,2028-10-15,WH-04,贵州贞丰,金矿石,358.2,100.0,1000.0
INV-02170,2028-10-15,WH-04,贵州贞丰,锌精矿,1241.9,300.0,2500.0
INV-02171,2028-10-15,WH-05,河南洛阳,银精矿,84.8,40.0,400.0
INV-02172,2028-10-15,WH-05,河南洛阳,钼精矿,253.8,80.0,600.0
INV-02173,2029-01-15,WH-01,福建上杭,金矿石,826.2,200.0,2000.0
INV-02174,2029-01-15,WH-01,福建上杭,铜精矿,864.9,300.0,3000.0
INV-02175,2029-01-15,WH-01,福建上杭,银精矿,74.4,50.0,500.0
INV-02176,2029-01-15,WH-02,新疆阿勒泰,金矿石,517.9,150.0,1500.0
INV-02177,2029-01-15,WH-02,新疆阿勒泰,铜精矿,1285.7,250.0,2500.0
INV-02178,2029-01-15,WH-02,新疆阿勒泰,锌精矿,1461.1,400.0,4000.0
INV-02179,2029-01-15,WH-03,黑龙江多宝山,铜精矿,716.5,200.0,2000.0
INV-02180,2029-01-15,WH-03,黑龙江多宝山,钼精矿,196.9,100.0,800.0
INV-02181,2029-01-15,WH-04,贵州贞丰,金矿石,365.7,100.0,1000.0
INV-02182,2029-01-15,WH-04,贵州贞丰,锌精矿,867.5,300.0,2500.0
INV-02183,2029-01-15,WH-05,河南洛阳,银精矿,37.9,40.0,400.0
INV-02184,2029-01-15,WH-05,河南洛阳,钼精矿,229.1,80.0,600.0
INV-02185,2029-04-15,WH-01,福建上杭,金矿石,535.6,200.0,2000.0
INV-02186,2029-04-15,WH-01,福建上杭,铜精矿,844.8,300.0,3000.0
INV-02187,2029-04-15,WH-01,福建上杭,银精矿,70.9,50.0,500.0
INV-02188,2029-04-15,WH-02,新疆阿勒泰,金矿石,436.3,150.0,1500.0
INV-02189,2029-04-15,WH-02,新疆阿勒泰,铜精矿,870.2,250.0,2500.0
INV-02190,2029-04-15,WH-02,新疆阿勒泰,锌精矿,1294.1,400.0,4000.0
INV-02191,2029-04-15,WH-03,黑龙江多宝山,铜精矿,631.2,200.0,2000.0
INV-02192,2029-04-15,WH-03,黑龙江多宝山,钼精矿,85.8,100.0,800.0
INV-02193,2029-04-15,WH-04,贵州贞丰,金矿石,287.0,100.0,1000.0
INV-02194,2029-04-15,WH-04,贵州贞丰,锌精矿,660.4,300.0,2500.0
INV-02195,2029-04-15,WH-05,河南洛阳,银精矿,44.4,40.0,400.0
INV-02196,2029-04-15,WH-05,河南洛阳,钼精矿,155.8,80.0,600.0
INV-02197,2029-07-15,WH-01,福建上杭,金矿石,795.6,200.0,2000.0
INV-02198,2029-07-15,WH-01,福建上杭,铜精矿,1343.7,300.0,3000.0
INV-02199,2029-07-15,WH-01,福建上杭,银精矿,102.3,50.0,500.0
INV-02200,2029-07-15,WH-02,新疆阿勒泰,金矿石,526.0,150.0,1500.0
INV-02201,2029-07-15,WH-02,新疆阿勒泰,铜精矿,995.1,250.0,2500.0
INV-02202,2029-07-15,WH-02,新疆阿勒泰,锌精矿,1696.5,400.0,4000.0
INV-02203,2029-07-15,WH-03,黑龙江多宝山,铜精矿,751.5,200.0,2000.0
INV-02204,2029-07-15,WH-03,黑龙江多宝山,钼精矿,279.4,100.0,800.0
INV-02205,2029-07-15,WH-04,贵州贞丰,金矿石,536.6,100.0,1000.0
INV-02206,2029-07-15,WH-04,贵州贞丰,锌精矿,1100.2,300.0,2500.0
INV-02207,2029-07-15,WH-05,河南洛阳,银精矿,85.0,40.0,400.0
INV-02208,2029-07-15,WH-05,河南洛阳,钼精矿,344.8,80.0,600.0
INV-02209,2028-11-15,WH-01,福建上杭,金矿石,837.1,200.0,2000.0
INV-02210,2028-11-15,WH-01,福建上杭,铜精矿,1116.5,300.0,3000.0
INV-02211,2028-11-15,WH-01,福建上杭,银精矿,107.2,50.0,500.0
INV-02212,2028-11-15,WH-02,新疆阿勒泰,金矿石,545.6,150.0,1500.0
INV-02213,2028-11-15,WH-02,新疆阿勒泰,铜精矿,991.4,250.0,2500.0
INV-02214,2028-11-15,WH-02,新疆阿勒泰,锌精矿,1688.4,400.0,4000.0
INV-02215,2028-11-15,WH-03,黑龙江多宝山,铜精矿,755.9,200.0,2000.0
INV-02216,2028-11-15,WH-03,黑龙江多宝山,钼精矿,339.6,100.0,800.0
INV-02217,2028-11-15,WH-04,贵州贞丰,金矿石,438.1,100.0,1000.0
INV-02218,2028-11-15,WH-04,贵州贞丰,锌精矿,1271.2,300.0,2500.0
INV-02219,2028-11-15,WH-05,河南洛阳,银精矿,103.7,40.0,400.0
INV-02220,2028-11-15,WH-05,河南洛阳,钼精矿,251.6,80.0,600.0
INV-02221,2029-02-15,WH-01,福建上杭,金矿石,801.7,200.0,2000.0
INV-02222,2029-02-15,WH-01,福建上杭,铜精矿,1051.9,300.0,3000.0
INV-02223,2029-02-15,WH-01,福建上杭,银精矿,91.4,50.0,500.0
INV-02224,2029-02-15,WH-02,新疆阿勒泰,金矿石,489.4,150.0,1500.0
INV-02225,2029-02-15,WH-02,新疆阿勒泰,铜精矿,942.7,250.0,2500.0
INV-02226,2029-02-15,WH-02,新疆阿勒泰,锌精矿,1329.2,400.0,4000.0
INV-02227,2029-02-15,WH-03,黑龙江多宝山,铜精矿,721.9,200.0,2000.0
INV-02228,2029-02-15,WH-03,黑龙江多宝山,钼精矿,188.8,100.0,800.0
INV-02229,2029-02-15,WH-04,贵州贞丰,金矿石,308.9,100.0,1000.0
INV-02230,2029-02-15,WH-04,贵州贞丰,锌精矿,870.5,300.0,2500.0
INV-02231,2029-02-15,WH-05,河南洛阳,银精矿,36.4,40.0,400.0
INV-02232,2029-02-15,WH-05,河南洛阳,钼精矿,216.8,80.0,600.0
INV-02233,2029-05-15,WH-01,福建上杭,金矿石,540.1,200.0,2000.0
INV-02234,2029-05-15,WH-01,福建上杭,铜精矿,839.1,300.0,3000.0
INV-02235,2029-05-15,WH-01,福建上杭,银精矿,71.7,50.0,500.0
INV-02236,2029-05-15,WH-02,新疆阿勒泰,金矿石,333.2,150.0,1500.0
INV-02237,2029-05-15,WH-02,新疆阿勒泰,铜精矿,794.2,250.0,2500.0
INV-02238,2029-05-15,WH-02,新疆阿勒泰,锌精矿,1187.5,400.0,4000.0
INV-02239,2029-05-15,WH-03,黑龙江多宝山,铜精矿,594.2,200.0,2000.0
INV-02240,2029-05-15,WH-03,黑龙江多宝山,钼精矿,85.7,100.0,800.0
INV-02241,2029-05-15,WH-04,贵州贞丰,金矿石,244.3,100.0,1000.0
INV-02242,2029-05-15,WH-04,贵州贞丰,锌精矿,694.3,300.0,2500.0
INV-02243,2029-05-15,WH-05,河南洛阳,银精矿,49.5,40.0,400.0
INV-02244,2029-05-15,WH-05,河南洛阳,钼精矿,149.7,80.0,600.0
INV-02245,2029-08-15,WH-01,福建上杭,金矿石,876.5,200.0,2000.0
INV-02246,2029-08-15,WH-01,福建上杭,铜精矿,1241.3,300.0,3000.0
INV-02247,2029-08-15,WH-01,福建上杭,银精矿,117.4,50.0,500.0
INV-02248,2029-08-15,WH-02,新疆阿勒泰,金矿石,585.3,150.0,1500.0
INV-02249,2029-08-15,WH-02,新疆阿勒泰,铜精矿,1038.8,250.0,2500.0
INV-02250,2029-08-15,WH-02,新疆阿勒泰,锌精矿,1455.5,400.0,4000.0
INV-02251,2029-08-15,WH-03,黑龙江多宝山,铜精矿,636.4,200.0,2000.0
INV-02252,2029-08-15,WH-03,黑龙江多宝山,钼精矿,255.7,100.0,800.0
INV-02253,2029-08-15,WH-04,贵州贞丰,金矿石,551.2,100.0,1000.0
INV-02254,2029-08-15,WH-04,贵州贞丰,锌精矿,903.1,300.0,2500.0
INV-02255,2029-08-15,WH-05,河南洛阳,银精矿,84.3,40.0,400.0
INV-02256,2029-08-15,WH-05,河南洛阳,钼精矿,273.4,80.0,600.0
INV-02257,2028-12-15,WH-01,福建上杭,金矿石,988.7,200.0,2000.0
INV-02258,2028-12-15,WH-01,福建上杭,铜精矿,1275.4,300.0,3000.0
INV-02259,2028-12-15,WH-01,福建上杭,银精矿,128.6,50.0,500.0
INV-02260,2028-12-15,WH-02,新疆阿勒泰,金矿石,670.3,150.0,1500.0
INV-02261,2028-12-15,WH-02,新疆阿勒泰,铜精矿,1101.9,250.0,2500.0
INV-02262,2028-12-15,WH-02,新疆阿勒泰,锌精矿,1688.5,400.0,4000.0
INV-02263,2028-12-15,WH-03,黑龙江多宝山,铜精矿,883.2,200.0,2000.0
INV-02264,2028-12-15,WH-03,黑龙江多宝山,钼精矿,325.5,100.0,800.0
INV-02265,2028-12-15,WH-04,贵州贞丰,金矿石,394.4,100.0,1000.0
INV-02266,2028-12-15,WH-04,贵州贞丰,锌精矿,1285.5,300.0,2500.0
INV-02267,2028-12-15,WH-05,河南洛阳,银精矿,90.2,40.0,400.0
INV-02268,2028-12-15,WH-05,河南洛阳,钼精矿,297.1,80.0,600.0
INV-02269,2029-03-15,WH-01,福建上杭,金矿石,746.0,200.0,2000.0
INV-02270,2029-03-15,WH-01,福建上杭,铜精矿,1091.9,300.0,3000.0
INV-02271,2029-03-15,WH-01,福建上杭,银精矿,73.7,50.0,500.0
INV-02272,2029-03-15,WH-02,新疆阿勒泰,金矿石,561.6,150.0,1500.0
INV-02273,2029-03-15,WH-02,新疆阿勒泰,铜精矿,1176.7,250.0,2500.0
INV-02274,2029-03-15,WH-02,新疆阿勒泰,锌精矿,1567.3,400.0,4000.0
INV-02275,2029-03-15,WH-03,黑龙江多宝山,铜精矿,623.6,200.0,2000.0
INV-02276,2029-03-15,WH-03,黑龙江多宝山,钼精矿,168.9,100.0,800.0
INV-02277,2029-03-15,WH-04,贵州贞丰,金矿石,355.7,100.0,1000.0
INV-02278,2029-03-15,WH-04,贵州贞丰,锌精矿,1014.4,300.0,2500.0
INV-02279,2029-03-15,WH-05,河南洛阳,银精矿,41.4,40.0,400.0
INV-02280,2029-03-15,WH-05,河南洛阳,钼精矿,240.7,80.0,600.0
INV-02281,2029-06-15,WH-01,福建上杭,金矿石,615.7,200.0,2000.0
INV-02282,2029-06-15,WH-01,福建上杭,铜精矿,938.6,300.0,3000.0
INV-02283,2029-06-15,WH-01,福建上杭,银精矿,64.8,50.0,500.0
INV-02284,2029-06-15,WH-02,新疆阿勒泰,金矿石,327.3,150.0,1500.0
INV-02285,2029-06-15,WH-02,新疆阿勒泰,铜精矿,833.2,250.0,2500.0
INV-02286,2029-06-15,WH-02,新疆阿勒泰,锌精矿,1179.8,400.0,4000.0
INV-02287,2029-06-15,WH-03,黑龙江多宝山,铜精矿,568.1,200.0,2000.0
INV-02288,2029-06-15,WH-03,黑龙江多宝山,钼精矿,90.7,100.0,800.0
INV-02289,2029-06-15,WH-04,贵州贞丰,金矿石,243.6,100.0,1000.0
INV-02290,2029-06-15,WH-04,贵州贞丰,锌精矿,841.9,300.0,2500.0
INV-02291,2029-06-15,WH-05,河南洛阳,银精矿,38.1,40.0,400.0
INV-02292,2029-06-15,WH-05,河南洛阳,钼精矿,165.4,80.0,600.0
INV-02293,2029-09-15,WH-01,福建上杭,金矿石,1023.8,200.0,2000.0
INV-02294,2029-09-15,WH-01,福建上杭,铜精矿,1525.2,300.0,3000.0
INV-02295,2029-09-15,WH-01,福建上杭,银精矿,100.1,50.0,500.0
INV-02296,2029-09-15,WH-02,新疆阿勒泰,金矿石,543.5,150.0,1500.0
INV-02297,2029-09-15,WH-02,新疆阿勒泰,铜精矿,1204.0,250.0,2500.0
INV-02298,2029-09-15,WH-02,新疆阿勒泰,锌精矿,1719.2,400.0,4000.0
INV-02299,2029-09-15,WH-03,黑龙江多宝山,铜精矿,733.0,200.0,2000.0
INV-02300,2029-09-15,WH-03,黑龙江多宝山,钼精矿,253.5,100.0,800.0
INV-02301,2029-09-15,WH-04,贵州贞丰,金矿石,439.0,100.0,1000.0
INV-02302,2029-09-15,WH-04,贵州贞丰,锌精矿,1056.2,300.0,2500.0
INV-02303,2029-09-15,WH-05,河南洛阳,银精矿,78.6,40.0,400.0
INV-02304,2029-09-15,WH-05,河南洛阳,钼精矿,272.0,80.0,600.0
INV-02305,2029-01-15,WH-01,福建上杭,金矿石,794.6,200.0,2000.0
INV-02306,2029-01-15,WH-01,福建上杭,铜精矿,1024.8,300.0,3000.0
INV-02307,2029-01-15,WH-01,福建上杭,银精矿,124.1,50.0,500.0
INV-02308,2029-01-15,WH-02,新疆阿勒泰,金矿石,589.0,150.0,1500.0
INV-02309,2029-01-15,WH-02,新疆阿勒泰,铜精矿,837.8,250.0,2500.0
INV-02310,2029-01-15,WH-02,新疆阿勒泰,锌精矿,1947.5,400.0,4000.0
INV-02311,2029-01-15,WH-03,黑龙江多宝山,铜精矿,784.2,200.0,2000.0
INV-02312,2029-01-15,WH-03,黑龙江多宝山,钼精矿,312.3,100.0,800.0
INV-02313,2029-01-15,WH-04,贵州贞丰,金矿石,476.8,100.0,1000.0
INV-02314,2029-01-15,WH-04,贵州贞丰,锌精矿,993.1,300.0,2500.0
INV-02315,2029-01-15,WH-05,河南洛阳,银精矿,106.8,40.0,400.0
INV-02316,2029-01-15,WH-05,河南洛阳,钼精矿,239.8,80.0,600.0
INV-02317,2029-04-15,WH-01,福建上杭,金矿石,635.2,200.0,2000.0
INV-02318,2029-04-15,WH-01,福建上杭,铜精矿,936.9,300.0,3000.0
INV-02319,2029-04-15,WH-01,福建上杭,银精矿,86.8,50.0,500.0
INV-02320,2029-04-15,WH-02,新疆阿勒泰,金矿石,445.7,150.0,1500.0
INV-02321,2029-04-15,WH-02,新疆阿勒泰,铜精矿,1294.9,250.0,2500.0
INV-02322,2029-04-15,WH-02,新疆阿勒泰,锌精矿,1469.4,400.0,4000.0
INV-02323,2029-04-15,WH-03,黑龙江多宝山,铜精矿,722.0,200.0,2000.0
INV-02324,2029-04-15,WH-03,黑龙江多宝山,钼精矿,199.3,100.0,800.0
INV-02325,2029-04-15,WH-04,贵州贞丰,金矿石,403.8,100.0,1000.0
INV-02326,2029-04-15,WH-04,贵州贞丰,锌精矿,969.5,300.0,2500.0
INV-02327,2029-04-15,WH-05,河南洛阳,银精矿,34.6,40.0,400.0
INV-02328,2029-04-15,WH-05,河南洛阳,钼精矿,257.1,80.0,600.0
INV-02329,2029-07-15,WH-01,福建上杭,金矿石,557.1,200.0,2000.0
INV-02330,2029-07-15,WH-01,福建上杭,铜精矿,893.9,300.0,3000.0
INV-02331,2029-07-15,WH-01,福建上杭,银精矿,64.6,50.0,500.0
INV-02332,2029-07-15,WH-02,新疆阿勒泰,金矿石,417.5,150.0,1500.0
INV-02333,2029-07-15,WH-02,新疆阿勒泰,铜精矿,1006.4,250.0,2500.0
INV-02334,2029-07-15,WH-02,新疆阿勒泰,锌精矿,1201.5,400.0,4000.0
INV-02335,2029-07-15,WH-03,黑龙江多宝山,铜精矿,546.7,200.0,2000.0
INV-02336,2029-07-15,WH-03,黑龙江多宝山,钼精矿,91.9,100.0,800.0
INV-02337,2029-07-15,WH-04,贵州贞丰,金矿石,278.9,100.0,1000.0
INV-02338,2029-07-15,WH-04,贵州贞丰,锌精矿,723.2,300.0,2500.0
INV-02339,2029-07-15,WH-05,河南洛阳,银精矿,41.3,40.0,400.0
INV-02340,2029-07-15,WH-05,河南洛阳,钼精矿,167.4,80.0,600.0
INV-02341,2029-10-15,WH-01,福建上杭,金矿石,1033.8,200.0,2000.0
INV-02342,2029-10-15,WH-01,福建上杭,铜精矿,1203.3,300.0,3000.0
INV-02343,2029-10-15,WH-01,福建上杭,银精矿,110.8,50.0,500.0
INV-02344,2029-10-15,WH-02,新疆阿勒泰,金矿石,561.6,150.0,1500.0
INV-02345,2029-10-15,WH-02,新疆阿勒泰,铜精矿,1173.0,250.0,2500.0
INV-02346,2029-10-15,WH-02,新疆阿勒泰,锌精矿,1629.9,400.0,4000.0
INV-02347,2029-10-15,WH-03,黑龙江多宝山,铜精矿,767.3,200.0,2000.0
INV-02348,2029-10-15,WH-03,黑龙江多宝山,钼精矿,222.0,100.0,800.0
INV-02349,2029-10-15,WH-04,贵州贞丰,金矿石,542.6,100.0,1000.0
INV-02350,2029-10-15,WH-04,贵州贞丰,锌精矿,966.1,300.0,2500.0
INV-02351,2029-10-15,WH-05,河南洛阳,银精矿,63.9,40.0,400.0
INV-02352,2029-10-15,WH-05,河南洛阳,钼精矿,308.0,80.0,600.0
INV-02353,2029-02-15,WH-01,福建上杭,金矿石,794.3,200.0,2000.0
INV-02354,2029-02-15,WH-01,福建上杭,铜精矿,1285.0,300.0,3000.0
INV-02355,2029-02-15,WH-01,福建上杭,银精矿,103.1,50.0,500.0
INV-02356,2029-02-15,WH-02,新疆阿勒泰,金矿石,566.0,150.0,1500.0
INV-02357,2029-02-15,WH-02,新疆阿勒泰,铜精矿,994.0,250.0,2500.0
INV-02358,2029-02-15,WH-02,新疆阿勒泰,锌精矿,2060.3,400.0,4000.0
INV-02359,2029-02-15,WH-03,黑龙江多宝山,铜精矿,695.9,200.0,2000.0
INV-02360,2029-02-15,WH-03,黑龙江多宝山,钼精矿,326.1,100.0,800.0
INV-02361,2029-02-15,WH-04,贵州贞丰,金矿石,416.5,100.0,1000.0
INV-02362,2029-02-15,WH-04,贵州贞丰,锌精矿,1074.2,300.0,2500.0
INV-02363,2029-02-15,WH-05,河南洛阳,银精矿,100.1,40.0,400.0
INV-02364,2029-02-15,WH-05,河南洛阳,钼精矿,240.7,80.0,600.0
INV-02365,2029-05-15,WH-01,福建上杭,金矿石,647.1,200.0,2000.0
INV-02366,2029-05-15,WH-01,福建上杭,铜精矿,1065.6,300.0,3000.0
INV-02367,2029-05-15,WH-01,福建上杭,银精矿,87.1,50.0,500.0
INV-02368,2029-05-15,WH-02,新疆阿勒泰,金矿石,487.3,150.0,1500.0
INV-02369,2029-05-15,WH-02,新疆阿勒泰,铜精矿,1205.7,250.0,2500.0
INV-02370,2029-05-15,WH-02,新疆阿勒泰,锌精矿,1405.0,400.0,4000.0
INV-02371,2029-05-15,WH-03,黑龙江多宝山,铜精矿,596.1,200.0,2000.0
INV-02372,2029-05-15,WH-03,黑龙江多宝山,钼精矿,172.0,100.0,800.0
INV-02373,2029-05-15,WH-04,贵州贞丰,金矿石,358.3,100.0,1000.0
INV-02374,2029-05-15,WH-04,贵州贞丰,锌精矿,960.9,300.0,2500.0
INV-02375,2029-05-15,WH-05,河南洛阳,银精矿,39.4,40.0,400.0
INV-02376,2029-05-15,WH-05,河南洛阳,钼精矿,204.8,80.0,600.0
INV-02377,2029-08-15,WH-01,福建上杭,金矿石,623.6,200.0,2000.0
INV-02378,2029-08-15,WH-01,福建上杭,铜精矿,813.5,300.0,3000.0
INV-02379,2029-08-15,WH-01,福建上杭,银精矿,74.9,50.0,500.0
INV-02380,2029-08-15,WH-02,新疆阿勒泰,金矿石,355.0,150.0,1500.0
INV-02381,2029-08-15,WH-02,新疆阿勒泰,铜精矿,1015.3,250.0,2500.0
INV-02382,2029-08-15,WH-02,新疆阿勒泰,锌精矿,1153.5,400.0,4000.0
INV-02383,2029-08-15,WH-03,黑龙江多宝山,铜精矿,508.6,200.0,2000.0
INV-02384,2029-08-15,WH-03,黑龙江多宝山,钼精矿,100.1,100.0,800.0
INV-02385,2029-08-15,WH-04,贵州贞丰,金矿石,291.2,100.0,1000.0
INV-02386,2029-08-15,WH-04,贵州贞丰,锌精矿,801.9,300.0,2500.0
INV-02387,2029-08-15,WH-05,河南洛阳,银精矿,38.0,40.0,400.0
INV-02388,2029-08-15,WH-05,河南洛阳,钼精矿,166.5,80.0,600.0
INV-02389,2029-11-15,WH-01,福建上杭,金矿石,978.6,200.0,2000.0
INV-02390,2029-11-15,WH-01,福建上杭,铜精矿,1161.7,300.0,3000.0
INV-02391,2029-11-15,WH-01,福建上杭,银精矿,115.3,50.0,500.0
INV-02392,2029-11-15,WH-02,新疆阿勒泰,金矿石,631.4,150.0,1500.0
INV-02393,2029-11-15,WH-02,新疆阿勒泰,铜精矿,975.9,250.0,2500.0
INV-02394,2029-11-15,WH-02,新疆阿勒泰,锌精矿,1728.9,400.0,4000.0
INV-02395,2029-11-15,WH-03,黑龙江多宝山,铜精矿,602.3,200.0,2000.0
INV-02396,2029-11-15,WH-03,黑龙江多宝山,钼精矿,227.7,100.0,800.0
INV-02397,2029-11-15,WH-04,贵州贞丰,金矿石,420.2,100.0,1000.0
INV-02398,2029-11-15,WH-04,贵州贞丰,锌精矿,972.0,300.0,2500.0
INV-02399,2029-11-15,WH-05,河南洛阳,银精矿,81.5,40.0,400.0
INV-02400,2029-11-15,WH-05,河南洛阳,钼精矿,268.4,80.0,600.0
