order_id,order_date,customer_id,product_category,quantity_tons,unit_price,total_amount,region,status
ORD-00001,2025-01-05,CUST-012,金矿石,141.0,399439.81,56321013.21,华东,已完成
ORD-00002,2025-01-08,CUST-035,铜精矿,309.1,60792.00,18790807.20,华南,已完成
ORD-00003,2025-01-12,CUST-007,银精矿,49.6,4768058.40,236495696.64,华北,已完成
ORD-00004,2025-01-15,CUST-021,锌精矿,462.0,17204.24,7948358.88,西南,进行中
ORD-00005,2025-01-18,CUST-042,钼精矿,88.9,294366.08,26169144.51,华东,已完成
ORD-00006,2025-01-22,CUST-018,金矿石,225.8,408218.07,92175640.21,西北,已完成
ORD-00007,2025-01-25,CUST-003,铜精矿,173.1,45931.50,7950742.65,华南,已取消
ORD-00008,2025-02-01,CUST-029,银精矿,67.3,3675816.85,247382474.00,华东,已完成
ORD-00009,2025-02-05,CUST-015,锌精矿,380.3,16780.32,6381555.70,东北,已完成
ORD-00010,2025-02-08,CUST-037,钼精矿,94.5,295826.90,27955642.05,华北,已完成
ORD-00011,2025-02-12,CUST-008,金矿石,172.5,412718.70,71193975.75,华南,进行中
ORD-00012,2025-02-15,CUST-044,铜精矿,276.0,58674.52,16194167.52,西南,已完成
ORD-00013,2025-02-20,CUST-022,银精矿,31.2,3758079.50,117252080.40,华东,已完成
ORD-00014,2025-02-25,CUST-011,锌精矿,436.3,16046.31,7001005.05,华北,已完成
ORD-00015,2025-03-01,CUST-033,钼精矿,94.7,272146.94,25772315.22,西北,已完成
ORD-00016,2025-03-05,CUST-019,金矿石,299.0,394089.75,117832835.25,华东,已完成
ORD-00017,2025-03-08,CUST-046,铜精矿,386.8,45349.18,17541062.82,东北,已取消
ORD-00018,2025-03-12,CUST-005,银精矿,54.9,4178282.02,229387682.90,华南,已完成
ORD-00019,2025-03-15,CUST-027,锌精矿,454.1,16203.55,7358032.05,西南,已完成
ORD-00020,2025-03-18,CUST-014,钼精矿,65.3,303187.15,19798120.89,华北,进行中
ORD-00021,2025-03-22,CUST-039,金矿石,180.6,449584.87,81195027.52,华东,已完成
ORD-00022,2025-03-25,CUST-002,铜精矿,317.4,55886.15,17738264.01,华南,已完成
ORD-00023,2025-04-01,CUST-031,银精矿,36.6,4904956.64,179521413.02,西北,已完成
ORD-00024,2025-04-05,CUST-016,锌精矿,309.0,22069.36,6819432.24,华东,已完成
ORD-00025,2025-04-08,CUST-048,钼精矿,75.2,327174.69,24603536.69,东北,已完成
ORD-00026,2025-04-12,CUST-009,金矿石,209.7,381858.81,80075792.46,华北,已完成
ORD-00027,2025-04-15,CUST-025,铜精矿,335.6,60596.89,20336316.28,西南,进行中
ORD-00028,2025-04-18,CUST-041,银精矿,51.5,4906452.29,252682292.94,华南,已完成
ORD-00029,2025-04-22,CUST-006,锌精矿,522.5,16629.74,8689039.15,华东,已完成
ORD-00030,2025-04-25,CUST-034,钼精矿,112.4,300978.94,33830032.86,西北,已完成
ORD-00031,2025-05-01,CUST-020,金矿石,176.0,425724.03,74927429.28,东北,已完成
ORD-00032,2025-05-05,CUST-043,铜精矿,239.4,44582.14,10672964.32,华东,已取消
ORD-00033,2025-05-08,CUST-013,银精矿,61.8,3747653.10,231604961.58,华南,已完成
ORD-00034,2025-05-12,CUST-036,锌精矿,414.2,21598.23,8945986.87,华北,已完成
ORD-00035,2025-05-15,CUST-001,钼精矿,72.6,336111.40,24401687.64,西南,已完成
ORD-00036,2025-05-18,CUST-028,金矿石,236.5,413407.31,97770828.81,华东,进行中
ORD-00037,2025-05-22,CUST-047,铜精矿,313.9,61896.28,19429242.29,华南,已完成
ORD-00038,2025-05-25,CUST-010,银精矿,32.8,4322192.29,141767907.11,西北,已完成
ORD-00039,2025-06-01,CUST-023,锌精矿,323.7,17423.13,5639867.18,华东,已完成
ORD-00040,2025-06-05,CUST-038,钼精矿,76.6,273749.47,20969209.40,东北,已完成
ORD-00041,2025-06-08,CUST-017,金矿石,247.8,339815.62,84206310.64,华北,已完成
ORD-00042,2025-06-12,CUST-045,铜精矿,302.8,57428.29,17389286.21,西南,已完成
ORD-00043,2025-06-15,CUST-004,银精矿,56.6,3975067.84,224988839.74,华东,已完成
ORD-00044,2025-06-18,CUST-032,锌精矿,456.7,18570.28,8481046.88,华南,进行中
ORD-00045,2025-06-22,CUST-026,钼精矿,103.2,360994.49,37254631.37,华北,已完成
ORD-00046,2025-06-25,CUST-040,金矿石,163.7,390041.48,63849790.28,西南,已完成
ORD-00047,2025-07-01,CUST-024,铜精矿,263.1,47916.60,12606857.46,华东,已取消
ORD-00048,2025-07-05,CUST-049,银精矿,47.4,4129461.44,195736472.26,东北,已完成
ORD-00049,2025-07-08,CUST-030,锌精矿,415.8,19493.61,8105443.04,西北,已完成
ORD-00050,2025-07-12,CUST-007,钼精矿,95.5,301969.62,28838098.71,华南,已完成
ORD-00051,2025-07-15,CUST-015,金矿石,207.3,407404.41,84454934.19,华东,已完成
ORD-00052,2025-07-18,CUST-042,铜精矿,282.6,49387.98,13957043.15,华北,已完成
ORD-00053,2025-07-22,CUST-021,银精矿,42.4,4711714.93,199776713.03,西南,进行中
ORD-00054,2025-07-25,CUST-008,锌精矿,449.8,17801.91,8007299.12,华南,已完成
ORD-00055,2025-08-01,CUST-035,钼精矿,119.5,300976.64,35966708.48,华东,已完成
ORD-00056,2025-08-05,CUST-012,金矿石,189.2,425782.74,80558094.41,东北,已完成
ORD-00057,2025-08-08,CUST-044,铜精矿,271.5,54539.57,14807493.26,西北,已完成
ORD-00058,2025-08-12,CUST-003,银精矿,51.8,4022322.19,208356289.44,华东,已完成
ORD-00059,2025-08-15,CUST-018,锌精矿,346.3,20527.47,7108662.86,华北,已取消
ORD-00060,2025-08-18,CUST-029,钼精矿,81.0,342185.89,27717057.09,华南,已完成
ORD-00061,2025-08-22,CUST-046,金矿石,186.4,425306.83,79277193.11,西南,已完成
ORD-00062,2025-08-25,CUST-011,铜精矿,333.8,53657.16,17910760.01,华东,已完成
ORD-00063,2025-09-01,CUST-037,银精矿,45.6,4884679.20,222741371.52,华南,已完成
ORD-00064,2025-09-05,CUST-019,锌精矿,536.3,18281.61,9804427.44,西北,进行中
ORD-00065,2025-09-08,CUST-033,钼精矿,112.9,309905.05,34988280.15,东北,已完成
ORD-00066,2025-09-12,CUST-005,金矿石,251.8,457761.67,115264388.51,华北,已完成
ORD-00067,2025-09-15,CUST-027,铜精矿,246.5,47427.88,11690972.42,华东,已完成
ORD-00068,2025-09-18,CUST-048,银精矿,35.3,4085957.65,144234305.04,西南,已完成
ORD-00069,2025-09-22,CUST-014,锌精矿,463.2,16943.07,7848030.02,华南,已完成
ORD-00070,2025-09-25,CUST-039,钼精矿,106.9,325101.52,34753352.49,华东,已完成
ORD-00071,2025-10-01,CUST-002,金矿石,214.3,459179.39,98402143.28,华东,已完成
ORD-00072,2025-10-05,CUST-031,铜精矿,313.2,48138.59,15077006.39,东北,已取消
ORD-00073,2025-10-08,CUST-016,银精矿,47.7,3858109.45,184031820.77,华北,已完成
ORD-00074,2025-10-12,CUST-025,锌精矿,332.2,17145.30,5695668.66,西南,已完成
ORD-00075,2025-10-15,CUST-009,钼精矿,79.8,330104.55,26342343.09,华南,进行中
ORD-00076,2025-10-18,CUST-041,金矿石,308.0,381833.12,117604600.96,西北,已完成
ORD-00077,2025-10-22,CUST-006,铜精矿,214.3,48079.54,10303445.42,华东,已完成
ORD-00078,2025-10-25,CUST-034,银精矿,54.6,3727588.20,203526315.72,华南,已完成
ORD-00079,2025-11-01,CUST-020,锌精矿,434.1,19143.80,8310323.58,华北,已完成
ORD-00080,2025-11-05,CUST-043,钼精矿,74.1,338747.64,25101200.12,华东,已完成
ORD-00081,2025-11-08,CUST-013,金矿石,198.2,439706.52,87149832.26,东北,已完成
ORD-00082,2025-11-12,CUST-036,铜精矿,247.7,52572.13,13022116.60,西南,已完成
ORD-00083,2025-11-15,CUST-001,银精矿,56.8,4085915.94,232080025.39,华东,进行中
ORD-00084,2025-11-18,CUST-028,锌精矿,313.0,18862.33,5903909.29,华南,已完成
ORD-00085,2025-11-22,CUST-047,钼精矿,112.8,356517.14,40215133.39,西北,已完成
ORD-00086,2025-11-25,CUST-010,金矿石,250.2,344969.63,86311401.43,华北,已完成
ORD-00087,2025-12-01,CUST-023,铜精矿,356.8,49309.86,17593758.05,华东,已完成
ORD-00088,2025-12-05,CUST-038,银精矿,47.1,4286681.66,201902706.19,西南,已完成
ORD-00089,2025-12-08,CUST-017,锌精矿,347.0,18482.91,6413569.77,东北,已取消
ORD-00090,2025-12-12,CUST-045,钼精矿,78.7,310641.85,24447513.59,华南,已完成
ORD-00091,2025-12-15,CUST-004,金矿石,280.5,417298.15,117052131.08,华东,已完成
ORD-00092,2025-12-18,CUST-032,铜精矿,312.8,50443.43,15778704.90,华北,已完成
ORD-00093,2025-12-22,CUST-026,银精矿,55.5,4149708.78,230308837.29,西北,进行中
ORD-00094,2025-12-25,CUST-040,锌精矿,435.0,19545.82,8502431.70,华南,已完成
ORD-00095,2025-12-28,CUST-024,钼精矿,113.1,319328.80,36116087.28,西南,已完成
ORD-00096,2025-12-28,CUST-049,金矿石,142.1,442219.90,62839447.79,东北,已完成
ORD-00097,2025-12-28,CUST-030,铜精矿,278.1,46384.54,12899540.57,华东,已完成
ORD-00098,2025-12-28,CUST-007,银精矿,33.0,3938721.59,129977812.47,华北,已完成
ORD-00099,2025-12-28,CUST-015,锌精矿,350.9,21245.02,7454877.52,华南,已完成
ORD-00100,2025-12-28,CUST-042,钼精矿,80.1,287502.99,23028989.50,西南,已完成
ORD-00101,2025-02-05,CUST-012,金矿石,127.9,396301.67,50686983.59,华东,已完成
ORD-00102,2025-02-08,CUST-035,铜精矿,329.6,44742.26,14747048.90,华南,已完成
ORD-00103,2025-02-12,CUST-007,银精矿,39.9,4787046.60,191003159.34,华北,已完成
ORD-00104,2025-02-15,CUST-021,锌精矿,540.8,20842.21,11271467.17,西南,进行中
ORD-00105,2025-02-18,CUST-042,钼精矿,74.6,279761.60,20870215.36,华东,已完成
ORD-00106,2025-02-22,CUST-018,金矿石,205.2,354768.96,72798590.59,西北,已完成
ORD-00107,2025-02-25,CUST-003,铜精矿,183.2,51292.18,9396727.38,华南,已取消
ORD-00108,2025-03-01,CUST-029,银精矿,59.9,4064617.90,243470612.21,华东,已完成
ORD-00109,2025-03-05,CUST-015,锌精矿,462.0,16448.40,7599160.80,东北,已完成
ORD-00110,2025-03-08,CUST-037,钼精矿,99.1,314860.14,31202639.87,华北,已完成
ORD-00111,2025-03-12,CUST-008,金矿石,182.5,457494.29,83492707.92,华南,进行中
ORD-00112,2025-03-15,CUST-044,铜精矿,280.2,59447.79,16657270.76,西南,已完成
ORD-00113,2025-03-20,CUST-022,银精矿,33.9,3988229.75,135200988.53,华东,已完成
ORD-00114,2025-03-25,CUST-011,锌精矿,407.7,20764.59,8465723.34,华北,已完成
ORD-00115,2025-04-01,CUST-033,钼精矿,119.8,333862.16,39996686.77,西北,已完成
ORD-00116,2025-04-05,CUST-019,金矿石,297.6,445924.30,132707071.68,华东,已完成
ORD-00117,2025-04-08,CUST-046,铜精矿,332.0,58032.82,19266896.24,东北,已取消
ORD-00118,2025-04-12,CUST-005,银精矿,48.0,4927434.16,236516839.68,华南,已完成
ORD-00119,2025-04-15,CUST-027,锌精矿,483.2,21491.48,10384683.14,西南,已完成
ORD-00120,2025-04-18,CUST-014,钼精矿,79.8,333184.35,26588111.13,华北,进行中
ORD-00121,2025-04-22,CUST-039,金矿石,192.3,358770.28,68991524.84,华东,已完成
ORD-00122,2025-04-25,CUST-002,铜精矿,325.1,47847.83,15555329.53,华南,已完成
ORD-00123,2025-05-01,CUST-031,银精矿,37.0,4286781.50,158610915.50,西北,已完成
ORD-00124,2025-05-05,CUST-016,锌精矿,339.5,16355.64,5552739.78,华东,已完成
ORD-00125,2025-05-08,CUST-048,钼精矿,88.9,325416.68,28929542.85,东北,已完成
ORD-00126,2025-05-12,CUST-009,金矿石,205.7,336530.57,69224338.25,华北,已完成
ORD-00127,2025-05-15,CUST-025,铜精矿,358.6,50883.15,18246697.59,西南,进行中
ORD-00128,2025-05-18,CUST-041,银精矿,61.4,4385312.66,269258197.32,华南,已完成
ORD-00129,2025-05-22,CUST-006,锌精矿,519.8,18238.21,9480221.56,华东,已完成
ORD-00130,2025-05-25,CUST-034,钼精矿,87.2,351440.03,30645570.62,西北,已完成
ORD-00131,2025-06-01,CUST-020,金矿石,159.2,350837.33,55853302.94,东北,已完成
ORD-00132,2025-06-05,CUST-043,铜精矿,229.3,52252.21,11981431.75,华东,已取消
ORD-00133,2025-06-08,CUST-013,银精矿,58.4,4745023.65,277109381.16,华南,已完成
ORD-00134,2025-06-12,CUST-036,锌精矿,412.2,15951.15,6575064.03,华北,已完成
ORD-00135,2025-06-15,CUST-001,钼精矿,72.5,349935.26,25370306.35,西南,已完成
ORD-00136,2025-06-18,CUST-028,金矿石,254.4,361622.09,91996659.70,华东,进行中
ORD-00137,2025-06-22,CUST-047,铜精矿,309.2,48335.18,14945237.66,华南,已完成
ORD-00138,2025-06-25,CUST-010,银精矿,35.0,4047527.68,141663468.80,西北,已完成
ORD-00139,2025-07-01,CUST-023,锌精矿,344.0,16118.99,5544932.56,华东,已完成
ORD-00140,2025-07-05,CUST-038,钼精矿,91.5,369394.39,33799586.69,东北,已完成
ORD-00141,2025-07-08,CUST-017,金矿石,182.8,379161.02,69310634.46,华北,已完成
ORD-00142,2025-07-12,CUST-045,铜精矿,346.8,49038.54,17006565.67,西南,已完成
ORD-00143,2025-07-15,CUST-004,银精矿,52.9,4433026.00,234507075.40,华东,已完成
ORD-00144,2025-07-18,CUST-032,锌精矿,413.7,20722.91,8573067.87,华南,进行中
ORD-00145,2025-07-22,CUST-026,钼精矿,119.4,294578.26,35172644.24,华北,已完成
ORD-00146,2025-07-25,CUST-040,金矿石,181.5,433611.18,78700429.17,西南,已完成
ORD-00147,2025-08-01,CUST-024,铜精矿,288.4,60179.47,17355759.15,华东,已取消
ORD-00148,2025-08-05,CUST-049,银精矿,36.4,3851469.44,140193487.62,东北,已完成
ORD-00149,2025-08-08,CUST-030,锌精矿,437.1,16805.57,7345714.65,西北,已完成
ORD-00150,2025-08-12,CUST-007,钼精矿,80.8,320520.24,25898035.39,华南,已完成
ORD-00151,2025-08-15,CUST-015,金矿石,244.1,446494.11,108989212.25,华东,已完成
ORD-00152,2025-08-18,CUST-042,铜精矿,317.0,51649.73,16372964.41,华北,已完成
ORD-00153,2025-08-22,CUST-021,银精矿,37.1,4030753.17,149540942.61,西南,进行中
ORD-00154,2025-08-25,CUST-008,锌精矿,433.6,19949.32,8650025.15,华南,已完成
ORD-00155,2025-09-01,CUST-035,钼精矿,109.5,300902.72,32948847.84,华东,已完成
ORD-00156,2025-09-05,CUST-012,金矿石,173.7,417740.15,72561464.05,东北,已完成
ORD-00157,2025-09-08,CUST-044,铜精矿,264.2,55068.42,14549076.56,西北,已完成
ORD-00158,2025-09-12,CUST-003,银精矿,57.8,4813698.98,278231801.04,华东,已完成
ORD-00159,2025-09-15,CUST-018,锌精矿,422.6,17091.18,7222732.67,华北,已取消
ORD-00160,2025-09-18,CUST-029,钼精矿,87.5,337550.76,29535691.50,华南,已完成
ORD-00161,2025-09-22,CUST-046,金矿石,174.2,341535.91,59495555.52,西南,已完成
ORD-00162,2025-09-25,CUST-011,铜精矿,346.8,55998.91,19420421.99,华东,已完成
ORD-00163,2025-10-01,CUST-037,银精矿,46.0,4062488.65,186874477.90,华南,已完成
ORD-00164,2025-10-05,CUST-019,锌精矿,526.7,18768.96,9885611.23,西北,进行中
ORD-00165,2025-10-08,CUST-033,钼精矿,101.1,370404.78,37447923.26,东北,已完成
ORD-00166,2025-10-12,CUST-005,金矿石,252.2,357234.09,90094437.50,华北,已完成
ORD-00167,2025-10-15,CUST-027,铜精矿,234.7,47800.97,11218887.66,华东,已完成
ORD-00168,2025-10-18,CUST-048,银精矿,29.4,3780592.97,111149433.32,西南,已完成
ORD-00169,2025-10-22,CUST-014,锌精矿,501.4,18726.16,9389296.62,华南,已完成
ORD-00170,2025-10-25,CUST-039,钼精矿,130.2,304786.97,39683263.49,华东,已完成
ORD-00171,2025-11-01,CUST-002,金矿石,196.3,386326.33,75835858.58,华东,已完成
ORD-00172,2025-11-05,CUST-031,铜精矿,375.3,58085.17,21799364.30,东北,已取消
ORD-00173,2025-11-08,CUST-016,银精矿,41.8,3908441.88,163372870.58,华北,已完成
ORD-00174,2025-11-12,CUST-025,锌精矿,361.0,20453.98,7383886.78,西南,已完成
ORD-00175,2025-11-15,CUST-009,钼精矿,100.0,362553.53,36255353.00,华南,进行中
ORD-00176,2025-11-18,CUST-041,金矿石,267.1,443423.35,118438376.78,西北,已完成
ORD-00177,2025-11-22,CUST-006,铜精矿,214.7,50301.69,10799772.84,华东,已完成
ORD-00178,2025-11-25,CUST-034,银精矿,56.0,4287393.60,240094041.60,华南,已完成
ORD-00179,2025-12-01,CUST-020,锌精矿,515.9,16990.57,8765435.06,华北,已完成
ORD-00180,2025-12-05,CUST-043,钼精矿,66.5,369524.11,24573353.31,华东,已完成
ORD-00181,2025-12-08,CUST-013,金矿石,177.2,366852.42,65006248.82,东北,已完成
ORD-00182,2025-12-12,CUST-036,铜精矿,336.3,61188.74,20577773.26,西南,已完成
ORD-00183,2025-12-15,CUST-001,银精矿,72.5,4524675.52,328038975.20,华东,进行中
ORD-00184,2025-12-18,CUST-028,锌精矿,349.7,17549.96,6137221.01,华南,已完成
ORD-00185,2025-12-22,CUST-047,钼精矿,97.7,296690.17,28986629.61,西北,已完成
ORD-00186,2025-12-25,CUST-010,金矿石,265.4,367887.42,97637321.27,华北,已完成
ORD-00187,2026-01-01,CUST-023,铜精矿,292.6,62825.26,18382671.08,华东,已完成
ORD-00188,2026-01-05,CUST-038,银精矿,46.1,4487143.29,206857305.67,西南,已完成
ORD-00189,2026-01-08,CUST-017,锌精矿,415.7,20343.98,8456992.49,东北,已取消
ORD-00190,2026-01-12,CUST-045,钼精矿,96.0,371011.80,35617132.80,华南,已完成
ORD-00191,2026-01-15,CUST-004,金矿石,229.6,384463.56,88272833.38,华东,已完成
ORD-00192,2026-01-18,CUST-032,铜精矿,252.8,47578.08,12027738.62,华北,已完成
ORD-00193,2026-01-22,CUST-026,银精矿,54.1,4611115.11,249461327.45,西北,进行中
ORD-00194,2026-01-25,CUST-040,锌精矿,456.0,16645.20,7590211.20,华南,已完成
ORD-00195,2026-01-28,CUST-024,钼精矿,91.4,339875.18,31064591.45,西南,已完成
ORD-00196,2026-01-28,CUST-049,金矿石,150.5,406275.82,61144510.91,东北,已完成
ORD-00197,2026-01-28,CUST-030,铜精矿,318.2,58893.88,18740032.62,华东,已完成
ORD-00198,2026-01-28,CUST-007,银精矿,34.3,4137408.82,141913122.53,华北,已完成
ORD-00199,2026-01-28,CUST-015,锌精矿,394.5,21103.61,8325374.15,华南,已完成
ORD-00200,2026-01-28,CUST-042,钼精矿,93.2,345585.43,32208562.08,西南,已完成
ORD-00201,2025-03-05,CUST-012,金矿石,152.7,351796.06,53719258.36,华东,已完成
ORD-00202,2025-03-08,CUST-035,铜精矿,298.9,55750.40,16663794.56,华南,已完成
ORD-00203,2025-03-12,CUST-007,银精矿,52.7,4360851.60,229816879.32,华北,已完成
ORD-00204,2025-03-15,CUST-021,锌精矿,543.0,17518.04,9512295.72,西南,进行中
ORD-00205,2025-03-18,CUST-042,钼精矿,72.6,303848.96,22059434.50,华东,已完成
ORD-00206,2025-03-22,CUST-018,金矿石,212.3,333237.45,70746310.64,西北,已完成
ORD-00207,2025-03-25,CUST-003,铜精矿,200.0,59696.13,11939226.00,华南,已取消
ORD-00208,2025-04-01,CUST-029,银精矿,55.8,3611450.35,201518929.53,华东,已完成
ORD-00209,2025-04-05,CUST-015,锌精矿,474.3,18543.49,8795177.31,东北,已完成
ORD-00210,2025-04-08,CUST-037,钼精矿,91.8,298384.07,27391657.63,华北,已完成
ORD-00211,2025-04-12,CUST-008,金矿石,164.6,334537.48,55064869.21,华南,进行中
ORD-00212,2025-04-15,CUST-044,铜精矿,259.8,44429.31,11542734.74,西南,已完成
ORD-00213,2025-04-20,CUST-022,银精矿,32.0,4516832.00,144538624.00,华东,已完成
ORD-00214,2025-04-25,CUST-011,锌精矿,424.7,17616.41,7481689.33,华北,已完成
ORD-00215,2025-05-01,CUST-033,钼精矿,127.6,341302.40,43550186.24,西北,已完成
ORD-00216,2025-05-05,CUST-019,金矿石,322.3,445135.21,143467078.18,华东,已完成
ORD-00217,2025-05-08,CUST-046,铜精矿,384.8,61582.71,23697026.81,东北,已取消
ORD-00218,2025-05-12,CUST-005,银精矿,50.2,4234285.66,212561140.13,华南,已完成
ORD-00219,2025-05-15,CUST-027,锌精矿,443.4,18952.11,8403365.57,西南,已完成
ORD-00220,2025-05-18,CUST-014,钼精矿,69.7,329390.87,22958543.64,华北,进行中
ORD-00221,2025-05-22,CUST-039,金矿石,215.3,402000.12,86550625.84,华东,已完成
ORD-00222,2025-05-25,CUST-002,铜精矿,340.9,63085.86,21505969.67,华南,已完成
ORD-00223,2025-06-01,CUST-031,银精矿,40.1,3837389.48,153879318.15,西北,已完成
ORD-00224,2025-06-05,CUST-016,锌精矿,387.9,17315.52,6716690.21,华东,已完成
ORD-00225,2025-06-08,CUST-048,钼精矿,90.8,307404.99,27912373.09,东北,已完成
ORD-00226,2025-06-12,CUST-009,金矿石,242.6,373678.31,90654358.01,华北,已完成
ORD-00227,2025-06-15,CUST-025,铜精矿,359.6,58815.72,21150132.91,西南,进行中
ORD-00228,2025-06-18,CUST-041,银精矿,51.1,3592610.75,183582409.33,华南,已完成
ORD-00229,2025-06-22,CUST-006,锌精矿,523.4,17680.19,9253811.45,华东,已完成
ORD-00230,2025-06-25,CUST-034,钼精矿,114.0,341001.60,38874182.40,西北,已完成
ORD-00231,2025-07-01,CUST-020,金矿石,166.0,336634.46,55881320.36,东北,已完成
ORD-00232,2025-07-05,CUST-043,铜精矿,245.1,45912.05,11253043.46,华东,已取消
ORD-00233,2025-07-08,CUST-013,银精矿,75.1,4856835.24,364748326.52,华南,已完成
ORD-00234,2025-07-12,CUST-036,锌精矿,471.5,18046.53,8508938.89,华北,已完成
ORD-00235,2025-07-15,CUST-001,钼精矿,77.8,367021.77,28554293.71,西南,已完成
ORD-00236,2025-07-18,CUST-028,金矿石,250.0,390607.81,97651952.50,华东,进行中
ORD-00237,2025-07-22,CUST-047,铜精矿,291.8,51724.15,15093106.97,华南,已完成
ORD-00238,2025-07-25,CUST-010,银精矿,31.1,4126300.99,128327960.79,西北,已完成
ORD-00239,2025-08-01,CUST-023,锌精矿,371.6,18377.08,6828922.93,华东,已完成
ORD-00240,2025-08-05,CUST-038,钼精矿,100.9,335113.70,33812972.33,东北,已完成
ORD-00241,2025-08-08,CUST-017,金矿石,229.4,372806.71,85521859.27,华北,已完成
ORD-00242,2025-08-12,CUST-045,铜精矿,343.4,56630.55,19446930.87,西南,已完成
ORD-00243,2025-08-15,CUST-004,银精矿,55.6,4087843.36,227284090.82,华东,已完成
ORD-00244,2025-08-18,CUST-032,锌精矿,415.7,18244.82,7584371.67,华南,进行中
ORD-00245,2025-08-22,CUST-026,钼精矿,118.6,313092.94,37132822.68,华北,已完成
ORD-00246,2025-08-25,CUST-040,金矿石,160.6,449304.60,72158318.76,西南,已完成
ORD-00247,2025-09-01,CUST-024,铜精矿,251.8,53783.82,13542765.88,华东,已取消
ORD-00248,2025-09-05,CUST-049,银精矿,39.2,3803558.72,149099501.82,东北,已完成
ORD-00249,2025-09-08,CUST-030,锌精矿,422.8,17358.44,7339148.43,西北,已完成
ORD-00250,2025-09-12,CUST-007,钼精矿,82.3,317943.47,26166747.58,华南,已完成
ORD-00251,2025-09-15,CUST-015,金矿石,264.6,345737.80,91482221.88,华东,已完成
ORD-00252,2025-09-18,CUST-042,铜精矿,271.6,58417.61,15866222.88,华北,已完成
ORD-00253,2025-09-22,CUST-021,银精矿,41.0,4559159.56,186925541.96,西南,进行中
ORD-00254,2025-09-25,CUST-008,锌精矿,432.8,20479.63,8863583.86,华南,已完成
ORD-00255,2025-10-01,CUST-035,钼精矿,127.7,292676.48,37374786.50,华东,已完成
ORD-00256,2025-10-05,CUST-012,金矿石,175.8,415485.09,73042278.82,东北,已完成
ORD-00257,2025-10-08,CUST-044,铜精矿,264.3,55556.71,14683638.45,西北,已完成
ORD-00258,2025-10-12,CUST-003,银精矿,53.1,3601309.17,191229516.93,华东,已完成
ORD-00259,2025-10-15,CUST-018,锌精矿,367.0,20291.09,7446830.03,华北,已取消
ORD-00260,2025-10-18,CUST-029,钼精矿,75.7,308236.97,23333538.63,华南,已完成
ORD-00261,2025-10-22,CUST-046,金矿石,225.0,375205.40,84421215.00,西南,已完成
ORD-00262,2025-10-25,CUST-011,铜精矿,374.8,60130.27,22536825.20,华东,已完成
ORD-00263,2025-11-01,CUST-037,银精矿,44.5,4790929.17,213196348.06,华南,已完成
ORD-00264,2025-11-05,CUST-019,锌精矿,493.8,16925.25,8357688.45,西北,进行中
ORD-00265,2025-11-08,CUST-033,钼精矿,91.9,327343.90,30082904.41,东北,已完成
ORD-00266,2025-11-12,CUST-005,金矿石,271.5,453715.31,123183706.67,华北,已完成
ORD-00267,2025-11-15,CUST-027,铜精矿,193.3,45897.70,8872025.41,华东,已完成
ORD-00268,2025-11-18,CUST-048,银精矿,35.0,3864865.23,135270283.05,西南,已完成
ORD-00269,2025-11-22,CUST-014,锌精矿,398.4,20116.42,8014381.73,华南,已完成
ORD-00270,2025-11-25,CUST-039,钼精矿,127.9,322406.84,41235834.84,华东,已完成
ORD-00271,2025-12-01,CUST-002,金矿石,203.4,348355.92,70855594.13,华东,已完成
ORD-00272,2025-12-05,CUST-031,铜精矿,352.5,49056.73,17292497.33,东北,已取消
ORD-00273,2025-12-08,CUST-016,银精矿,46.5,3739040.50,173865383.25,华北,已完成
ORD-00274,2025-12-12,CUST-025,锌精矿,309.5,17228.65,5332267.18,西南,已完成
ORD-00275,2025-12-15,CUST-009,钼精矿,91.6,343620.53,31475640.55,华南,进行中
ORD-00276,2025-12-18,CUST-041,金矿石,309.4,432346.71,133768072.07,西北,已完成
ORD-00277,2025-12-22,CUST-006,铜精矿,256.5,44186.94,11333950.11,华东,已完成
ORD-00278,2025-12-25,CUST-034,银精矿,61.0,3849279.00,234806019.00,华南,已完成
ORD-00279,2026-01-01,CUST-020,锌精矿,527.0,21584.58,11375073.66,华北,已完成
ORD-00280,2026-01-05,CUST-043,钼精矿,85.4,344251.35,29399065.29,华东,已完成
ORD-00281,2026-01-08,CUST-013,金矿石,175.3,373347.22,65447767.67,东北,已完成
ORD-00282,2026-01-12,CUST-036,铜精矿,322.2,51060.81,16451792.98,西南,已完成
ORD-00283,2026-01-15,CUST-001,银精矿,53.9,3713308.65,200147336.23,华东,进行中
ORD-00284,2026-01-18,CUST-028,锌精矿,302.5,18259.67,5523550.17,华南,已完成
ORD-00285,2026-01-22,CUST-047,钼精矿,114.8,290674.58,33369441.78,西北,已完成
ORD-00286,2026-01-25,CUST-010,金矿石,239.7,419802.71,100626709.59,华北,已完成
ORD-00287,2026-02-01,CUST-023,铜精矿,264.8,54541.97,14442713.66,华东,已完成
ORD-00288,2026-02-05,CUST-038,银精矿,37.9,4043774.27,153259044.83,西南,已完成
ORD-00289,2026-02-08,CUST-017,锌精矿,399.7,21597.85,8632660.64,东北,已取消
ORD-00290,2026-02-12,CUST-045,钼精矿,76.8,348625.27,26774420.74,华南,已完成
ORD-00291,2026-02-15,CUST-004,金矿石,293.2,364944.15,107001624.78,华东,已完成
ORD-00292,2026-02-18,CUST-032,铜精矿,235.7,54009.27,12729984.94,华北,已完成
ORD-00293,2026-02-22,CUST-026,银精矿,54.2,4059711.84,220036381.73,西北,进行中
ORD-00294,2026-02-25,CUST-040,锌精矿,389.9,21868.52,8526535.95,华南,已完成
ORD-00295,2026-02-28,CUST-024,钼精矿,110.7,288462.08,31932752.26,西南,已完成
ORD-00296,2026-02-28,CUST-049,金矿石,140.1,398191.34,55786606.73,东北,已完成
ORD-00297,2026-02-28,CUST-030,铜精矿,259.5,56474.80,14655210.60,华东,已完成
ORD-00298,2026-02-28,CUST-007,银精矿,42.2,4063129.28,171464055.62,华北,已完成
ORD-00299,2026-02-28,CUST-015,锌精矿,377.9,19289.81,7289619.20,华南,已完成
ORD-00300,2026-02-28,CUST-042,钼精矿,107.5,297852.18,32019109.35,西南,已完成
ORD-00301,2025-04-05,CUST-012,金矿石,166.1,375897.45,62436566.45,华东,已完成
ORD-00302,2025-04-08,CUST-035,铜精矿,273.7,58837.48,16103818.28,华南,已完成
ORD-00303,2025-04-12,CUST-007,银精矿,44.5,4275612.60,190264760.70,华北,已完成
ORD-00304,2025-04-15,CUST-021,锌精矿,439.9,19866.63,8739330.54,西南,进行中
ORD-00305,2025-04-18,CUST-042,钼精矿,73.2,273869.12,20047219.58,华东,已完成
ORD-00306,2025-04-22,CUST-018,金矿石,185.0,409723.86,75798914.10,西北,已完成
ORD-00307,2025-04-25,CUST-003,铜精矿,210.1,47678.75,10017305.38,华南,已取消
ORD-00308,2025-05-01,CUST-029,银精矿,59.0,3581732.20,211322199.80,华东,已完成
ORD-00309,2025-05-05,CUST-015,锌精矿,417.4,17228.87,7191330.34,东北,已完成
ORD-00310,2025-05-08,CUST-037,钼精矿,96.4,364153.23,35104371.37,华北,已完成
ORD-00311,2025-05-12,CUST-008,金矿石,193.8,363948.27,70533174.73,华南,进行中
ORD-00312,2025-05-15,CUST-044,铜精矿,226.8,51184.82,11608717.18,西南,已完成
ORD-00313,2025-05-20,CUST-022,银精矿,35.8,3741670.25,133951794.95,华东,已完成
ORD-00314,2025-05-25,CUST-011,锌精矿,325.0,18740.28,6090591.00,华北,已完成
ORD-00315,2025-06-01,CUST-033,钼精矿,104.3,308823.47,32210287.92,西北,已完成
ORD-00316,2025-06-05,CUST-019,金矿石,320.9,427218.85,137094528.96,华东,已完成
ORD-00317,2025-06-08,CUST-046,铜精矿,383.0,46380.02,17763547.66,东北,已取消
ORD-00318,2025-06-12,CUST-005,银精矿,51.0,3864468.52,197087894.52,华南,已完成
ORD-00319,2025-06-15,CUST-027,锌精矿,472.5,20043.76,9470676.60,西南,已完成
ORD-00320,2025-06-18,CUST-014,钼精矿,63.4,308553.28,19562277.95,华北,进行中
ORD-00321,2025-06-22,CUST-039,金矿石,191.5,357978.48,68552878.92,华东,已完成
ORD-00322,2025-06-25,CUST-002,铜精矿,262.7,51092.82,13422083.81,华南,已完成
ORD-00323,2025-07-01,CUST-031,银精矿,39.1,3662618.18,143208370.84,西北,已完成
ORD-00324,2025-07-05,CUST-016,锌精矿,351.1,18517.39,6501455.63,华东,已完成
ORD-00325,2025-07-08,CUST-048,钼精矿,89.5,338996.51,30340187.64,东北,已完成
ORD-00326,2025-07-12,CUST-009,金矿石,238.6,344659.46,82235747.16,华北,已完成
ORD-00327,2025-07-15,CUST-025,铜精矿,335.1,52464.50,17580853.95,西南,进行中
ORD-00328,2025-07-18,CUST-041,银精矿,53.1,4763895.92,252962873.35,华南,已完成
ORD-00329,2025-07-22,CUST-006,锌精矿,537.0,17471.92,9382421.04,华东,已完成
ORD-00330,2025-07-25,CUST-034,钼精矿,99.7,317882.73,31692908.18,西北,已完成
ORD-00331,2025-08-01,CUST-020,金矿石,179.2,431519.82,77328351.74,东北,已完成
ORD-00332,2025-08-05,CUST-043,铜精矿,226.9,56453.92,12809394.45,华东,已取消
ORD-00333,2025-08-08,CUST-013,银精矿,71.7,4185826.11,300123732.09,华南,已完成
ORD-00334,2025-08-12,CUST-036,锌精矿,419.0,17120.35,7173426.65,华北,已完成
ORD-00335,2025-08-15,CUST-001,钼精矿,77.7,284067.99,22072082.82,西南,已完成
ORD-00336,2025-08-18,CUST-028,金矿石,267.9,340067.62,91104115.40,华东,进行中
ORD-00337,2025-08-22,CUST-047,铜精矿,317.8,55336.14,17585825.29,华南,已完成
ORD-00338,2025-08-25,CUST-010,银精矿,29.0,4649650.30,134839858.70,西北,已完成
ORD-00339,2025-09-01,CUST-023,锌精矿,403.7,20184.65,8148543.21,华东,已完成
ORD-00340,2025-09-05,CUST-038,钼精矿,99.0,338367.07,33498339.93,东北,已完成
ORD-00341,2025-09-08,CUST-017,金矿石,210.7,364501.17,76800396.52,华北,已完成
ORD-00342,2025-09-12,CUST-045,铜精矿,387.4,60169.90,23309819.26,西南,已完成
ORD-00343,2025-09-15,CUST-004,银精矿,42.9,3856275.76,165434230.10,华东,已完成
ORD-00344,2025-09-18,CUST-032,锌精矿,435.5,16051.35,6990362.92,华南,进行中
ORD-00345,2025-09-22,CUST-026,钼精矿,100.1,354972.15,35532712.22,华北,已完成
ORD-00346,2025-09-25,CUST-040,金矿石,184.7,444818.91,82158052.68,西南,已完成
ORD-00347,2025-10-01,CUST-024,铜精矿,238.5,54529.95,13005393.07,华东,已取消
ORD-00348,2025-10-05,CUST-049,银精矿,43.5,4092258.56,178013247.36,东北,已完成
ORD-00349,2025-10-08,CUST-030,锌精矿,430.9,18129.30,7811915.37,西北,已完成
ORD-00350,2025-10-12,CUST-007,钼精矿,80.2,356338.44,28578342.89,华南,已完成
ORD-00351,2025-10-15,CUST-015,金矿石,219.7,347083.96,76254346.01,华东,已完成
ORD-00352,2025-10-18,CUST-042,铜精矿,306.1,56957.80,17434782.58,华北,已完成
ORD-00353,2025-10-22,CUST-021,银精矿,42.4,3676636.44,155889385.06,西南,进行中
ORD-00354,2025-10-25,CUST-008,锌精矿,498.9,18613.50,9286275.15,华南,已完成
ORD-00355,2025-11-01,CUST-035,钼精矿,121.5,316594.88,38466277.92,华东,已完成
ORD-00356,2025-11-05,CUST-012,金矿石,178.9,347794.34,62220407.43,东北,已完成
ORD-00357,2025-11-08,CUST-044,铜精矿,221.3,55625.98,12310029.37,西北,已完成
ORD-00358,2025-11-12,CUST-003,银精矿,57.2,4090733.33,233989946.48,华东,已完成
ORD-00359,2025-11-15,CUST-018,锌精矿,321.2,16314.49,5240214.19,华北,已取消
ORD-00360,2025-11-18,CUST-029,钼精矿,73.3,367673.85,26950493.20,华南,已完成
ORD-00361,2025-11-22,CUST-046,金矿石,212.8,444270.69,94540802.83,西南,已完成
ORD-00362,2025-11-25,CUST-011,铜精矿,387.8,60654.01,23521625.08,华东,已完成
ORD-00363,2025-12-01,CUST-037,银精矿,50.6,4925712.22,249241038.33,华南,已完成
ORD-00364,2025-12-05,CUST-019,锌精矿,488.1,16369.06,7989738.19,西北,进行中
ORD-00365,2025-12-08,CUST-033,钼精矿,83.4,361074.03,30113574.10,东北,已完成
ORD-00366,2025-12-12,CUST-005,金矿石,227.0,396486.37,90002405.99,华北,已完成
ORD-00367,2025-12-15,CUST-027,铜精矿,230.1,57686.94,13273764.89,华东,已完成
ORD-00368,2025-12-18,CUST-048,银精矿,29.1,4319767.76,125705241.82,西南,已完成
ORD-00369,2025-12-22,CUST-014,锌精矿,498.2,19522.88,9726298.82,华南,已完成
ORD-00370,2025-12-25,CUST-039,钼精矿,130.0,312453.23,40618919.90,华东,已完成
ORD-00371,2026-01-01,CUST-002,金矿石,185.4,417100.58,77330447.53,华东,已完成
ORD-00372,2026-01-05,CUST-031,铜精矿,307.9,45776.39,14094550.48,东北,已取消
ORD-00373,2026-01-08,CUST-016,银精矿,49.4,4186455.33,206810893.30,华北,已完成
ORD-00374,2026-01-12,CUST-025,锌精矿,349.7,21005.12,7345490.46,西南,已完成
ORD-00375,2026-01-15,CUST-009,钼精矿,78.3,354103.39,27726295.44,华南,进行中
ORD-00376,2026-01-18,CUST-041,金矿石,306.4,346213.89,106079935.90,西北,已完成
ORD-00377,2026-01-22,CUST-006,铜精矿,249.2,51776.32,12902658.94,华东,已完成
ORD-00378,2026-01-25,CUST-034,银精矿,62.5,4841516.40,302594775.00,华南,已完成
ORD-00379,2026-02-01,CUST-020,锌精矿,536.8,20056.50,10766329.20,华北,已完成
ORD-00380,2026-02-05,CUST-043,钼精矿,66.6,360688.66,24021864.76,华东,已完成
ORD-00381,2026-02-08,CUST-013,金矿石,160.4,439327.55,70468139.02,东北,已完成
ORD-00382,2026-02-12,CUST-036,铜精矿,253.8,59843.42,15188260.00,西南,已完成
ORD-00383,2026-02-15,CUST-001,银精矿,60.7,4260342.55,258602792.78,华东,进行中
ORD-00384,2026-02-18,CUST-028,锌精矿,327.1,16957.20,5546700.12,华南,已完成
ORD-00385,2026-02-22,CUST-047,钼精矿,116.0,308763.78,35816598.48,西北,已完成
ORD-00386,2026-02-25,CUST-010,金矿石,230.4,424417.12,97785704.45,华北,已完成
ORD-00387,2026-03-01,CUST-023,铜精矿,302.9,53284.35,16139829.61,华东,已完成
ORD-00388,2026-03-05,CUST-038,银精矿,51.4,4253201.34,218614548.88,西南,已完成
ORD-00389,2026-03-08,CUST-017,锌精矿,391.9,16153.08,6330392.05,东北,已取消
ORD-00390,2026-03-12,CUST-045,钼精矿,94.1,354507.47,33359152.93,华南,已完成
ORD-00391,2026-03-15,CUST-004,金矿石,250.9,385577.48,96741389.73,华东,已完成
ORD-00392,2026-03-18,CUST-032,铜精矿,305.8,45581.07,13938691.21,华北,已完成
ORD-00393,2026-03-22,CUST-026,银精矿,47.3,3785730.33,179065044.61,西北,进行中
ORD-00394,2026-03-25,CUST-040,锌精矿,396.8,20149.57,7995349.38,华南,已完成
ORD-00395,2026-03-28,CUST-024,钼精矿,103.6,352427.22,36511459.99,西南,已完成
ORD-00396,2026-03-28,CUST-049,金矿石,123.7,388909.15,48108061.86,东北,已完成
ORD-00397,2026-03-28,CUST-030,铜精矿,299.6,61387.75,18391769.90,华东,已完成
ORD-00398,2026-03-28,CUST-007,银精矿,38.2,4378641.79,167264116.38,华北,已完成
ORD-00399,2026-03-28,CUST-015,锌精矿,366.5,21538.24,7893764.96,华南,已完成
ORD-00400,2026-03-28,CUST-042,钼精矿,92.8,291558.75,27056652.00,西南,已完成
ORD-00401,2025-05-05,CUST-012,金矿石,159.5,373369.15,59552379.43,华东,已完成
ORD-00402,2025-05-08,CUST-035,铜精矿,369.8,44544.92,16472711.42,华南,已完成
ORD-00403,2025-05-12,CUST-007,银精矿,43.3,4673256.00,202351984.80,华北,已完成
ORD-00404,2025-05-15,CUST-021,锌精矿,557.6,17294.60,9643468.96,西南,进行中
ORD-00405,2025-05-18,CUST-042,钼精矿,68.5,326003.84,22331263.04,华东,已完成
ORD-00406,2025-05-22,CUST-018,金矿石,233.6,355451.07,83033369.95,西北,已完成
ORD-00407,2025-05-25,CUST-003,铜精矿,165.9,56418.50,9359829.15,华南,已取消
ORD-00408,2025-06-01,CUST-029,银精矿,65.6,4825649.05,316562577.68,华东,已完成
ORD-00409,2025-06-05,CUST-015,锌精矿,476.7,18058.34,8608410.68,东北,已完成
ORD-00410,2025-06-08,CUST-037,钼精矿,84.3,336616.88,28376802.98,华北,已完成
ORD-00411,2025-06-12,CUST-008,金矿石,158.2,341682.11,54054109.80,华南,进行中
ORD-00412,2025-06-15,CUST-044,铜精矿,277.6,45384.43,12598717.77,西南,已完成
ORD-00413,2025-06-20,CUST-022,银精矿,32.0,4218660.50,134997136.00,华东,已完成
ORD-00414,2025-06-25,CUST-011,锌精矿,329.0,17359.84,5711387.36,华北,已完成
ORD-00415,2025-07-01,CUST-033,钼精矿,109.3,292421.35,31961653.55,西北,已完成
ORD-00416,2025-07-05,CUST-019,金矿石,306.0,373133.43,114178829.58,华东,已完成
ORD-00417,2025-07-08,CUST-046,铜精矿,339.5,44871.01,15233707.90,东北,已取消
ORD-00418,2025-07-12,CUST-005,银精矿,44.3,4011098.74,177691674.18,华南,已完成
ORD-00419,2025-07-15,CUST-027,锌精矿,460.2,16314.63,7507992.73,西南,已完成
ORD-00420,2025-07-18,CUST-014,钼精矿,80.0,330262.20,26420976.00,华北,进行中
ORD-00421,2025-07-22,CUST-039,金矿石,213.5,431041.37,92027332.50,华东,已完成
ORD-00422,2025-07-25,CUST-002,铜精矿,294.3,51076.93,15031940.50,华南,已完成
ORD-00423,2025-08-01,CUST-031,银精矿,40.7,3779178.80,153812577.16,西北,已完成
ORD-00424,2025-08-05,CUST-016,锌精矿,415.6,17875.60,7429099.36,华东,已完成
ORD-00425,2025-08-08,CUST-048,钼精矿,77.9,308605.07,24040334.95,东北,已完成
ORD-00426,2025-08-12,CUST-009,金矿石,214.5,347640.05,74568790.72,华北,已完成
ORD-00427,2025-08-15,CUST-025,铜精矿,299.6,61403.07,18396359.77,西南,进行中
ORD-00428,2025-08-18,CUST-041,银精矿,60.2,3873851.93,233205886.19,华南,已完成
ORD-00429,2025-08-22,CUST-006,锌精矿,415.3,19187.26,7968469.08,华东,已完成
ORD-00430,2025-08-25,CUST-034,钼精矿,107.6,320958.99,34535187.32,西北,已完成
ORD-00431,2025-09-01,CUST-020,金矿石,186.8,366568.76,68475044.37,东北,已完成
ORD-00432,2025-09-05,CUST-043,铜精矿,276.9,45368.46,12562526.57,华东,已取消
ORD-00433,2025-09-08,CUST-013,银精矿,56.7,3796230.42,215246264.81,华南,已完成
ORD-00434,2025-09-12,CUST-036,锌精矿,439.1,15851.36,6960332.18,华北,已完成
ORD-00435,2025-09-15,CUST-001,钼精矿,70.1,278697.34,19536683.53,西南,已完成
ORD-00436,2025-09-18,CUST-028,金矿石,270.9,394576.32,106890725.09,华东,进行中
ORD-00437,2025-09-22,CUST-047,铜精矿,239.2,46821.03,11199590.38,华南,已完成
ORD-00438,2025-09-25,CUST-010,银精矿,29.5,3734796.25,110176489.38,西北,已完成
ORD-00439,2025-10-01,CUST-023,锌精矿,302.7,19508.27,5905153.33,华东,已完成
ORD-00440,2025-10-05,CUST-038,钼精矿,90.1,309358.71,27873219.77,东北,已完成
ORD-00441,2025-10-08,CUST-017,金矿石,242.4,393166.19,95303484.46,华北,已完成
ORD-00442,2025-10-12,CUST-045,铜精矿,328.7,46879.25,15409209.47,西南,已完成
ORD-00443,2025-10-15,CUST-004,银精矿,42.1,4186067.20,176233429.12,华东,已完成
ORD-00444,2025-10-18,CUST-032,锌精矿,397.6,19404.36,7715173.54,华南,进行中
ORD-00445,2025-10-22,CUST-026,钼精矿,97.2,335796.61,32639430.49,华北,已完成
ORD-00446,2025-10-25,CUST-040,金矿石,180.0,430139.65,77425137.00,西南,已完成
ORD-00447,2025-11-01,CUST-024,铜精矿,233.3,47712.95,11131431.23,华东,已取消
ORD-00448,2025-11-05,CUST-049,银精矿,40.5,4221164.48,170957161.44,东北,已完成
ORD-00449,2025-11-08,CUST-030,锌精矿,422.3,19152.08,8087923.38,西北,已完成
ORD-00450,2025-11-12,CUST-007,钼精矿,97.2,325791.40,31666924.08,华南,已完成
ORD-00451,2025-11-15,CUST-015,金矿石,200.6,455455.64,91364401.38,华东,已完成
ORD-00452,2025-11-18,CUST-042,铜精矿,277.6,45117.91,12524731.82,华北,已完成
ORD-00453,2025-11-22,CUST-021,银精矿,40.3,3985761.79,160626200.14,西南,进行中
ORD-00454,2025-11-25,CUST-008,锌精矿,459.6,20760.92,9541718.83,华南,已完成
ORD-00455,2025-12-01,CUST-035,钼精矿,97.8,297893.12,29133947.14,华东,已完成
ORD-00456,2025-12-05,CUST-012,金矿石,154.3,460768.68,71096607.32,东北,已完成
ORD-00457,2025-12-08,CUST-044,铜精矿,258.8,56127.80,14525874.64,西北,已完成
ORD-00458,2025-12-12,CUST-003,银精矿,50.8,4866568.45,247221677.26,华东,已完成
ORD-00459,2025-12-15,CUST-018,锌精矿,422.0,17998.56,7595392.32,华北,已取消
ORD-00460,2025-12-18,CUST-029,钼精矿,81.7,313471.20,25610597.04,华南,已完成
ORD-00461,2025-12-22,CUST-046,金矿石,213.7,417992.38,89324971.61,西南,已完成
ORD-00462,2025-12-25,CUST-011,铜精矿,300.5,46832.52,14073172.26,华东,已完成
ORD-00463,2026-01-01,CUST-037,银精矿,59.0,4372253.22,257962939.98,华南,已完成
ORD-00464,2026-01-05,CUST-019,锌精矿,470.0,19564.29,9195216.30,西北,进行中
ORD-00465,2026-01-08,CUST-033,钼精矿,112.2,285666.55,32051786.91,东北,已完成
ORD-00466,2026-01-12,CUST-005,金矿石,278.9,367092.26,102382031.31,华北,已完成
ORD-00467,2026-01-15,CUST-027,铜精矿,203.4,49057.78,9978352.45,华东,已完成
ORD-00468,2026-01-18,CUST-048,银精矿,32.1,4236334.03,135986322.36,西南,已完成
ORD-00469,2026-01-22,CUST-014,锌精矿,497.7,19597.15,9753501.55,华南,已完成
ORD-00470,2026-01-25,CUST-039,钼精矿,114.6,367506.19,42116209.37,华东,已完成
ORD-00471,2026-02-01,CUST-002,金矿石,216.5,357632.12,77427353.98,华东,已完成
ORD-00472,2026-02-05,CUST-031,铜精矿,421.5,53900.74,22719161.91,东北,已取消
ORD-00473,2026-02-08,CUST-016,银精矿,51.6,3991399.75,205956227.10,华北,已完成
ORD-00474,2026-02-12,CUST-025,锌精矿,307.2,16998.50,5221939.20,西南,已完成
ORD-00475,2026-02-15,CUST-009,钼精矿,90.7,337469.16,30608452.81,华南,进行中
ORD-00476,2026-02-18,CUST-041,金矿石,297.4,397675.43,118268672.88,西北,已完成
ORD-00477,2026-02-22,CUST-006,铜精矿,266.0,49148.90,13073607.40,华东,已完成
ORD-00478,2026-02-25,CUST-034,银精矿,51.0,4150595.40,211680365.40,华南,已完成
ORD-00479,2026-03-01,CUST-020,锌精矿,475.4,20010.71,9513091.53,华北,已完成
ORD-00480,2026-03-05,CUST-043,钼精矿,88.9,276456.64,24576995.30,华东,已完成
ORD-00481,2026-03-08,CUST-013,金矿石,155.4,402227.50,62506153.50,东北,已完成
ORD-00482,2026-03-12,CUST-036,铜精矿,244.4,49784.66,12167370.90,西南,已完成
ORD-00483,2026-03-15,CUST-001,银精矿,61.1,3936210.12,240502438.33,华东,进行中
ORD-00484,2026-03-18,CUST-028,锌精矿,410.7,20181.51,8288546.16,华南,已完成
ORD-00485,2026-03-22,CUST-047,钼精矿,108.0,356220.07,38471767.56,西北,已完成
ORD-00486,2026-03-25,CUST-010,金矿石,213.0,389134.26,82885597.38,华北,已完成
ORD-00487,2026-04-01,CUST-023,铜精矿,298.7,60028.78,17930596.59,华东,已完成
ORD-00488,2026-04-05,CUST-038,银精矿,49.1,4317500.36,211989267.68,西南,已完成
ORD-00489,2026-04-08,CUST-017,锌精矿,399.9,16323.71,6527851.63,东北,已取消
ORD-00490,2026-04-12,CUST-045,钼精矿,79.9,335964.13,26843533.99,华南,已完成
ORD-00491,2026-04-15,CUST-004,金矿石,258.3,399941.80,103304966.94,华东,已完成
ORD-00492,2026-04-18,CUST-032,铜精矿,305.9,59931.78,18333131.50,华北,已完成
ORD-00493,2026-04-22,CUST-026,银精矿,45.5,4645655.22,211377312.51,西北,进行中
ORD-00494,2026-04-25,CUST-040,锌精矿,450.7,16126.38,7268159.47,华南,已完成
ORD-00495,2026-04-28,CUST-024,钼精矿,109.4,324148.45,35461840.43,西南,已完成
ORD-00496,2026-04-28,CUST-049,金矿石,126.8,399050.56,50599611.01,东北,已完成
ORD-00497,2026-04-28,CUST-030,铜精矿,272.1,58175.64,15829591.64,华东,已完成
ORD-00498,2026-04-28,CUST-007,银精矿,38.2,3912323.57,149450760.37,华北,已完成
ORD-00499,2026-04-28,CUST-015,锌精矿,389.7,18054.49,7035834.75,华南,已完成
ORD-00500,2026-04-28,CUST-042,钼精矿,80.3,290988.58,23366382.97,西南,已完成
ORD-00501,2025-06-05,CUST-012,金矿石,159.6,402349.25,64214940.30,华东,已完成
ORD-00502,2025-06-08,CUST-035,铜精矿,273.9,44831.49,12279345.11,华南,已完成
ORD-00503,2025-06-12,CUST-007,银精矿,46.8,4787601.00,224059726.80,华北,已完成
ORD-00504,2025-06-15,CUST-021,锌精矿,509.2,16644.41,8475333.57,西南,进行中
ORD-00505,2025-06-18,CUST-042,钼精矿,92.6,282845.12,26191458.11,华东,已完成
ORD-00506,2025-06-22,CUST-018,金矿石,232.1,334125.48,77550523.91,西北,已完成
ORD-00507,2025-06-25,CUST-003,铜精矿,177.7,50781.47,9023867.22,华南,已取消
ORD-00508,2025-07-01,CUST-029,银精矿,59.5,4708282.90,280142832.55,华东,已完成
ORD-00509,2025-07-05,CUST-015,锌精矿,469.5,20088.91,9431743.24,东北,已完成
ORD-00510,2025-07-08,CUST-037,钼精矿,91.6,359309.16,32912719.06,华北,已完成
ORD-00511,2025-07-12,CUST-008,金矿石,180.1,396905.76,71482727.38,华南,进行中
ORD-00512,2025-07-15,CUST-044,铜精矿,245.1,57904.64,14192427.26,西南,已完成
ORD-00513,2025-07-20,CUST-022,银精矿,30.1,3856394.75,116077481.98,华东,已完成
ORD-00514,2025-07-25,CUST-011,锌精矿,395.9,21096.05,8351926.19,华北,已完成
ORD-00515,2025-08-01,CUST-033,钼精矿,123.5,320723.67,39609373.24,西北,已完成
ORD-00516,2025-08-05,CUST-019,金矿石,282.6,413791.28,116937415.73,华东,已完成
ORD-00517,2025-08-08,CUST-046,铜精矿,324.8,55364.77,17982477.30,东北,已取消
ORD-00518,2025-08-12,CUST-005,银精矿,53.9,4506441.28,242897184.99,华南,已完成
ORD-00519,2025-08-15,CUST-027,锌精矿,508.1,18729.34,9516377.65,西南,已完成
ORD-00520,2025-08-18,CUST-014,钼精矿,75.8,282732.10,21431093.18,华北,进行中
ORD-00521,2025-08-22,CUST-039,金矿石,206.3,427886.94,88273075.72,华东,已完成
ORD-00522,2025-08-25,CUST-002,铜精矿,299.1,55382.99,16565052.31,华南,已完成
ORD-00523,2025-09-01,CUST-031,银精矿,46.4,4179272.78,193918256.99,西北,已完成
ORD-00524,2025-09-05,CUST-016,锌精矿,413.4,16492.86,6818148.32,华东,已完成
ORD-00525,2025-09-08,CUST-048,钼精矿,80.0,291856.61,23348528.80,东北,已完成
ORD-00526,2025-09-12,CUST-009,金矿石,215.2,353304.47,76031121.94,华北,已完成
ORD-00527,2025-09-15,CUST-025,铜精矿,360.7,48740.24,17580604.57,西南,进行中
ORD-00528,2025-09-18,CUST-041,银精矿,58.0,4463296.94,258871222.52,华南,已完成
ORD-00529,2025-09-22,CUST-006,锌精矿,471.7,20776.30,9800180.71,华东,已完成
ORD-00530,2025-09-25,CUST-034,钼精矿,113.9,369251.06,42057695.73,西北,已完成
ORD-00531,2025-10-01,CUST-020,金矿石,149.5,393178.44,58780176.78,东北,已完成
ORD-00532,2025-10-05,CUST-043,铜精矿,269.3,52108.62,14032851.37,华东,已取消
ORD-00533,2025-10-08,CUST-013,银精矿,67.2,4092300.81,275002614.43,华南,已完成
ORD-00534,2025-10-12,CUST-036,锌精矿,407.5,18118.16,7383150.20,华北,已完成
ORD-00535,2025-10-15,CUST-001,钼精矿,77.1,302182.02,23298233.74,西南,已完成
ORD-00536,2025-10-18,CUST-028,金矿石,290.0,423717.67,122878124.30,华东,进行中
ORD-00537,2025-10-22,CUST-047,铜精矿,284.4,52356.64,14890228.42,华南,已完成
ORD-00538,2025-10-25,CUST-010,银精矿,33.6,4153670.20,139563318.72,西北,已完成
ORD-00539,2025-11-01,CUST-023,锌精矿,376.2,19179.01,7215143.56,华东,已完成
ORD-00540,2025-11-05,CUST-038,钼精矿,102.6,314453.22,32262900.37,东北,已完成
ORD-00541,2025-11-08,CUST-017,金矿石,246.3,437030.22,107640543.19,华北,已完成
ORD-00542,2025-11-12,CUST-045,铜精矿,358.4,45033.00,16139827.20,西南,已完成
ORD-00543,2025-11-15,CUST-004,银精矿,54.7,3777640.72,206636947.38,华东,已完成
ORD-00544,2025-11-18,CUST-032,锌精矿,480.0,21368.89,10257067.20,华南,进行中
ORD-00545,2025-11-22,CUST-026,钼精矿,101.5,375458.75,38109063.12,华北,已完成
ORD-00546,2025-11-25,CUST-040,金矿石,213.7,440008.17,94029745.93,西南,已完成
ORD-00547,2025-12-01,CUST-024,铜精矿,308.0,61155.58,18835918.64,华东,已取消
ORD-00548,2025-12-05,CUST-049,银精矿,40.9,4292412.80,175559683.52,东北,已完成
ORD-00549,2025-12-08,CUST-030,锌精矿,403.9,16028.05,6473729.39,西北,已完成
ORD-00550,2025-12-12,CUST-007,钼精矿,84.2,358540.99,30189151.36,华南,已完成
ORD-00551,2025-12-15,CUST-015,金矿石,235.0,401622.36,94381254.60,华东,已完成
ORD-00552,2025-12-18,CUST-042,铜精矿,307.7,60349.56,18569559.61,华北,已完成
ORD-00553,2025-12-22,CUST-021,银精矿,38.4,4791038.18,183975866.11,西南,进行中
ORD-00554,2025-12-25,CUST-008,锌精矿,501.5,17160.79,8606136.19,华南,已完成
ORD-00555,2026-01-01,CUST-035,钼精矿,111.3,332118.08,36964742.30,华东,已完成
ORD-00556,2026-01-05,CUST-012,金矿石,171.2,440629.61,75435789.23,东北,已完成
ORD-00557,2026-01-08,CUST-044,铜精矿,278.0,53304.47,14818642.66,西北,已完成
ORD-00558,2026-01-12,CUST-003,银精矿,58.1,4621093.16,268485512.60,华东,已完成
ORD-00559,2026-01-15,CUST-018,锌精矿,352.2,17153.71,6041536.66,华北,已取消
ORD-00560,2026-01-18,CUST-029,钼精矿,90.2,324307.53,29252539.21,华南,已完成
ORD-00561,2026-01-22,CUST-046,金矿石,210.2,365525.26,76833409.65,西南,已完成
ORD-00562,2026-01-25,CUST-011,铜精矿,304.5,57270.10,17438745.45,华东,已完成
ORD-00563,2026-02-01,CUST-037,银精矿,52.6,4714009.64,247956907.06,华南,已完成
ORD-00564,2026-02-05,CUST-019,锌精矿,396.7,16254.32,6448088.74,西北,进行中
ORD-00565,2026-02-08,CUST-033,钼精矿,86.5,297775.08,25757544.42,东北,已完成
ORD-00566,2026-02-12,CUST-005,金矿石,271.4,334811.58,90867862.81,华北,已完成
ORD-00567,2026-02-15,CUST-027,铜精矿,192.4,53144.55,10225011.42,华东,已完成
ORD-00568,2026-02-18,CUST-048,银精矿,38.9,3711833.51,144390323.54,西南,已完成
ORD-00569,2026-02-22,CUST-014,锌精矿,407.9,16823.38,6862256.70,华南,已完成
ORD-00570,2026-02-25,CUST-039,钼精矿,107.3,360727.71,38706083.28,华东,已完成
ORD-00571,2026-03-01,CUST-002,金矿石,217.3,384000.82,83443378.19,华东,已完成
ORD-00572,2026-03-05,CUST-031,铜精矿,414.0,45385.91,18789766.74,东北,已取消
ORD-00573,2026-03-08,CUST-016,银精矿,53.2,3907884.17,207899437.84,华北,已完成
ORD-00574,2026-03-12,CUST-025,锌精矿,307.5,20008.60,6152644.50,西南,已完成
ORD-00575,2026-03-15,CUST-009,钼精矿,102.8,331775.42,34106513.18,华南,进行中
ORD-00576,2026-03-18,CUST-041,金矿石,236.6,381560.42,90277195.37,西北,已完成
ORD-00577,2026-03-22,CUST-006,铜精矿,208.5,57119.70,11909457.45,华东,已完成
ORD-00578,2026-03-25,CUST-034,银精矿,52.8,4623914.40,244142680.32,华南,已完成
ORD-00579,2026-04-01,CUST-020,锌精矿,469.1,21549.78,10109001.80,华北,已完成
ORD-00580,2026-04-05,CUST-043,钼精矿,82.9,372349.77,30867795.93,华东,已完成
ORD-00581,2026-04-08,CUST-013,金矿石,180.3,402972.37,72655918.31,东北,已完成
ORD-00582,2026-04-12,CUST-036,铜精矿,286.3,51982.48,14882584.02,西南,已完成
ORD-00583,2026-04-15,CUST-001,银精矿,52.9,4781550.82,252944038.38,华东,进行中
ORD-00584,2026-04-18,CUST-028,锌精矿,319.9,20621.44,6596798.66,华南,已完成
ORD-00585,2026-04-22,CUST-047,钼精矿,98.5,364124.15,35866228.78,西北,已完成
ORD-00586,2026-04-25,CUST-010,金矿石,255.5,452360.63,115578140.97,华北,已完成
ORD-00587,2026-05-01,CUST-023,铜精矿,268.4,58714.57,15758990.59,华东,已完成
ORD-00588,2026-05-05,CUST-038,银精矿,51.8,4596409.59,238094016.76,西南,已完成
ORD-00589,2026-05-08,CUST-017,锌精矿,349.8,21449.08,7502888.18,东北,已取消
ORD-00590,2026-05-12,CUST-045,钼精矿,92.8,365759.45,33942476.96,华南,已完成
ORD-00591,2026-05-15,CUST-004,金矿石,260.7,369594.09,96353179.26,华东,已完成
ORD-00592,2026-05-18,CUST-032,铜精矿,243.8,57148.65,13932840.87,华北,已完成
ORD-00593,2026-05-22,CUST-026,银精矿,44.8,4257182.19,190721762.11,西北,进行中
ORD-00594,2026-05-25,CUST-040,锌精矿,421.4,20512.69,8644047.57,华南,已完成
ORD-00595,2026-05-28,CUST-024,钼精矿,96.1,283673.87,27261058.91,西南,已完成
ORD-00596,2026-05-28,CUST-049,金矿石,142.3,351650.20,50039823.46,东北,已完成
ORD-00597,2026-05-28,CUST-030,铜精矿,256.9,61808.62,15878634.48,华东,已完成
ORD-00598,2026-05-28,CUST-007,银精矿,35.6,4526639.20,161148355.52,华北,已完成
ORD-00599,2026-05-28,CUST-015,锌精矿,348.1,18206.92,6337828.85,华南,已完成
ORD-00600,2026-05-28,CUST-042,钼精矿,95.9,281596.84,27005136.96,西南,已完成
ORD-00601,2025-07-05,CUST-012,金矿石,168.5,339751.72,57248164.82,华东,已完成
ORD-00602,2025-07-08,CUST-035,铜精矿,315.6,53972.62,17033758.87,华南,已完成
ORD-00603,2025-07-12,CUST-007,银精矿,46.7,4412410.80,206059584.36,华北,已完成
ORD-00604,2025-07-15,CUST-021,锌精矿,584.5,18770.78,10971520.91,西南,进行中
ORD-00605,2025-07-18,CUST-042,钼精矿,90.8,373840.64,33944730.11,华东,已完成
ORD-00606,2025-07-22,CUST-018,金矿石,186.0,404640.21,75263079.06,西北,已完成
ORD-00607,2025-07-25,CUST-003,铜精矿,165.6,61116.31,10120860.94,华南,已取消
ORD-00608,2025-08-01,CUST-029,银精矿,62.8,3926435.35,246580139.98,华东,已完成
ORD-00609,2025-08-05,CUST-015,锌精矿,364.0,16446.54,5986540.56,东北,已完成
ORD-00610,2025-08-08,CUST-037,钼精矿,84.1,319215.64,26846035.32,华北,已完成
ORD-00611,2025-08-12,CUST-008,金矿石,156.2,436201.24,68134633.69,华南,进行中
ORD-00612,2025-08-15,CUST-044,铜精矿,244.2,53844.54,13148836.67,西南,已完成
ORD-00613,2025-08-20,CUST-022,银精矿,37.2,4425389.00,164624470.80,华东,已完成
ORD-00614,2025-08-25,CUST-011,锌精矿,432.9,21424.43,9274635.75,华北,已完成
ORD-00615,2025-09-01,CUST-033,钼精矿,97.3,292736.17,28483229.34,西北,已完成
ORD-00616,2025-09-05,CUST-019,金矿石,241.6,396651.08,95830900.93,华东,已完成
ORD-00617,2025-09-08,CUST-046,铜精矿,299.5,58166.22,17420782.89,东北,已取消
ORD-00618,2025-09-12,CUST-005,银精矿,50.3,3817706.86,192030655.06,华南,已完成
ORD-00619,2025-09-15,CUST-027,锌精矿,388.7,16091.24,6254664.99,西南,已完成
ORD-00620,2025-09-18,CUST-014,钼精矿,70.0,338444.22,23691095.40,华北,进行中
ORD-00621,2025-09-22,CUST-039,金矿石,164.6,451704.85,74350618.31,华东,已完成
ORD-00622,2025-09-25,CUST-002,铜精矿,273.1,49915.23,13631849.31,华南,已完成
ORD-00623,2025-10-01,CUST-031,银精矿,46.5,3814550.84,177376614.06,西北,已完成
ORD-00624,2025-10-05,CUST-016,锌精矿,376.1,19698.05,7408436.61,华东,已完成
ORD-00625,2025-10-08,CUST-048,钼精矿,98.8,360755.82,35642675.02,东北,已完成
ORD-00626,2025-10-12,CUST-009,金矿石,256.9,400361.71,102852923.30,华北,已完成
ORD-00627,2025-10-15,CUST-025,铜精矿,317.9,55515.22,17648288.44,西南,进行中
ORD-00628,2025-10-18,CUST-041,银精矿,53.7,3801121.91,204120246.57,华南,已完成
ORD-00629,2025-10-22,CUST-006,锌精矿,557.2,17196.86,9582090.39,华东,已完成
ORD-00630,2025-10-25,CUST-034,钼精矿,117.1,334452.82,39164425.22,西北,已完成
ORD-00631,2025-11-01,CUST-020,金矿石,144.6,373065.14,53945219.24,东北,已完成
ORD-00632,2025-11-05,CUST-043,铜精矿,228.6,54165.03,12382125.86,华东,已取消
ORD-00633,2025-11-08,CUST-013,银精矿,71.7,4691002.32,336344866.34,华南,已完成
ORD-00634,2025-11-12,CUST-036,锌精矿,344.3,17706.18,6096237.77,华北,已完成
ORD-00635,2025-11-15,CUST-001,钼精矿,66.4,305201.02,20265347.73,西南,已完成
ORD-00636,2025-11-18,CUST-028,金矿石,291.1,353931.48,103029453.83,华东,进行中
ORD-00637,2025-11-22,CUST-047,铜精矿,293.2,45542.11,13352946.65,华南,已完成
ORD-00638,2025-11-25,CUST-010,银精矿,31.6,4081287.67,128968690.37,西北,已完成
ORD-00639,2025-12-01,CUST-023,锌精矿,410.3,15853.73,6504785.42,华东,已完成
ORD-00640,2025-12-05,CUST-038,钼精矿,92.4,350470.45,32383469.58,东北,已完成
ORD-00641,2025-12-08,CUST-017,金矿石,196.2,457582.26,89777639.41,华北,已完成
ORD-00642,2025-12-12,CUST-045,铜精矿,285.0,46970.13,13386487.05,西南,已完成
ORD-00643,2025-12-15,CUST-004,银精矿,41.9,4430927.20,185655849.68,华东,已完成
ORD-00644,2025-12-18,CUST-032,锌精矿,461.7,19732.29,9110398.29,华南,进行中
ORD-00645,2025-12-22,CUST-026,钼精矿,98.4,324562.03,31936903.75,华北,已完成
ORD-00646,2025-12-25,CUST-040,金矿石,183.2,440931.31,80778615.99,西南,已完成
ORD-00647,2026-01-01,CUST-024,铜精矿,301.8,61613.79,18595041.82,华东,已取消
ORD-00648,2026-01-05,CUST-049,银精矿,41.6,3813992.00,158662067.20,东北,已完成
ORD-00649,2026-01-08,CUST-030,锌精矿,351.3,17045.98,5988252.77,西北,已完成
ORD-00650,2026-01-12,CUST-007,钼精矿,87.4,285140.41,24921271.83,华南,已完成
ORD-00651,2026-01-15,CUST-015,金矿石,244.3,453891.54,110885703.22,华东,已完成
ORD-00652,2026-01-18,CUST-042,铜精矿,279.6,47787.57,13361404.57,华北,已完成
ORD-00653,2026-01-22,CUST-021,银精矿,39.8,4646096.74,184914650.25,西南,进行中
ORD-00654,2026-01-25,CUST-008,锌精矿,413.1,21305.23,8801190.51,华南,已完成
ORD-00655,2026-02-01,CUST-035,钼精矿,129.2,286551.68,37022477.06,华东,已完成
ORD-00656,2026-02-05,CUST-012,金矿石,164.0,382063.35,62658389.40,东北,已完成
ORD-00657,2026-02-08,CUST-044,铜精矿,235.1,51359.74,12074674.87,西北,已完成
ORD-00658,2026-02-12,CUST-003,银精矿,62.5,4168025.43,260501589.38,华东,已完成
ORD-00659,2026-02-15,CUST-018,锌精矿,394.1,20883.92,8230352.87,华北,已取消
ORD-00660,2026-02-18,CUST-029,钼精矿,78.4,349648.34,27412429.86,华南,已完成
ORD-00661,2026-02-22,CUST-046,金矿石,211.2,451572.35,95372080.32,西南,已完成
ORD-00662,2026-02-25,CUST-011,铜精矿,365.3,51970.53,18984834.61,华东,已完成
ORD-00663,2026-03-01,CUST-037,银精矿,57.1,3637553.43,207704300.85,华南,已完成
ORD-00664,2026-03-05,CUST-019,锌精矿,458.8,15859.97,7276554.24,西北,进行中
ORD-00665,2026-03-08,CUST-033,钼精矿,113.6,369171.40,41937871.04,东北,已完成
ORD-00666,2026-03-12,CUST-005,金矿石,239.8,345314.07,82806313.99,华北,已完成
ORD-00667,2026-03-15,CUST-027,铜精矿,209.8,58421.08,12256742.58,华东,已完成
ORD-00668,2026-03-18,CUST-048,银精矿,38.7,4864952.01,188273642.79,西南,已完成
ORD-00669,2026-03-22,CUST-014,锌精矿,391.4,15964.68,6248575.75,华南,已完成
ORD-00670,2026-03-25,CUST-039,钼精矿,115.8,291616.45,33769184.91,华东,已完成
ORD-00671,2026-04-01,CUST-002,金矿石,186.7,421480.29,78690370.14,华东,已完成
ORD-00672,2026-04-05,CUST-031,铜精矿,369.8,52117.22,19272947.96,东北,已取消
ORD-00673,2026-04-08,CUST-016,银精矿,55.1,4008409.60,220863368.96,华北,已完成
ORD-00674,2026-04-12,CUST-025,锌精矿,307.1,17101.76,5251950.50,西南,已完成
ORD-00675,2026-04-15,CUST-009,钼精矿,84.0,368864.54,30984621.36,华南,进行中
ORD-00676,2026-04-18,CUST-041,金矿石,241.0,387313.00,93342433.00,西北,已完成
ORD-00677,2026-04-22,CUST-006,铜精矿,235.4,51386.38,12096353.85,华东,已完成
ORD-00678,2026-04-25,CUST-034,银精矿,54.3,3595918.20,195258358.26,华南,已完成
ORD-00679,2026-05-01,CUST-020,锌精矿,437.9,18280.55,8005052.84,华北,已完成
ORD-00680,2026-05-05,CUST-043,钼精矿,69.2,301529.08,20865812.34,华东,已完成
ORD-00681,2026-05-08,CUST-013,金矿石,186.3,460693.73,85827241.90,东北,已完成
ORD-00682,2026-05-12,CUST-036,铜精矿,302.2,61359.93,18542970.85,西南,已完成
ORD-00683,2026-05-15,CUST-001,银精矿,68.8,4233135.87,291239747.86,华东,进行中
ORD-00684,2026-05-18,CUST-028,锌精矿,356.2,16420.74,5849067.59,华南,已完成
ORD-00685,2026-05-22,CUST-047,钼精矿,105.4,364728.89,38442425.01,西北,已完成
ORD-00686,2026-05-25,CUST-010,金矿石,226.3,438671.65,99271394.40,华北,已完成
ORD-00687,2026-06-01,CUST-023,铜精矿,343.8,50148.27,17240975.23,华东,已完成
ORD-00688,2026-06-05,CUST-038,银精矿,39.0,4796310.88,187056124.32,西南,已完成
ORD-00689,2026-06-08,CUST-017,锌精矿,363.4,17009.84,6181375.86,东北,已取消
ORD-00690,2026-06-12,CUST-045,钼精矿,86.8,349863.63,30368163.08,华南,已完成
ORD-00691,2026-06-15,CUST-004,金矿石,256.1,405822.23,103931073.10,华东,已完成
ORD-00692,2026-06-18,CUST-032,铜精矿,264.1,45164.89,11928047.45,华北,已完成
ORD-00693,2026-06-22,CUST-026,银精矿,53.2,4326675.24,230179122.77,西北,进行中
ORD-00694,2026-06-25,CUST-040,锌精矿,403.4,16085.76,6488995.58,华南,已完成
ORD-00695,2026-06-28,CUST-024,钼精矿,101.5,304178.33,30874100.50,西南,已完成
ORD-00696,2026-06-28,CUST-049,金矿石,146.7,441048.24,64701776.81,东北,已完成
ORD-00697,2026-06-28,CUST-030,铜精矿,296.7,61866.01,18355645.17,华东,已完成
ORD-00698,2026-06-28,CUST-007,银精矿,40.4,3670528.94,148289369.18,华北,已完成
ORD-00699,2026-06-28,CUST-015,锌精矿,338.9,20927.92,7092472.09,华南,已完成
ORD-00700,2026-06-28,CUST-042,钼精矿,87.0,278444.75,24224693.25,西南,已完成
ORD-00701,2025-08-05,CUST-012,金矿石,148.3,425040.39,63033489.84,华东,已完成
ORD-00702,2025-08-08,CUST-035,铜精矿,331.2,58377.59,19334657.81,华南,已完成
ORD-00703,2025-08-12,CUST-007,银精矿,46.3,3848170.20,178170280.26,华北,已完成
ORD-00704,2025-08-15,CUST-021,锌精矿,430.2,16557.72,7123131.14,西南,进行中
ORD-00705,2025-08-18,CUST-042,钼精矿,91.2,331695.68,30250646.02,华东,已完成
ORD-00706,2025-08-22,CUST-018,金矿石,225.3,451680.06,101763517.52,西北,已完成
ORD-00707,2025-08-25,CUST-003,铜精矿,157.4,47559.82,7485915.67,华南,已取消
ORD-00708,2025-09-01,CUST-029,银精矿,54.6,4525591.60,247097301.36,华东,已完成
ORD-00709,2025-09-05,CUST-015,锌精矿,406.5,18496.96,7519014.24,东北,已完成
ORD-00710,2025-09-08,CUST-037,钼精矿,93.0,318124.17,29585547.81,华北,已完成
ORD-00711,2025-09-12,CUST-008,金矿石,153.1,333065.02,50992254.56,华南,进行中
ORD-00712,2025-09-15,CUST-044,铜精矿,259.9,50974.08,13248163.39,西南,已完成
ORD-00713,2025-09-20,CUST-022,银精矿,41.3,3973363.25,164099902.22,华东,已完成
ORD-00714,2025-09-25,CUST-011,锌精矿,438.6,16989.72,7451691.19,华北,已完成
ORD-00715,2025-10-01,CUST-033,钼精矿,103.2,308445.69,31831595.21,西北,已完成
ORD-00716,2025-10-05,CUST-019,金矿石,312.6,346239.49,108234464.57,华东,已完成
ORD-00717,2025-10-08,CUST-046,铜精矿,367.5,47620.49,17500530.07,东北,已取消
ORD-00718,2025-10-12,CUST-005,银精矿,56.9,3851778.04,219166170.48,华南,已完成
ORD-00719,2025-10-15,CUST-027,锌精矿,497.4,20263.45,10079040.03,西南,已完成
ORD-00720,2025-10-18,CUST-014,钼精矿,82.5,301115.08,24841994.10,华北,进行中
ORD-00721,2025-10-22,CUST-039,金矿石,218.4,383571.57,83772030.89,华东,已完成
ORD-00722,2025-10-25,CUST-002,铜精矿,300.1,55012.23,16509170.22,华南,已完成
ORD-00723,2025-11-01,CUST-031,银精矿,37.1,3746731.22,139003728.26,西北,已完成
ORD-00724,2025-11-05,CUST-016,锌精矿,322.0,17906.16,5765783.52,华东,已完成
ORD-00725,2025-11-08,CUST-048,钼精矿,86.3,329016.92,28394160.20,东北,已完成
ORD-00726,2025-11-12,CUST-009,金矿石,190.4,429561.20,81788452.48,华北,已完成
ORD-00727,2025-11-15,CUST-025,铜精矿,316.2,46490.52,14700302.42,西南,进行中
ORD-00728,2025-11-18,CUST-041,银精矿,47.3,3848548.52,182036345.00,华南,已完成
ORD-00729,2025-11-22,CUST-006,锌精矿,467.9,16940.02,7926235.36,华东,已完成
ORD-00730,2025-11-25,CUST-034,钼精矿,104.7,276629.56,28963114.93,西北,已完成
ORD-00731,2025-12-01,CUST-020,金矿石,158.6,425354.63,67461244.32,东北,已完成
ORD-00732,2025-12-05,CUST-043,铜精矿,266.9,44631.71,11912203.40,华东,已取消
ORD-00733,2025-12-08,CUST-013,银精矿,59.1,4428712.71,261736921.16,华南,已完成
ORD-00734,2025-12-12,CUST-036,锌精矿,403.5,21530.28,8687467.98,华北,已完成
ORD-00735,2025-12-15,CUST-001,钼精矿,84.1,276822.38,23280762.16,西南,已完成
ORD-00736,2025-12-18,CUST-028,金矿石,215.0,344892.08,74151797.20,华东,进行中
ORD-00737,2025-12-22,CUST-047,铜精矿,305.2,61364.85,18728552.22,华南,已完成
ORD-00738,2025-12-25,CUST-010,银精矿,27.6,4838039.38,133529886.89,西北,已完成
ORD-00739,2026-01-01,CUST-023,锌精矿,320.4,20881.34,6690381.34,华东,已完成
ORD-00740,2026-01-05,CUST-038,钼精矿,86.5,279911.00,24212301.50,东北,已完成
ORD-00741,2026-01-08,CUST-017,金矿石,181.5,420727.23,76361992.24,华北,已完成
ORD-00742,2026-01-12,CUST-045,铜精矿,384.5,52690.65,20259554.93,西南,已完成
ORD-00743,2026-01-15,CUST-004,银精矿,46.8,4783665.52,223875546.34,华东,已完成
ORD-00744,2026-01-18,CUST-032,锌精矿,394.2,21439.42,8451419.36,华南,进行中
ORD-00745,2026-01-22,CUST-026,钼精矿,109.8,284580.12,31246897.18,华北,已完成
ORD-00746,2026-01-25,CUST-040,金矿石,204.5,358225.59,73257133.16,西南,已完成
ORD-00747,2026-02-01,CUST-024,铜精矿,246.2,49719.60,12240965.52,华东,已取消
ORD-00748,2026-02-05,CUST-049,银精矿,46.2,4761635.84,219987575.81,东北,已完成
ORD-00749,2026-02-08,CUST-030,锌精矿,441.2,20781.61,9168846.33,西北,已完成
ORD-00750,2026-02-12,CUST-007,钼精矿,81.5,374343.77,30509017.26,华南,已完成
ORD-00751,2026-02-15,CUST-015,金矿石,210.6,408058.26,85937069.56,华东,已完成
ORD-00752,2026-02-18,CUST-042,铜精矿,296.8,45827.86,13601708.85,华北,已完成
ORD-00753,2026-02-22,CUST-021,银精矿,43.7,4315098.66,188569811.44,西南,进行中
ORD-00754,2026-02-25,CUST-008,锌精矿,432.1,20354.81,8795313.40,华南,已完成
ORD-00755,2026-03-01,CUST-035,钼精矿,110.5,343248.32,37928939.36,华东,已完成
ORD-00756,2026-03-05,CUST-012,金矿石,183.8,450979.40,82890013.72,东北,已完成
ORD-00757,2026-03-08,CUST-044,铜精矿,235.1,47292.88,11118556.09,西北,已完成
ORD-00758,2026-03-12,CUST-003,银精矿,61.3,4886134.31,299520033.20,华东,已完成
ORD-00759,2026-03-15,CUST-018,锌精矿,398.0,17087.42,6800793.16,华北,已取消
ORD-00760,2026-03-18,CUST-029,钼精矿,93.9,304989.23,28638488.70,华南,已完成
ORD-00761,2026-03-22,CUST-046,金矿石,175.9,373939.44,65775947.50,西南,已完成
ORD-00762,2026-03-25,CUST-011,铜精矿,360.3,56755.23,20448909.37,华东,已完成
ORD-00763,2026-04-01,CUST-037,银精矿,45.8,4771594.96,218539049.17,华南,已完成
ORD-00764,2026-04-05,CUST-019,锌精矿,478.8,18772.58,8988311.30,西北,进行中
ORD-00765,2026-04-08,CUST-033,钼精矿,94.5,373043.13,35252575.79,东北,已完成
ORD-00766,2026-04-12,CUST-005,金矿石,246.2,340249.68,83769471.22,华北,已完成
ORD-00767,2026-04-15,CUST-027,铜精矿,250.7,54997.96,13787988.57,华东,已完成
ORD-00768,2026-04-18,CUST-048,银精矿,30.2,3904415.90,117913360.18,西南,已完成
ORD-00769,2026-04-22,CUST-014,锌精矿,394.5,17708.48,6985995.36,华南,已完成
ORD-00770,2026-04-25,CUST-039,钼精矿,107.1,363547.72,38935960.81,华东,已完成
ORD-00771,2026-05-01,CUST-002,金矿石,206.4,404232.75,83433639.60,华东,已完成
ORD-00772,2026-05-05,CUST-031,铜精矿,346.7,48724.30,16892714.81,东北,已取消
ORD-00773,2026-05-08,CUST-016,银精矿,46.4,3837892.83,178078227.31,华北,已完成
ORD-00774,2026-05-12,CUST-025,锌精矿,370.5,17414.65,6452127.83,西南,已完成
ORD-00775,2026-05-15,CUST-009,钼精矿,85.1,356189.32,30311711.13,华南,进行中
ORD-00776,2026-05-18,CUST-041,金矿石,287.5,458252.79,131747677.12,西北,已完成
ORD-00777,2026-05-22,CUST-006,铜精矿,258.6,55324.95,14307032.07,华东,已完成
ORD-00778,2026-05-25,CUST-034,银精矿,63.1,3667851.60,231441435.96,华南,已完成
ORD-00779,2026-06-01,CUST-020,锌精矿,458.2,19008.88,8709868.82,华北,已完成
ORD-00780,2026-06-05,CUST-043,钼精矿,79.6,325389.02,25900965.99,华东,已完成
ORD-00781,2026-06-08,CUST-013,金矿石,165.3,361703.63,59789610.04,东北,已完成
ORD-00782,2026-06-12,CUST-036,铜精矿,329.6,45961.40,15148877.44,西南,已完成
ORD-00783,2026-06-15,CUST-001,银精矿,57.4,3889668.73,223266985.10,华东,进行中
ORD-00784,2026-06-18,CUST-028,锌精矿,414.5,16821.08,6972337.66,华南,已完成
ORD-00785,2026-06-22,CUST-047,钼精矿,116.8,299979.11,35037560.05,西北,已完成
ORD-00786,2026-06-25,CUST-010,金矿石,210.6,417579.05,87942147.93,华北,已完成
ORD-00787,2026-07-01,CUST-023,铜精矿,286.1,58286.52,16675773.37,华东,已完成
ORD-00788,2026-07-05,CUST-038,银精矿,41.6,4351260.84,181012450.94,西南,已完成
ORD-00789,2026-07-08,CUST-017,锌精矿,463.0,19084.65,8836192.95,东北,已取消
ORD-00790,2026-07-12,CUST-045,钼精矿,90.9,365823.51,33253357.06,华南,已完成
ORD-00791,2026-07-15,CUST-004,金矿石,281.9,360553.25,101639961.17,华东,已完成
ORD-00792,2026-07-18,CUST-032,铜精矿,315.4,54767.99,17273824.05,华北,已完成
ORD-00793,2026-07-22,CUST-026,银精矿,49.0,4422589.41,216706881.09,西北,进行中
ORD-00794,2026-07-25,CUST-040,锌精矿,380.4,21072.75,8016074.10,华南,已完成
ORD-00795,2026-07-28,CUST-024,钼精矿,112.8,341823.99,38557746.07,西南,已完成
ORD-00796,2026-07-28,CUST-049,金矿石,125.0,375317.83,46914728.75,东北,已完成
ORD-00797,2026-07-28,CUST-030,铜精矿,315.8,47440.17,14981605.69,华东,已完成
ORD-00798,2026-07-28,CUST-007,银精矿,37.1,4830778.09,179221867.14,华北,已完成
ORD-00799,2026-07-28,CUST-015,锌精矿,430.2,17720.87,7623518.27,华南,已完成
ORD-00800,2026-07-28,CUST-042,钼精矿,91.4,307953.94,28146990.12,西南,已完成
ORD-00801,2025-09-05,CUST-012,金矿石,136.2,341200.09,46471452.26,华东,已完成
ORD-00802,2025-09-08,CUST-035,铜精矿,309.8,45183.27,13997777.05,华南,已完成
ORD-00803,2025-09-12,CUST-007,银精矿,41.1,4762514.40,195739341.84,华北,已完成
ORD-00804,2025-09-15,CUST-021,锌精矿,536.1,18273.84,9796605.62,西南,进行中
ORD-00805,2025-09-18,CUST-042,钼精矿,83.1,308981.12,25676331.07,华东,已完成
ORD-00806,2025-09-22,CUST-018,金矿石,189.4,392053.35,74254904.49,西北,已完成
ORD-00807,2025-09-25,CUST-003,铜精矿,170.9,46253.31,7904690.68,华南,已取消
ORD-00808,2025-10-01,CUST-029,银精矿,51.3,4419729.25,226732110.52,华东,已完成
ORD-00809,2025-10-05,CUST-015,锌精矿,473.1,17986.37,8509351.65,东北,已完成
ORD-00810,2025-10-08,CUST-037,钼精矿,82.7,317199.01,26232358.13,华北,已完成
ORD-00811,2025-10-12,CUST-008,金矿石,172.6,376560.21,64994292.25,华南,进行中
ORD-00812,2025-10-15,CUST-044,铜精矿,246.3,57872.35,14253959.80,西南,已完成
ORD-00813,2025-10-20,CUST-022,银精矿,30.2,4739829.50,143142850.90,华东,已完成
ORD-00814,2025-10-25,CUST-011,锌精矿,327.8,18899.26,6195177.43,华北,已完成
ORD-00815,2025-11-01,CUST-033,钼精矿,116.9,318908.21,37280369.75,西北,已完成
ORD-00816,2025-11-05,CUST-019,金矿石,265.2,398125.78,105582956.86,华东,已完成
ORD-00817,2025-11-08,CUST-046,铜精矿,375.6,49853.68,18725042.21,东北,已取消
ORD-00818,2025-11-12,CUST-005,银精矿,56.8,3729149.38,211815684.78,华南,已完成
ORD-00819,2025-11-15,CUST-027,锌精矿,527.9,21826.57,11522246.30,西南,已完成
ORD-00820,2025-11-18,CUST-014,钼精矿,70.9,296981.57,21055993.31,华北,进行中
ORD-00821,2025-11-22,CUST-039,金矿石,192.6,346906.03,66814101.38,华东,已完成
ORD-00822,2025-11-25,CUST-002,铜精矿,296.7,57030.20,16920860.34,华南,已完成
ORD-00823,2025-12-01,CUST-031,银精矿,41.6,3631563.20,151073029.12,西北,已完成
ORD-00824,2025-12-05,CUST-016,锌精矿,424.5,19559.59,8303045.96,华东,已完成
ORD-00825,2025-12-08,CUST-048,钼精矿,77.3,355218.62,27458399.33,东北,已完成
ORD-00826,2025-12-12,CUST-009,金矿石,201.6,405703.56,81789837.70,华北,已完成
ORD-00827,2025-12-15,CUST-025,铜精矿,298.7,56283.50,16811881.45,西南,进行中
ORD-00828,2025-12-18,CUST-041,银精矿,52.6,4591196.69,241496945.89,华南,已完成
ORD-00829,2025-12-22,CUST-006,锌精矿,540.8,20676.12,11181645.70,华东,已完成
ORD-00830,2025-12-25,CUST-034,钼精矿,85.7,310572.70,26616080.39,西北,已完成
ORD-00831,2026-01-01,CUST-020,金矿石,153.7,357142.64,54892823.77,东北,已完成
ORD-00832,2026-01-05,CUST-043,铜精矿,259.0,56985.54,14759254.86,华东,已取消
ORD-00833,2026-01-08,CUST-013,银精矿,56.7,4954827.42,280938714.71,华南,已完成
ORD-00834,2026-01-12,CUST-036,锌精矿,354.5,19840.13,7033326.08,华北,已完成
ORD-00835,2026-01-15,CUST-001,钼精矿,86.1,364839.61,31412690.42,西南,已完成
ORD-00836,2026-01-18,CUST-028,金矿石,243.2,350637.35,85275003.52,华东,进行中
ORD-00837,2026-01-22,CUST-047,铜精矿,320.1,50786.74,16256835.47,华南,已完成
ORD-00838,2026-01-25,CUST-010,银精矿,29.8,4083232.69,121680334.16,西北,已完成
ORD-00839,2026-02-01,CUST-023,锌精矿,342.9,20106.49,6894515.42,华东,已完成
ORD-00840,2026-02-05,CUST-038,钼精矿,88.2,288227.49,25421664.62,东北,已完成
ORD-00841,2026-02-08,CUST-017,金矿石,206.9,386747.69,80018097.06,华北,已完成
ORD-00842,2026-02-12,CUST-045,铜精矿,348.9,57064.77,19909898.25,西南,已完成
ORD-00843,2026-02-15,CUST-004,银精矿,46.0,4829139.52,222140417.92,华东,已完成
ORD-00844,2026-02-18,CUST-032,锌精矿,455.3,17149.63,7808226.54,华南,进行中
ORD-00845,2026-02-22,CUST-026,钼精矿,101.2,377281.44,38180881.73,华北,已完成
ORD-00846,2026-02-25,CUST-040,金矿石,180.0,383488.47,69027924.60,西南,已完成
ORD-00847,2026-03-01,CUST-024,铜精矿,261.7,52733.97,13800479.95,华东,已取消
ORD-00848,2026-03-05,CUST-049,银精矿,47.9,4060272.32,194487044.13,东北,已完成
ORD-00849,2026-03-08,CUST-030,锌精矿,394.3,18616.77,7340592.41,西北,已完成
ORD-00850,2026-03-12,CUST-007,钼精矿,80.5,276565.43,22263517.11,华南,已完成
ORD-00851,2026-03-15,CUST-015,金矿石,217.6,434173.61,94476177.54,华东,已完成
ORD-00852,2026-03-18,CUST-042,铜精矿,294.4,49318.55,14519381.12,华北,已完成
ORD-00853,2026-03-22,CUST-021,银精矿,33.8,4252110.73,143721342.67,西南,进行中
ORD-00854,2026-03-25,CUST-008,锌精矿,488.7,16160.45,7897611.92,华南,已完成
ORD-00855,2026-04-01,CUST-035,钼精矿,125.0,307650.56,38456320.00,华东,已完成
ORD-00856,2026-04-05,CUST-012,金矿石,188.7,406282.39,76665486.99,东北,已完成
ORD-00857,2026-04-08,CUST-044,铜精矿,228.7,55931.80,12791602.66,西北,已完成
ORD-00858,2026-04-12,CUST-003,银精矿,61.0,4802736.54,292966928.94,华东,已完成
ORD-00859,2026-04-15,CUST-018,锌精矿,401.5,21483.01,8625428.51,华北,已取消
ORD-00860,2026-04-18,CUST-029,钼精矿,70.2,328480.20,23059310.04,华南,已完成
ORD-00861,2026-04-22,CUST-046,金矿石,208.8,367507.33,76735530.50,西南,已完成
ORD-00862,2026-04-25,CUST-011,铜精矿,329.0,60460.49,19891501.21,华东,已完成
ORD-00863,2026-05-01,CUST-037,银精矿,50.4,4057898.52,204518085.41,华南,已完成
ORD-00864,2026-05-05,CUST-019,锌精矿,514.1,15590.63,8015142.88,西北,进行中
ORD-00865,2026-05-08,CUST-033,钼精矿,111.4,369879.25,41204548.45,东北,已完成
ORD-00866,2026-05-12,CUST-005,金矿石,222.0,427761.90,94963141.80,华北,已完成
ORD-00867,2026-05-15,CUST-027,铜精矿,221.6,54483.89,12073630.02,华东,已完成
ORD-00868,2026-05-18,CUST-048,银精矿,38.3,3709178.17,142061523.91,西南,已完成
ORD-00869,2026-05-22,CUST-014,锌精矿,378.8,18794.30,7119280.84,华南,已完成
ORD-00870,2026-05-25,CUST-039,钼精矿,109.5,313654.35,34345151.32,华东,已完成
ORD-00871,2026-06-01,CUST-002,金矿石,221.7,380938.90,84454154.13,华东,已完成
ORD-00872,2026-06-05,CUST-031,铜精矿,366.7,55919.96,20505849.33,东北,已取消
ORD-00873,2026-06-08,CUST-016,银精矿,41.8,3961841.65,165604980.97,华北,已完成
ORD-00874,2026-06-12,CUST-025,锌精矿,312.9,16433.68,5142098.47,西南,已完成
ORD-00875,2026-06-15,CUST-009,钼精矿,81.4,325421.85,26489338.59,华南,进行中
ORD-00876,2026-06-18,CUST-041,金矿石,242.2,345993.14,83799538.51,西北,已完成
ORD-00877,2026-06-22,CUST-006,铜精矿,245.1,57165.68,14011308.17,华东,已完成
ORD-00878,2026-06-25,CUST-034,银精矿,61.5,4336319.40,266683643.10,华南,已完成
ORD-00879,2026-07-01,CUST-020,锌精矿,402.5,21532.08,8666662.20,华北,已完成
ORD-00880,2026-07-05,CUST-043,钼精矿,71.5,280294.47,20041054.60,华东,已完成
ORD-00881,2026-07-08,CUST-013,金矿石,210.0,381266.42,80065948.20,东北,已完成
ORD-00882,2026-07-12,CUST-036,铜精矿,307.1,61384.14,18851069.39,西南,已完成
ORD-00883,2026-07-15,CUST-001,银精矿,58.5,4789699.02,280197392.67,华东,进行中
ORD-00884,2026-07-18,CUST-028,锌精矿,345.9,17906.98,6194024.38,华南,已完成
ORD-00885,2026-07-22,CUST-047,钼精矿,95.8,331818.22,31788185.48,西北,已完成
ORD-00886,2026-07-25,CUST-010,金矿石,219.1,384764.07,84301807.74,华北,已完成
ORD-00887,2026-08-01,CUST-023,铜精矿,280.3,48616.49,13627202.15,华东,已完成
ORD-00888,2026-08-05,CUST-038,银精矿,47.4,4949003.54,234582767.80,西南,已完成
ORD-00889,2026-08-08,CUST-017,锌精矿,401.9,20790.27,8355609.51,东北,已取消
ORD-00890,2026-08-12,CUST-045,钼精矿,81.9,349671.47,28638093.39,华南,已完成
ORD-00891,2026-08-15,CUST-004,金矿石,299.3,420924.85,125982807.61,华东,已完成
ORD-00892,2026-08-18,CUST-032,铜精矿,296.4,59609.80,17668344.72,华北,已完成
ORD-00893,2026-08-22,CUST-026,银精矿,46.5,4872986.94,226593892.71,西北,进行中
ORD-00894,2026-08-25,CUST-040,锌精矿,431.9,17975.19,7763484.56,华南,已完成
ORD-00895,2026-08-28,CUST-024,钼精矿,99.3,322094.86,31984019.60,西南,已完成
ORD-00896,2026-08-28,CUST-049,金矿石,164.2,449822.71,73860888.98,东北,已完成
ORD-00897,2026-08-28,CUST-030,铜精矿,268.0,48401.89,12971706.52,华东,已完成
ORD-00898,2026-08-28,CUST-007,银精矿,36.3,4683482.75,170010423.82,华北,已完成
ORD-00899,2026-08-28,CUST-015,锌精矿,412.6,19007.00,7842288.20,华南,已完成
ORD-00900,2026-08-28,CUST-042,钼精矿,89.8,370382.62,33260359.28,西南,已完成
ORD-00901,2025-10-05,CUST-012,金矿石,155.1,431164.20,66873567.42,华东,已完成
ORD-00902,2025-10-08,CUST-035,铜精矿,303.0,46293.52,14026936.56,华南,已完成
ORD-00903,2025-10-12,CUST-007,银精矿,43.9,4120657.80,180896877.42,华北,已完成
ORD-00904,2025-10-15,CUST-021,锌精矿,565.7,16256.14,9196098.40,西南,进行中
ORD-00905,2025-10-18,CUST-042,钼精矿,81.4,311948.48,25392606.27,华东,已完成
ORD-00906,2025-10-22,CUST-018,金矿石,214.8,339633.84,72953348.83,西北,已完成
ORD-00907,2025-10-25,CUST-003,铜精矿,154.1,59421.53,9156857.77,华南,已取消
ORD-00908,2025-11-01,CUST-029,银精矿,63.0,4563115.90,287476301.70,华东,已完成
ORD-00909,2025-11-05,CUST-015,锌精矿,377.8,18746.36,7082374.81,东北,已完成
ORD-00910,2025-11-08,CUST-037,钼精矿,82.0,338061.78,27721065.96,华北,已完成
ORD-00911,2025-11-12,CUST-008,金矿石,160.4,342668.02,54963950.41,华南,进行中
ORD-00912,2025-11-15,CUST-044,铜精矿,300.6,46273.26,13909741.96,西南,已完成
ORD-00913,2025-11-20,CUST-022,银精矿,32.8,3957935.75,129820292.60,华东,已完成
ORD-00914,2025-11-25,CUST-011,锌精矿,377.7,18029.50,6809742.15,华北,已完成
ORD-00915,2025-12-01,CUST-033,钼精矿,96.8,332434.97,32179705.10,西北,已完成
ORD-00916,2025-12-05,CUST-019,金矿石,282.1,425537.17,120044035.66,华东,已完成
ORD-00917,2025-12-08,CUST-046,铜精矿,339.9,48344.68,16432356.73,东北,已取消
ORD-00918,2025-12-12,CUST-005,银精矿,54.5,4635001.36,252607574.12,华南,已完成
ORD-00919,2025-12-15,CUST-027,锌精矿,397.5,19857.40,7893316.50,西南,已完成
ORD-00920,2025-12-18,CUST-014,钼精矿,64.7,289745.26,18746518.32,华北,进行中
ORD-00921,2025-12-22,CUST-039,金矿石,203.7,395244.26,80511255.76,华东,已完成
ORD-00922,2025-12-25,CUST-002,铜精矿,277.9,61477.49,17084594.47,华南,已完成
ORD-00923,2026-01-01,CUST-031,银精矿,37.0,3880142.30,143565265.10,西北,已完成
ORD-00924,2026-01-05,CUST-016,锌精矿,343.8,22268.32,7655848.42,华东,已完成
ORD-00925,2026-01-08,CUST-048,钼精矿,73.8,326343.06,24084117.83,东北,已完成
ORD-00926,2026-01-12,CUST-009,金矿石,215.5,441302.93,95100781.41,华北,已完成
ORD-00927,2026-01-15,CUST-025,铜精矿,329.4,53156.98,17509909.21,西南,进行中
ORD-00928,2026-01-18,CUST-041,银精矿,48.5,4302350.66,208664007.01,华南,已完成
ORD-00929,2026-01-22,CUST-006,锌精矿,482.4,17417.27,8402091.05,华东,已完成
ORD-00930,2026-01-25,CUST-034,钼精矿,113.7,332669.63,37824536.93,西北,已完成
ORD-00931,2026-02-01,CUST-020,金矿石,151.9,339118.37,51512080.40,东北,已完成
ORD-00932,2026-02-05,CUST-043,铜精矿,241.4,47643.67,11501181.94,华东,已取消
ORD-00933,2026-02-08,CUST-013,银精矿,72.7,4681370.61,340335643.35,华南,已完成
ORD-00934,2026-02-12,CUST-036,锌精矿,435.9,20314.55,8855112.34,华北,已完成
ORD-00935,2026-02-15,CUST-001,钼精矿,74.2,320359.60,23770682.32,西南,已完成
ORD-00936,2026-02-18,CUST-028,金矿石,230.7,405094.18,93455227.33,华东,进行中
ORD-00937,2026-02-22,CUST-047,铜精矿,247.8,51861.80,12851354.04,华南,已完成
ORD-00938,2026-02-25,CUST-010,银精矿,26.0,4957797.04,128902723.04,西北,已完成
ORD-00939,2026-03-01,CUST-023,锌精矿,366.8,17216.95,6315177.26,华东,已完成
ORD-00940,2026-03-05,CUST-038,钼精矿,99.4,354581.62,35245413.03,东北,已完成
ORD-00941,2026-03-08,CUST-017,金矿石,227.3,447864.65,101799634.95,华北,已完成
ORD-00942,2026-03-12,CUST-045,铜精矿,352.2,45362.87,15976802.81,西南,已完成
ORD-00943,2026-03-15,CUST-004,银精矿,45.0,4512500.56,203062525.20,华东,已完成
ORD-00944,2026-03-18,CUST-032,锌精矿,483.7,18827.06,9106648.92,华南,进行中
ORD-00945,2026-03-22,CUST-026,钼精矿,95.5,339175.52,32391262.16,华北,已完成
ORD-00946,2026-03-25,CUST-040,金矿石,158.4,369849.38,58584141.79,西南,已完成
ORD-00947,2026-04-01,CUST-024,铜精矿,296.7,53564.37,15892548.58,华东,已取消
ORD-00948,2026-04-05,CUST-049,银精矿,47.4,3542864.00,167931753.60,东北,已完成
ORD-00949,2026-04-08,CUST-030,锌精矿,399.7,20744.07,8291404.78,西北,已完成
ORD-00950,2026-04-12,CUST-007,钼精矿,86.6,285364.94,24712603.80,华南,已完成
ORD-00951,2026-04-15,CUST-015,金矿石,227.2,427519.77,97132491.74,华东,已完成
ORD-00952,2026-04-18,CUST-042,铜精矿,329.9,45248.10,14927348.19,华北,已完成
ORD-00953,2026-04-22,CUST-021,银精矿,33.9,3712906.40,125867526.96,西南,进行中
ORD-00954,2026-04-25,CUST-008,锌精矿,476.5,16077.03,7660704.79,华南,已完成
ORD-00955,2026-05-01,CUST-035,钼精矿,100.8,289328.96,29164359.17,华东,已完成
ORD-00956,2026-05-05,CUST-012,金矿石,171.5,434320.67,74485994.91,东北,已完成
ORD-00957,2026-05-08,CUST-044,铜精矿,247.3,59758.75,14778338.88,西北,已完成
ORD-00958,2026-05-12,CUST-003,银精矿,51.1,3840123.74,196230323.11,华东,已完成
ORD-00959,2026-05-15,CUST-018,锌精矿,402.0,20838.27,8376984.54,华北,已取消
ORD-00960,2026-05-18,CUST-029,钼精矿,79.8,360673.86,28781774.03,华南,已完成
ORD-00961,2026-05-22,CUST-046,金矿石,167.9,444756.61,74674634.82,西南,已完成
ORD-00962,2026-05-25,CUST-011,铜精矿,392.5,56183.56,22052047.30,华东,已完成
ORD-00963,2026-06-01,CUST-037,银精矿,59.6,4510930.93,268851483.43,华南,已完成
ORD-00964,2026-06-05,CUST-019,锌精矿,518.6,17710.92,9184883.11,西北,进行中
ORD-00965,2026-06-08,CUST-033,钼精矿,114.5,295329.77,33815258.66,东北,已完成
ORD-00966,2026-06-12,CUST-005,金矿石,214.7,455893.13,97880255.01,华北,已完成
ORD-00967,2026-06-15,CUST-027,铜精矿,244.4,54967.01,13433937.24,华东,已完成
ORD-00968,2026-06-18,CUST-048,银精矿,33.5,4503964.85,150882822.47,西南,已完成
ORD-00969,2026-06-22,CUST-014,锌精矿,476.1,17729.35,8440943.54,华南,已完成
ORD-00970,2026-06-25,CUST-039,钼精矿,122.4,275291.70,33695704.08,华东,已完成
ORD-00971,2026-07-01,CUST-002,金矿石,215.2,379814.90,81736166.48,华东,已完成
ORD-00972,2026-07-05,CUST-031,铜精矿,355.4,53315.03,18948161.66,东北,已取消
ORD-00973,2026-07-08,CUST-016,银精矿,50.1,4650182.88,232974162.29,华北,已完成
ORD-00974,2026-07-12,CUST-025,锌精矿,292.0,18667.46,5450898.32,西南,已完成
ORD-00975,2026-07-15,CUST-009,钼精矿,91.2,290439.95,26488123.44,华南,进行中
ORD-00976,2026-07-18,CUST-041,金矿石,295.3,385975.49,113978562.20,西北,已完成
ORD-00977,2026-07-22,CUST-006,铜精矿,252.5,50233.58,12683978.95,华东,已完成
ORD-00978,2026-07-25,CUST-034,银精矿,49.3,4505827.20,222137280.96,华南,已完成
ORD-00979,2026-08-01,CUST-020,锌精矿,471.6,21684.09,10226216.84,华北,已完成
ORD-00980,2026-08-05,CUST-043,钼精矿,89.9,280705.67,25235439.73,华东,已完成
ORD-00981,2026-08-08,CUST-013,金矿石,195.1,414419.94,80853330.29,东北,已完成
ORD-00982,2026-08-12,CUST-036,铜精矿,321.7,60289.55,19395148.23,西南,已完成
ORD-00983,2026-08-15,CUST-001,银精矿,68.8,4220844.52,290394102.98,华东,进行中
ORD-00984,2026-08-18,CUST-028,锌精矿,405.4,20614.01,8356919.65,华南,已完成
ORD-00985,2026-08-22,CUST-047,钼精矿,109.9,320540.32,35227381.17,西北,已完成
ORD-00986,2026-08-25,CUST-010,金矿石,203.5,417964.66,85055808.31,华北,已完成
ORD-00987,2026-09-01,CUST-023,铜精矿,297.7,48858.81,14545267.74,华东,已完成
ORD-00988,2026-09-05,CUST-038,银精矿,47.9,3867407.25,185248807.28,西南,已完成
ORD-00989,2026-09-08,CUST-017,锌精矿,392.7,18240.64,7163099.33,东北,已取消
ORD-00990,2026-09-12,CUST-045,钼精矿,86.2,333348.63,28734651.91,华南,已完成
ORD-00991,2026-09-15,CUST-004,金矿石,223.9,449018.82,100535313.80,华东,已完成
ORD-00992,2026-09-18,CUST-032,铜精矿,301.4,50551.33,15236170.86,华北,已完成
ORD-00993,2026-09-22,CUST-026,银精矿,49.1,3843801.75,188730665.93,西北,进行中
ORD-00994,2026-09-25,CUST-040,锌精矿,364.5,19042.99,6941169.86,华南,已完成
ORD-00995,2026-09-28,CUST-024,钼精矿,92.6,283967.24,26295366.42,西南,已完成
ORD-00996,2026-09-28,CUST-049,金矿石,151.3,427001.28,64605293.66,东北,已完成
ORD-00997,2026-09-28,CUST-030,铜精矿,327.5,55986.11,18335451.02,华东,已完成
ORD-00998,2026-09-28,CUST-007,银精矿,35.5,4262097.34,151304455.57,华北,已完成
ORD-00999,2026-09-28,CUST-015,锌精矿,448.5,20442.49,9168456.77,华南,已完成
ORD-01000,2026-09-28,CUST-042,钼精矿,96.7,320024.42,30946361.41,西南,已完成
ORD-01001,2025-11-05,CUST-012,金矿石,148.9,397432.42,59177687.34,华东,已完成
ORD-01002,2025-11-08,CUST-035,铜精矿,298.9,44699.36,13360638.70,华南,已完成
ORD-01003,2025-11-12,CUST-007,银精矿,43.6,3756555.60,163785824.16,华北,已完成
ORD-01004,2025-11-15,CUST-021,锌精矿,428.3,18714.62,8015471.75,西南,进行中
ORD-01005,2025-11-18,CUST-042,钼精矿,89.0,348876.80,31050035.20,华东,已完成
ORD-01006,2025-11-22,CUST-018,金矿石,187.0,452979.93,84707246.91,西北,已完成
ORD-01007,2025-11-25,CUST-003,铜精矿,183.4,57247.53,10499197.00,华南,已取消
ORD-01008,2025-12-01,CUST-029,银精矿,54.7,3783459.55,206955237.38,华东,已完成
ORD-01009,2025-12-05,CUST-015,锌精矿,447.1,19848.81,8874402.95,东北,已完成
ORD-01010,2025-12-08,CUST-037,钼精矿,110.5,361668.83,39964405.72,华北,已完成
ORD-01011,2025-12-12,CUST-008,金矿石,168.1,440144.87,73988352.65,华南,进行中
ORD-01012,2025-12-15,CUST-044,铜精矿,277.8,44932.36,12482209.61,西南,已完成
ORD-01013,2025-12-20,CUST-022,银精矿,30.8,4318238.00,133001730.40,华东,已完成
ORD-01014,2025-12-25,CUST-011,锌精矿,334.9,19683.69,6592067.78,华北,已完成
ORD-01015,2026-01-01,CUST-033,钼精矿,109.2,274728.47,30000348.92,西北,已完成
ORD-01016,2026-01-05,CUST-019,金矿石,261.3,365552.94,95518983.22,华东,已完成
ORD-01017,2026-01-08,CUST-046,铜精矿,321.8,56052.57,18037717.03,东北,已取消
ORD-01018,2026-01-12,CUST-005,银精矿,47.6,3725562.94,177336795.94,华南,已完成
ORD-01019,2026-01-15,CUST-027,锌精矿,384.6,21919.13,8430097.40,西南,已完成
ORD-01020,2026-01-18,CUST-014,钼精矿,67.2,317404.74,21329598.53,华北,进行中
ORD-01021,2026-01-22,CUST-039,金矿石,165.8,375334.27,62230421.97,华东,已完成
ORD-01022,2026-01-25,CUST-002,铜精矿,297.4,57874.11,17211760.31,华南,已完成
ORD-01023,2026-02-01,CUST-031,银精矿,44.6,4355436.68,194252475.93,西北,已完成
ORD-01024,2026-02-05,CUST-016,锌精矿,343.7,19246.49,6615018.61,华东,已完成
ORD-01025,2026-02-08,CUST-048,钼精矿,76.1,354818.60,27001695.46,东北,已完成
ORD-01026,2026-02-12,CUST-009,金矿石,208.1,395871.47,82380852.91,华北,已完成
ORD-01027,2026-02-15,CUST-025,铜精矿,299.9,44855.77,13452245.42,西南,进行中
ORD-01028,2026-02-18,CUST-041,银精矿,48.9,3845921.39,188065555.97,华南,已完成
ORD-01029,2026-02-22,CUST-006,锌精矿,564.6,20657.90,11663450.34,华东,已完成
ORD-01030,2026-02-25,CUST-034,钼精矿,92.5,367947.56,34035149.30,西北,已完成
ORD-01031,2026-03-01,CUST-020,金矿石,166.8,368326.60,61436876.88,东北,已完成
ORD-01032,2026-03-05,CUST-043,铜精矿,243.8,60448.79,14737415.00,华东,已取消
ORD-01033,2026-03-08,CUST-013,银精矿,61.7,4279491.00,264044594.70,华南,已完成
ORD-01034,2026-03-12,CUST-036,锌精矿,350.3,19892.78,6968440.83,华北,已完成
ORD-01035,2026-03-15,CUST-001,钼精矿,67.3,274057.60,18444076.48,西南,已完成
ORD-01036,2026-03-18,CUST-028,金矿石,213.6,401294.26,85716453.94,华东,进行中
ORD-01037,2026-03-22,CUST-047,铜精矿,243.1,56700.44,13783876.96,华南,已完成
ORD-01038,2026-03-25,CUST-010,银精矿,30.1,3878449.87,116741341.09,西北,已完成
ORD-01039,2026-04-01,CUST-023,锌精矿,310.4,18441.08,5724111.23,华东,已完成
ORD-01040,2026-04-05,CUST-038,钼精矿,79.8,356286.76,28431683.45,东北,已完成
ORD-01041,2026-04-08,CUST-017,金矿石,219.7,331625.61,72858146.52,华北,已完成
ORD-01042,2026-04-12,CUST-045,铜精矿,322.0,58555.90,18854999.80,西南,已完成
ORD-01043,2026-04-15,CUST-004,银精矿,48.5,3766587.04,182679471.44,华东,已完成
ORD-01044,2026-04-18,CUST-032,锌精矿,376.9,16210.37,6109688.45,华南,进行中
ORD-01045,2026-04-22,CUST-026,钼精矿,103.7,372868.62,38666475.89,华北,已完成
ORD-01046,2026-04-25,CUST-040,金矿石,191.5,364739.59,69847631.48,西南,已完成
ORD-01047,2026-05-01,CUST-024,铜精矿,280.7,60848.35,17080131.84,华东,已取消
ORD-01048,2026-05-05,CUST-049,银精矿,45.9,4424064.32,203064552.29,东北,已完成
ORD-01049,2026-05-08,CUST-030,锌精矿,349.8,16045.61,5612754.38,西北,已完成
ORD-01050,2026-05-12,CUST-007,钼精矿,89.3,341808.01,30523455.29,华南,已完成
ORD-01051,2026-05-15,CUST-015,金矿石,240.1,452301.80,108597662.18,华东,已完成
ORD-01052,2026-05-18,CUST-042,铜精矿,301.7,54932.13,16573023.62,华北,已完成
ORD-01053,2026-05-22,CUST-021,银精矿,44.5,3738516.88,166364001.16,西南,进行中
ORD-01054,2026-05-25,CUST-008,锌精矿,377.4,20513.72,7741877.93,华南,已完成
ORD-01055,2026-06-01,CUST-035,钼精矿,109.3,279751.04,30576788.67,华东,已完成
ORD-01056,2026-06-05,CUST-012,金矿石,191.3,461889.70,88359499.61,东北,已完成
ORD-01057,2026-06-08,CUST-044,铜精矿,232.7,45567.80,10603627.06,西北,已完成
ORD-01058,2026-06-12,CUST-003,银精矿,67.7,4961206.17,335873657.71,华东,已完成
ORD-01059,2026-06-15,CUST-018,锌精矿,405.6,21436.73,8694737.69,华北,已取消
ORD-01060,2026-06-18,CUST-029,钼精矿,94.9,297726.47,28254242.00,华南,已完成
ORD-01061,2026-06-22,CUST-046,金矿石,185.2,343594.70,63633738.44,西南,已完成
ORD-01062,2026-06-25,CUST-011,铜精矿,334.6,59945.63,20057807.80,华东,已完成
ORD-01063,2026-07-01,CUST-037,银精矿,56.1,3608065.29,202412462.77,华南,已完成
ORD-01064,2026-07-05,CUST-019,锌精矿,400.4,18640.33,7463588.13,西北,进行中
ORD-01065,2026-07-08,CUST-033,钼精矿,101.7,338583.70,34433962.29,东北,已完成
ORD-01066,2026-07-12,CUST-005,金矿石,256.6,409076.48,104969024.77,华北,已完成
ORD-01067,2026-07-15,CUST-027,铜精矿,193.4,51633.29,9985878.29,华东,已完成
ORD-01068,2026-07-18,CUST-048,银精矿,31.0,3718401.99,115270461.69,西南,已完成
ORD-01069,2026-07-22,CUST-014,锌精矿,404.9,19581.19,7928423.83,华南,已完成
ORD-01070,2026-07-25,CUST-039,钼精矿,120.0,270518.56,32462227.20,华东,已完成
ORD-01071,2026-08-01,CUST-002,金矿石,216.0,390835.23,84420409.68,华东,已完成
ORD-01072,2026-08-05,CUST-031,铜精矿,418.0,49661.80,20758632.40,东北,已取消
ORD-01073,2026-08-08,CUST-016,银精矿,42.9,4184085.10,179497250.79,华北,已完成
ORD-01074,2026-08-12,CUST-025,锌精矿,343.8,18457.83,6345801.95,西南,已完成
ORD-01075,2026-08-15,CUST-009,钼精矿,86.9,321398.98,27929571.36,华南,进行中
ORD-01076,2026-08-18,CUST-041,金矿石,239.0,363679.39,86919374.21,西北,已完成
ORD-01077,2026-08-22,CUST-006,铜精矿,240.7,53817.97,12953985.38,华东,已完成
ORD-01078,2026-08-25,CUST-034,银精矿,56.6,4484621.40,253829571.24,华南,已完成
ORD-01079,2026-09-01,CUST-020,锌精矿,447.7,17789.71,7964453.17,华北,已完成
ORD-01080,2026-09-05,CUST-043,钼精矿,77.1,320212.17,24688358.31,华东,已完成
ORD-01081,2026-09-08,CUST-013,金矿石,194.7,350452.08,68233019.98,东北,已完成
ORD-01082,2026-09-12,CUST-036,铜精矿,246.6,50189.30,12376681.38,西南,已完成
ORD-01083,2026-09-15,CUST-001,银精矿,63.0,4660156.53,293589861.39,华东,进行中
ORD-01084,2026-09-18,CUST-028,锌精矿,337.3,16532.12,5576284.08,华南,已完成
ORD-01085,2026-09-22,CUST-047,钼精矿,101.6,299416.81,30420747.90,西北,已完成
ORD-01086,2026-09-25,CUST-010,金矿石,242.2,395843.79,95873365.94,华北,已完成
ORD-01087,2026-10-01,CUST-023,铜精矿,343.5,59084.24,20295436.44,华东,已完成
ORD-01088,2026-10-05,CUST-038,银精矿,44.0,4466270.62,196515907.28,西南,已完成
ORD-01089,2026-10-08,CUST-017,锌精矿,442.4,20640.90,9131534.16,东北,已取消
ORD-01090,2026-10-12,CUST-045,钼精矿,87.5,339487.05,29705116.88,华南,已完成
ORD-01091,2026-10-15,CUST-004,金矿石,226.2,349712.01,79104856.66,华东,已完成
ORD-01092,2026-10-18,CUST-032,铜精矿,285.6,57448.37,16407254.47,华北,已完成
ORD-01093,2026-10-22,CUST-026,银精矿,50.9,4289795.76,218350604.18,西北,进行中
ORD-01094,2026-10-25,CUST-040,锌精矿,479.2,21893.14,10491192.69,华南,已完成
ORD-01095,2026-10-28,CUST-024,钼精矿,113.6,327103.10,37158912.16,西南,已完成
ORD-01096,2026-10-28,CUST-049,金矿石,121.1,393712.97,47678640.67,东北,已完成
ORD-01097,2026-10-28,CUST-030,铜精矿,301.2,56210.45,16930587.54,华东,已完成
ORD-01098,2026-10-28,CUST-007,银精矿,36.4,5001101.48,182040093.87,华北,已完成
ORD-01099,2026-10-28,CUST-015,锌精矿,425.0,20656.13,8778855.25,华南,已完成
ORD-01100,2026-10-28,CUST-042,钼精矿,86.4,347683.24,30039831.94,西南,已完成
ORD-01101,2025-12-05,CUST-012,金矿石,137.6,365835.09,50338908.38,华东,已完成
ORD-01102,2025-12-08,CUST-035,铜精矿,303.2,56489.99,17127764.97,华南,已完成
ORD-01103,2025-12-12,CUST-007,银精矿,47.0,3706798.20,174219515.40,华北,已完成
ORD-01104,2025-12-15,CUST-021,锌精矿,431.1,18083.97,7795999.47,西南,进行中
ORD-01105,2025-12-18,CUST-042,钼精矿,91.2,338158.40,30840046.08,华东,已完成
ORD-01106,2025-12-22,CUST-018,金矿石,179.9,376055.94,67652463.61,西北,已完成
ORD-01107,2025-12-25,CUST-003,铜精矿,159.1,45761.84,7280708.74,华南,已取消
ORD-01108,2026-01-01,CUST-029,银精矿,51.4,3720873.40,191252892.76,华东,已完成
ORD-01109,2026-01-05,CUST-015,锌精矿,402.4,16876.48,6791095.55,东北,已完成
ORD-01110,2026-01-08,CUST-037,钼精矿,107.8,328810.23,35445742.79,华北,已完成
ORD-01111,2026-01-12,CUST-008,金矿石,187.0,410349.96,76735442.52,华南,进行中
ORD-01112,2026-01-15,CUST-044,铜精矿,296.6,54026.38,16024224.31,西南,已完成
ORD-01113,2026-01-20,CUST-022,银精矿,35.8,3924556.25,140499113.75,华东,已完成
ORD-01114,2026-01-25,CUST-011,锌精矿,427.3,15975.73,6826429.43,华北,已完成
ORD-01115,2026-02-01,CUST-033,钼精矿,99.8,315623.59,31499234.28,西北,已完成
ORD-01116,2026-02-05,CUST-019,金矿石,317.6,420492.13,133548300.49,华东,已完成
ORD-01117,2026-02-08,CUST-046,铜精矿,353.0,59034.20,20839072.60,东北,已取消
ORD-01118,2026-02-12,CUST-005,银精矿,52.8,3722114.44,196527642.43,华南,已完成
ORD-01119,2026-02-15,CUST-027,锌精矿,474.6,18113.47,8596652.86,西南,已完成
ORD-01120,2026-02-18,CUST-014,钼精矿,75.5,361513.26,27294251.13,华北,进行中
ORD-01121,2026-02-22,CUST-039,金矿石,190.3,420607.47,80041601.54,华东,已完成
ORD-01122,2026-02-25,CUST-002,铜精矿,254.6,55880.86,14227266.96,华南,已完成
ORD-01123,2026-03-01,CUST-031,银精矿,44.2,4020237.86,177694513.41,西北,已完成
ORD-01124,2026-03-05,CUST-016,锌精矿,372.7,16526.54,6159441.46,华东,已完成
ORD-01125,2026-03-08,CUST-048,钼精矿,84.2,352218.43,29656791.81,东北,已完成
ORD-01126,2026-03-12,CUST-009,金矿石,192.0,342285.31,65718779.52,华北,已完成
ORD-01127,2026-03-15,CUST-025,铜精矿,283.6,60829.44,17251229.18,西南,进行中
ORD-01128,2026-03-18,CUST-041,银精矿,49.7,3961929.92,196907917.02,华南,已完成
ORD-01129,2026-03-22,CUST-006,锌精矿,448.2,21061.69,9439849.46,华东,已完成
ORD-01130,2026-03-25,CUST-034,钼精矿,106.5,329979.21,35142785.87,西北,已完成
ORD-01131,2026-04-01,CUST-020,金矿石,180.7,452613.95,81787340.77,东北,已完成
ORD-01132,2026-04-05,CUST-043,铜精矿,280.4,50067.60,14038955.04,华东,已取消
ORD-01133,2026-04-08,CUST-013,银精矿,66.2,3974766.03,263129511.19,华南,已完成
ORD-01134,2026-04-12,CUST-036,锌精矿,402.4,20239.87,8144523.69,华北,已完成
ORD-01135,2026-04-15,CUST-001,钼精矿,72.6,293305.08,21293948.81,西南,已完成
ORD-01136,2026-04-18,CUST-028,金矿石,244.2,458241.14,111902486.39,华东,进行中
ORD-01137,2026-04-22,CUST-047,铜精矿,263.6,58779.12,15494176.03,华南,已完成
ORD-01138,2026-04-25,CUST-010,银精矿,32.3,4950850.54,159912472.44,西北,已完成
ORD-01139,2026-05-01,CUST-023,锌精矿,347.1,17353.58,6023427.62,华东,已完成
ORD-01140,2026-05-05,CUST-038,钼精矿,88.8,373097.59,33131065.99,东北,已完成
ORD-01141,2026-05-08,CUST-017,金矿石,216.0,332357.32,71789181.12,华北,已完成
ORD-01142,2026-05-12,CUST-045,铜精矿,327.3,44161.21,14453964.03,西南,已完成
ORD-01143,2026-05-15,CUST-004,银精矿,53.9,4246932.40,228909656.36,华东,已完成
ORD-01144,2026-05-18,CUST-032,锌精矿,362.0,16828.50,6091917.00,华南,进行中
ORD-01145,2026-05-22,CUST-026,钼精矿,93.6,293149.96,27438836.26,华北,已完成
ORD-01146,2026-05-25,CUST-040,金矿石,210.8,464269.90,97868094.92,西南,已完成
ORD-01147,2026-06-01,CUST-024,铜精矿,313.9,61875.38,19422681.78,华东,已取消
ORD-01148,2026-06-05,CUST-049,银精矿,46.9,4029658.88,188991001.47,东北,已完成
ORD-01149,2026-06-08,CUST-030,锌精矿,448.3,16942.43,7595291.37,西北,已完成
ORD-01150,2026-06-12,CUST-007,钼精矿,90.8,318274.92,28899362.74,华南,已完成
ORD-01151,2026-06-15,CUST-015,金矿石,200.9,348212.16,69955822.94,华东,已完成
ORD-01152,2026-06-18,CUST-042,铜精矿,332.0,56666.19,18813175.08,华北,已完成
ORD-01153,2026-06-22,CUST-021,银精矿,39.3,3784062.00,148713636.60,西南,进行中
ORD-01154,2026-06-25,CUST-008,锌精矿,504.8,19582.79,9885392.39,华南,已完成
ORD-01155,2026-07-01,CUST-035,钼精矿,131.3,353512.64,46416209.63,华东,已完成
ORD-01156,2026-07-05,CUST-012,金矿石,158.1,424023.02,67038039.46,东北,已完成
ORD-01157,2026-07-08,CUST-044,铜精矿,259.5,48583.73,12607477.94,西北,已完成
ORD-01158,2026-07-12,CUST-003,银精矿,64.7,3636694.25,235294117.98,华东,已完成
ORD-01159,2026-07-15,CUST-018,锌精矿,385.2,21422.35,8251889.22,华北,已取消
ORD-01160,2026-07-18,CUST-029,钼精矿,90.1,341355.56,30756135.96,华南,已完成
ORD-01161,2026-07-22,CUST-046,金矿石,176.5,432301.59,76301230.64,西南,已完成
ORD-01162,2026-07-25,CUST-011,铜精矿,346.2,52629.20,18220229.04,华东,已完成
ORD-01163,2026-08-01,CUST-037,银精矿,49.1,4443887.14,218194858.57,华南,已完成
ORD-01164,2026-08-05,CUST-019,锌精矿,489.7,16364.23,8013563.43,西北,进行中
ORD-01165,2026-08-08,CUST-033,钼精矿,109.6,327183.03,35859260.09,东北,已完成
ORD-01166,2026-08-12,CUST-005,金矿石,213.2,360301.07,76816188.12,华北,已完成
ORD-01167,2026-08-15,CUST-027,铜精矿,201.6,58168.35,11726739.36,华东,已完成
ORD-01168,2026-08-18,CUST-048,银精矿,28.3,4727852.36,133798221.79,西南,已完成
ORD-01169,2026-08-22,CUST-014,锌精矿,438.6,18270.72,8013537.79,华南,已完成
ORD-01170,2026-08-25,CUST-039,钼精矿,105.2,346794.75,36482807.70,华东,已完成
ORD-01171,2026-09-01,CUST-002,金矿石,185.4,360151.42,66772073.27,华东,已完成
ORD-01172,2026-09-05,CUST-031,铜精矿,410.3,58989.24,24203285.17,东北,已取消
ORD-01173,2026-09-08,CUST-016,银精矿,46.1,3777103.52,174124472.27,华北,已完成
ORD-01174,2026-09-12,CUST-025,锌精矿,289.5,21448.02,6209201.79,西南,已完成
ORD-01175,2026-09-15,CUST-009,钼精矿,85.1,361510.57,30764549.51,华南,进行中
ORD-01176,2026-09-18,CUST-041,金矿石,281.3,436489.09,122784381.02,西北,已完成
ORD-01177,2026-09-22,CUST-006,铜精矿,236.6,53724.32,12711174.11,华东,已完成
ORD-01178,2026-09-25,CUST-034,银精矿,54.3,4662999.60,253200878.28,华南,已完成
ORD-01179,2026-10-01,CUST-020,锌精矿,520.3,20637.69,10737790.11,华北,已完成
ORD-01180,2026-10-05,CUST-043,钼精矿,85.9,358073.87,30758545.43,华东,已完成
ORD-01181,2026-10-08,CUST-013,金矿石,209.7,389250.97,81625928.41,东北,已完成
ORD-01182,2026-10-12,CUST-036,铜精矿,332.1,48956.38,16258413.80,西南,已完成
ORD-01183,2026-10-15,CUST-001,银精矿,63.1,3697978.99,233342474.27,华东,进行中
ORD-01184,2026-10-18,CUST-028,锌精矿,352.2,20001.45,7044510.69,华南,已完成
ORD-01185,2026-10-22,CUST-047,钼精矿,123.4,373524.17,46092882.58,西北,已完成
ORD-01186,2026-10-25,CUST-010,金矿石,247.5,405393.94,100335000.15,华北,已完成
ORD-01187,2026-11-01,CUST-023,铜精矿,351.1,47977.95,16845058.25,华东,已完成
ORD-01188,2026-11-05,CUST-038,银精矿,51.1,4577077.86,233888678.65,西南,已完成
ORD-01189,2026-11-08,CUST-017,锌精矿,432.7,20510.35,8874828.44,东北,已取消
ORD-01190,2026-11-12,CUST-045,钼精矿,93.1,354592.88,33012597.13,华南,已完成
ORD-01191,2026-11-15,CUST-004,金矿石,297.3,363920.90,108193683.57,华东,已完成
ORD-01192,2026-11-18,CUST-032,铜精矿,310.9,56501.25,17566238.62,华北,已完成
ORD-01193,2026-11-22,CUST-026,银精矿,47.1,3910129.77,184167112.17,西北,进行中
ORD-01194,2026-11-25,CUST-040,锌精矿,457.0,20528.69,9381611.33,华南,已完成
ORD-01195,2026-11-28,CUST-024,钼精矿,104.1,298028.04,31024718.96,西南,已完成
ORD-01196,2026-11-28,CUST-049,金矿石,154.0,462333.49,71199357.46,东北,已完成
ORD-01197,2026-11-28,CUST-030,铜精矿,263.6,48601.89,12811458.20,华东,已完成
ORD-01198,2026-11-28,CUST-007,银精矿,32.1,4164087.67,133667214.21,华北,已完成
ORD-01199,2026-11-28,CUST-015,锌精矿,451.5,20328.63,9178376.45,华南,已完成
ORD-01200,2026-11-28,CUST-042,钼精矿,100.0,339668.53,33966853.00,西南,已完成
ORD-01201,2026-01-05,CUST-012,金矿石,129.6,440959.75,57148383.60,华东,已完成
ORD-01202,2026-01-08,CUST-035,铜精矿,348.8,48018.10,16748713.28,华南,已完成
ORD-01203,2026-01-12,CUST-007,银精矿,39.7,4729804.80,187773250.56,华北,已完成
ORD-01204,2026-01-15,CUST-021,锌精矿,519.0,17387.39,9024055.41,西南,进行中
ORD-01205,2026-01-18,CUST-042,钼精矿,84.0,279455.36,23474250.24,华东,已完成
ORD-01206,2026-01-22,CUST-018,金矿石,202.9,359466.51,72935754.88,西北,已完成
ORD-01207,2026-01-25,CUST-003,铜精矿,210.3,56320.56,11844213.77,华南,已取消
ORD-01208,2026-02-01,CUST-029,银精矿,62.3,3715806.25,231494729.38,华东,已完成
ORD-01209,2026-02-05,CUST-015,锌精矿,484.3,17358.53,8406736.08,东北,已完成
ORD-01210,2026-02-08,CUST-037,钼精矿,89.9,362313.32,32571967.47,华北,已完成
ORD-01211,2026-02-12,CUST-008,金矿石,153.1,343013.73,52515402.06,华南,进行中
ORD-01212,2026-02-15,CUST-044,铜精矿,263.5,57661.61,15193834.23,西南,已完成
ORD-01213,2026-02-20,CUST-022,银精矿,39.3,3827082.50,150404342.25,华东,已完成
ORD-01214,2026-02-25,CUST-011,锌精矿,397.3,17649.56,7012170.19,华北,已完成
ORD-01215,2026-03-01,CUST-033,钼精矿,114.5,327093.53,37452209.19,西北,已完成
ORD-01216,2026-03-05,CUST-019,金矿石,322.5,352746.30,113760681.75,华东,已完成
ORD-01217,2026-03-08,CUST-046,铜精矿,322.2,57636.08,18570344.98,东北,已取消
ORD-01218,2026-03-12,CUST-005,银精矿,50.6,3926127.70,198662061.62,华南,已完成
ORD-01219,2026-03-15,CUST-027,锌精矿,498.6,17504.40,8727693.84,西南,已完成
ORD-01220,2026-03-18,CUST-014,钼精矿,63.9,337147.85,21543747.61,华北,进行中
ORD-01221,2026-03-22,CUST-039,金矿石,163.5,410096.93,67050848.05,华东,已完成
ORD-01222,2026-03-25,CUST-002,铜精矿,304.8,50356.61,15348694.73,华南,已完成
ORD-01223,2026-04-01,CUST-031,银精矿,46.7,4542323.60,212126512.12,西北,已完成
ORD-01224,2026-04-05,CUST-016,锌精矿,335.9,17052.32,5727874.29,华东,已完成
ORD-01225,2026-04-08,CUST-048,钼精矿,76.8,343217.84,26359130.11,东北,已完成
ORD-01226,2026-04-12,CUST-009,金矿石,229.3,356207.65,81678414.15,华北,已完成
ORD-01227,2026-04-15,CUST-025,铜精矿,350.6,55050.12,19300572.07,西南,进行中
ORD-01228,2026-04-18,CUST-041,银精矿,56.3,3773191.37,212430674.13,华南,已完成
ORD-01229,2026-04-22,CUST-006,锌精矿,510.5,21688.93,11072198.77,华东,已完成
ORD-01230,2026-04-25,CUST-034,钼精矿,90.7,275659.76,25002340.23,西北,已完成
ORD-01231,2026-05-01,CUST-020,金矿石,149.5,357499.30,53446145.35,东北,已完成
ORD-01232,2026-05-05,CUST-043,铜精矿,254.0,49183.84,12492695.36,华东,已取消
ORD-01233,2026-05-08,CUST-013,银精矿,62.8,3987189.54,250395503.11,华南,已完成
ORD-01234,2026-05-12,CUST-036,锌精矿,418.3,18931.70,7919130.11,华北,已完成
ORD-01235,2026-05-15,CUST-001,钼精矿,83.2,277426.18,23081858.18,西南,已完成
ORD-01236,2026-05-18,CUST-028,金矿石,238.6,410865.39,98032482.05,华东,进行中
ORD-01237,2026-05-22,CUST-047,铜精矿,266.2,51100.37,13602918.49,华南,已完成
ORD-01238,2026-05-25,CUST-010,银精矿,27.0,3678112.81,99309045.87,西北,已完成
ORD-01239,2026-06-01,CUST-023,锌精矿,301.9,20064.64,6057514.82,华东,已完成
ORD-01240,2026-06-05,CUST-038,钼精矿,87.2,311116.16,27129329.15,东北,已完成
ORD-01241,2026-06-08,CUST-017,金矿石,178.5,414424.26,73974730.41,华北,已完成
ORD-01242,2026-06-12,CUST-045,铜精矿,364.8,49073.88,17902151.42,西南,已完成
ORD-01243,2026-06-15,CUST-004,银精矿,56.5,4713285.76,266300645.44,华东,已完成
ORD-01244,2026-06-18,CUST-032,锌精矿,377.6,16538.31,6244865.86,华南,进行中
ORD-01245,2026-06-22,CUST-026,钼精矿,109.7,307912.67,33778019.90,华北,已完成
ORD-01246,2026-06-25,CUST-040,金矿石,194.7,339333.68,66068267.50,西南,已完成
ORD-01247,2026-07-01,CUST-024,铜精矿,271.3,50058.43,13580852.06,华东,已取消
ORD-01248,2026-07-05,CUST-049,银精矿,47.0,3539157.44,166340399.68,东北,已完成
ORD-01249,2026-07-08,CUST-030,锌精矿,451.7,15891.80,7178326.06,西北,已完成
ORD-01250,2026-07-12,CUST-007,钼精矿,80.7,340246.98,27457931.29,华南,已完成
ORD-01251,2026-07-15,CUST-015,金矿石,213.7,434840.28,92925367.84,华东,已完成
ORD-01252,2026-07-18,CUST-042,铜精矿,264.0,49492.13,13065922.32,华北,已完成
ORD-01253,2026-07-22,CUST-021,银精矿,44.4,4549469.11,201996428.48,西南,进行中
ORD-01254,2026-07-25,CUST-008,锌精矿,399.7,16479.48,6586848.16,华南,已完成
ORD-01255,2026-08-01,CUST-035,钼精矿,127.4,329066.24,41923038.98,华东,已完成
ORD-01256,2026-08-05,CUST-012,金矿石,196.3,359304.24,70531422.31,东北,已完成
ORD-01257,2026-08-08,CUST-044,铜精矿,223.9,56600.88,12672937.03,西北,已完成
ORD-01258,2026-08-12,CUST-003,银精矿,56.1,4112796.96,230727909.46,华东,已完成
ORD-01259,2026-08-15,CUST-018,锌精矿,371.2,21175.34,7860286.21,华北,已取消
ORD-01260,2026-08-18,CUST-029,钼精矿,81.3,352738.43,28677634.36,华南,已完成
ORD-01261,2026-08-22,CUST-046,金矿石,214.9,440600.67,94685083.98,西南,已完成
ORD-01262,2026-08-25,CUST-011,铜精矿,373.3,61987.34,23139874.02,华东,已完成
ORD-01263,2026-09-01,CUST-037,银精矿,60.6,4471288.86,270960104.92,华南,已完成
ORD-01264,2026-09-05,CUST-019,锌精矿,444.4,19839.67,8816749.35,西北,进行中
ORD-01265,2026-09-08,CUST-033,钼精矿,84.6,350102.35,29618658.81,东北,已完成
ORD-01266,2026-09-12,CUST-005,金矿石,208.0,437091.73,90915079.84,华北,已完成
ORD-01267,2026-09-15,CUST-027,铜精矿,249.9,45797.98,11444915.20,华东,已完成
ORD-01268,2026-09-18,CUST-048,银精矿,29.2,4174841.82,121905381.14,西南,已完成
ORD-01269,2026-09-22,CUST-014,锌精矿,482.2,16655.82,8031436.40,华南,已完成
ORD-01270,2026-09-25,CUST-039,钼精矿,137.8,336172.69,46324596.68,华东,已完成
ORD-01271,2026-10-01,CUST-002,金矿石,176.0,459231.07,80824668.32,华东,已完成
ORD-01272,2026-10-05,CUST-031,铜精矿,331.7,55490.79,18406295.04,东北,已取消
ORD-01273,2026-10-08,CUST-016,银精矿,50.6,4753217.95,240512828.27,华北,已完成
ORD-01274,2026-10-12,CUST-025,锌精矿,332.5,18556.11,6169906.58,西南,已完成
ORD-01275,2026-10-15,CUST-009,钼精矿,87.3,306903.90,26792710.47,华南,进行中
ORD-01276,2026-10-18,CUST-041,金矿石,240.4,446189.26,107263898.10,西北,已完成
ORD-01277,2026-10-22,CUST-006,铜精矿,263.1,47527.83,12504572.07,华东,已完成
ORD-01278,2026-10-25,CUST-034,银精矿,55.1,4832507.40,266271157.74,华南,已完成
ORD-01279,2026-11-01,CUST-020,锌精矿,468.1,17368.47,8130180.81,华北,已完成
ORD-01280,2026-11-05,CUST-043,钼精矿,66.8,297627.99,19881549.73,华东,已完成
ORD-01281,2026-11-08,CUST-013,金矿石,177.9,392923.08,69901015.93,东北,已完成
ORD-01282,2026-11-12,CUST-036,铜精矿,269.0,59980.03,16134628.07,西南,已完成
ORD-01283,2026-11-15,CUST-001,银精矿,72.1,3725185.68,268585887.53,华东,进行中
ORD-01284,2026-11-18,CUST-028,锌精矿,415.7,16563.06,6885264.04,华南,已完成
ORD-01285,2026-11-22,CUST-047,钼精矿,109.2,291459.68,31827397.06,西北,已完成
ORD-01286,2026-11-25,CUST-010,金矿石,197.0,340085.30,66996804.10,华北,已完成
ORD-01287,2026-12-01,CUST-023,铜精矿,351.7,48043.40,16896863.78,华东,已完成
ORD-01288,2026-12-05,CUST-038,银精矿,49.6,3648454.40,180963338.24,西南,已完成
ORD-01289,2026-12-08,CUST-017,锌精矿,369.6,18281.32,6756775.87,东北,已取消
ORD-01290,2026-12-12,CUST-045,钼精矿,97.2,360987.50,35087985.00,华南,已完成
ORD-01291,2026-12-15,CUST-004,金矿石,235.7,419733.22,98931119.95,华东,已完成
ORD-01292,2026-12-18,CUST-032,铜精矿,297.4,54985.51,16352690.67,华北,已完成
ORD-01293,2026-12-22,CUST-026,银精矿,51.7,4415571.30,228285036.21,西北,进行中
ORD-01294,2026-12-25,CUST-040,锌精矿,361.1,20030.79,7233118.27,华南,已完成
ORD-01295,2026-12-28,CUST-024,钼精矿,105.8,341499.19,36130614.30,西南,已完成
ORD-01296,2026-12-28,CUST-049,金矿石,120.8,342081.60,41323457.28,东北,已完成
ORD-01297,2026-12-28,CUST-030,铜精矿,282.6,59469.53,16806089.18,华东,已完成
ORD-01298,2026-12-28,CUST-007,银精矿,40.2,4688537.69,188479215.14,华北,已完成
ORD-01299,2026-12-28,CUST-015,锌精矿,452.0,18108.36,8184978.72,华南,已完成
ORD-01300,2026-12-28,CUST-042,钼精矿,81.1,373351.83,30278833.41,西南,已完成
ORD-01301,2026-02-05,CUST-012,金矿石,131.6,337401.29,44402009.76,华东,已完成
ORD-01302,2026-02-08,CUST-035,铜精矿,341.4,54262.62,18525258.47,华南,已完成
ORD-01303,2026-02-12,CUST-007,银精矿,49.7,4901807.40,243619827.78,华北,已完成
ORD-01304,2026-02-15,CUST-021,锌精矿,561.3,20400.21,11450637.87,西南,进行中
ORD-01305,2026-02-18,CUST-042,钼精矿,73.3,373999.04,27414129.63,华东,已完成
ORD-01306,2026-02-22,CUST-018,金矿石,179.0,422362.20,75602833.80,西北,已完成
ORD-01307,2026-02-25,CUST-003,铜精矿,186.6,60365.99,11264293.73,华南,已取消
ORD-01308,2026-03-01,CUST-029,银精矿,69.5,3552424.90,246893530.55,华东,已完成
ORD-01309,2026-03-05,CUST-015,锌精矿,376.9,17145.73,6462225.64,东北,已完成
ORD-01310,2026-03-08,CUST-037,钼精矿,103.6,304839.36,31581357.70,华北,已完成
ORD-01311,2026-03-12,CUST-008,金矿石,172.2,359313.22,61873736.48,华南,进行中
ORD-01312,2026-03-15,CUST-044,铜精矿,262.6,44376.62,11653300.41,西南,已完成
ORD-01313,2026-03-20,CUST-022,银精矿,30.0,4187384.75,125621542.50,华东,已完成
ORD-01314,2026-03-25,CUST-011,锌精矿,376.1,17133.35,6443852.93,华北,已完成
ORD-01315,2026-04-01,CUST-033,钼精矿,102.8,303177.70,31166667.56,西北,已完成
ORD-01316,2026-04-05,CUST-019,金矿石,255.8,372085.62,95179501.60,华东,已完成
ORD-01317,2026-04-08,CUST-046,铜精矿,339.5,59869.27,20325617.16,东北,已取消
ORD-01318,2026-04-12,CUST-005,银精矿,44.2,3662248.48,161871382.82,华南,已完成
ORD-01319,2026-04-15,CUST-027,锌精矿,408.2,18596.05,7590907.61,西南,已完成
ORD-01320,2026-04-18,CUST-014,钼精矿,64.5,316480.28,20412978.06,华北,进行中
ORD-01321,2026-04-22,CUST-039,金矿石,205.9,390391.28,80381564.55,华东,已完成
ORD-01322,2026-04-25,CUST-002,铜精矿,271.2,60566.49,16425632.09,华南,已完成
ORD-01323,2026-05-01,CUST-031,银精矿,39.6,4505698.22,178425649.51,西北,已完成
ORD-01324,2026-05-05,CUST-016,锌精矿,370.2,19391.82,7178851.76,华东,已完成
ORD-01325,2026-05-08,CUST-048,钼精矿,75.5,345165.34,26059983.17,东北,已完成
ORD-01326,2026-05-12,CUST-009,金矿石,208.4,444864.16,92709690.94,华北,已完成
ORD-01327,2026-05-15,CUST-025,铜精矿,319.7,59558.16,19040743.75,西南,进行中
ORD-01328,2026-05-18,CUST-041,银精矿,60.4,3816193.34,230498077.74,华南,已完成
ORD-01329,2026-05-22,CUST-006,锌精矿,427.5,20392.55,8717815.12,华东,已完成
ORD-01330,2026-05-25,CUST-034,钼精矿,91.9,368166.54,33834505.03,西北,已完成
ORD-01331,2026-06-01,CUST-020,金矿石,147.3,428742.94,63153835.06,东北,已完成
ORD-01332,2026-06-05,CUST-043,铜精矿,210.1,56580.41,11887544.14,华东,已取消
ORD-01333,2026-06-08,CUST-013,银精矿,71.6,4348029.69,311318925.80,华南,已完成
ORD-01334,2026-06-12,CUST-036,锌精矿,344.6,18544.21,6390334.77,华北,已完成
ORD-01335,2026-06-15,CUST-001,钼精矿,78.5,338876.17,26601779.34,西南,已完成
ORD-01336,2026-06-18,CUST-028,金矿石,290.2,360325.19,104566370.14,华东,进行中
ORD-01337,2026-06-22,CUST-047,铜精矿,241.5,56162.04,13563132.66,华南,已完成
ORD-01338,2026-06-25,CUST-010,银精矿,26.3,4205907.88,110615377.24,西北,已完成
ORD-01339,2026-07-01,CUST-023,锌精矿,406.8,21822.98,8877588.26,华东,已完成
ORD-01340,2026-07-05,CUST-038,钼精矿,103.4,305498.61,31588556.27,东北,已完成
ORD-01341,2026-07-08,CUST-017,金矿石,235.1,440008.40,103445974.84,华北,已完成
ORD-01342,2026-07-12,CUST-045,铜精矿,291.4,54390.48,15849385.87,西南,已完成
ORD-01343,2026-07-15,CUST-004,银精矿,51.9,4472763.28,232136414.23,华东,已完成
ORD-01344,2026-07-18,CUST-032,锌精矿,423.6,18750.34,7942644.02,华南,进行中
ORD-01345,2026-07-22,CUST-026,钼精矿,118.5,341094.14,40419655.59,华北,已完成
ORD-01346,2026-07-25,CUST-040,金矿石,211.5,417644.73,88331860.39,西南,已完成
ORD-01347,2026-08-01,CUST-024,铜精矿,237.9,54147.23,12881626.02,华东,已取消
ORD-01348,2026-08-05,CUST-049,银精矿,38.2,3685086.08,140770288.26,东北,已完成
ORD-01349,2026-08-08,CUST-030,锌精矿,364.5,17282.75,6299562.38,西北,已完成
ORD-01350,2026-08-12,CUST-007,钼精矿,100.7,359481.89,36199826.32,华南,已完成
ORD-01351,2026-08-15,CUST-015,金矿石,260.5,423878.75,110420414.38,华东,已完成
ORD-01352,2026-08-18,CUST-042,铜精矿,346.6,49726.46,17235191.04,华北,已完成
ORD-01353,2026-08-22,CUST-021,银精矿,39.9,4796575.58,191383365.64,西南,进行中
ORD-01354,2026-08-25,CUST-008,锌精矿,383.4,16844.19,6458062.45,华南,已完成
ORD-01355,2026-09-01,CUST-035,钼精矿,118.3,353322.56,41798058.85,华东,已完成
ORD-01356,2026-09-05,CUST-012,金矿石,187.6,458252.93,85968249.67,东北,已完成
ORD-01357,2026-09-08,CUST-044,铜精矿,268.2,56616.09,15184435.34,西北,已完成
ORD-01358,2026-09-12,CUST-003,银精矿,66.2,4600000.88,304520058.26,华东,已完成
ORD-01359,2026-09-15,CUST-018,锌精矿,341.8,16708.46,5710951.63,华北,已取消
ORD-01360,2026-09-18,CUST-029,钼精矿,95.3,334145.36,31844052.81,华南,已完成
ORD-01361,2026-09-22,CUST-046,金矿石,175.8,381586.36,67082882.09,西南,已完成
ORD-01362,2026-09-25,CUST-011,铜精矿,325.6,62511.08,20353607.65,华东,已完成
ORD-01363,2026-10-01,CUST-037,银精矿,50.2,4214380.39,211561895.58,华南,已完成
ORD-01364,2026-10-05,CUST-019,锌精矿,485.3,19322.13,9377029.69,西北,进行中
ORD-01365,2026-10-08,CUST-033,钼精矿,110.9,344192.87,38170989.28,东北,已完成
ORD-01366,2026-10-12,CUST-005,金矿石,246.2,390378.16,96111102.99,华北,已完成
ORD-01367,2026-10-15,CUST-027,铜精矿,252.5,55909.19,14117070.48,华东,已完成
ORD-01368,2026-10-18,CUST-048,银精矿,28.8,4781797.79,137715776.35,西南,已完成
ORD-01369,2026-10-22,CUST-014,锌精矿,453.9,21061.06,9559615.13,华南,已完成
ORD-01370,2026-10-25,CUST-039,钼精矿,110.6,315189.69,34859979.71,华东,已完成
ORD-01371,2026-11-01,CUST-002,金矿石,195.2,411803.58,80384058.82,华东,已完成
ORD-01372,2026-11-05,CUST-031,铜精矿,413.5,49030.35,20274049.72,东北,已取消
ORD-01373,2026-11-08,CUST-016,银精矿,48.5,4308312.78,208953169.83,华北,已完成
ORD-01374,2026-11-12,CUST-025,锌精矿,310.8,16599.76,5159205.41,西南,已完成
ORD-01375,2026-11-15,CUST-009,钼精矿,83.6,347696.60,29067435.76,华南,进行中
ORD-01376,2026-11-18,CUST-041,金矿石,244.8,360471.97,88243538.26,西北,已完成
ORD-01377,2026-11-22,CUST-006,铜精矿,254.0,56370.47,14318099.38,华东,已完成
ORD-01378,2026-11-25,CUST-034,银精矿,65.2,4321212.00,281743022.40,华南,已完成
ORD-01379,2026-12-01,CUST-020,锌精矿,503.9,21818.40,10994291.76,华北,已完成
ORD-01380,2026-12-05,CUST-043,钼精矿,68.1,314571.39,21422311.66,华东,已完成
ORD-01381,2026-12-08,CUST-013,金矿石,185.0,459739.76,85051855.60,东北,已完成
ORD-01382,2026-12-12,CUST-036,铜精矿,290.3,50031.94,14524272.18,西南,已完成
ORD-01383,2026-12-15,CUST-001,银精矿,56.6,4272219.58,241807628.23,华东,进行中
ORD-01384,2026-12-18,CUST-028,锌精矿,311.4,19200.79,5979126.01,华南,已完成
ORD-01385,2026-12-22,CUST-047,钼精矿,100.4,301570.54,30277682.22,西北,已完成
ORD-01386,2026-12-25,CUST-010,金矿石,201.9,459455.76,92764117.94,华北,已完成
ORD-01387,2027-01-01,CUST-023,铜精矿,289.2,48540.43,14037892.36,华东,已完成
ORD-01388,2027-01-05,CUST-038,银精矿,47.2,4113396.51,194152315.27,西南,已完成
ORD-01389,2027-01-08,CUST-017,锌精矿,429.5,18306.22,7862521.49,东北,已取消
ORD-01390,2027-01-12,CUST-045,钼精矿,88.2,278903.58,24599295.76,华南,已完成
ORD-01391,2027-01-15,CUST-004,金矿石,264.5,416119.47,110063599.81,华东,已完成
ORD-01392,2027-01-18,CUST-032,铜精矿,311.0,52832.64,16430951.04,华北,已完成
ORD-01393,2027-01-22,CUST-026,银精矿,45.9,4258283.07,195455192.91,西北,进行中
ORD-01394,2027-01-25,CUST-040,锌精矿,437.9,20104.03,8803554.74,华南,已完成
ORD-01395,2027-01-28,CUST-024,钼精矿,108.2,300354.05,32498308.21,西南,已完成
ORD-01396,2027-01-28,CUST-049,金矿石,158.2,343214.21,54296488.02,东北,已完成
ORD-01397,2027-01-28,CUST-030,铜精矿,317.6,59846.91,19007378.62,华东,已完成
ORD-01398,2027-01-28,CUST-007,银精矿,34.2,4754673.16,162609822.07,华北,已完成
ORD-01399,2027-01-28,CUST-015,锌精矿,346.6,20346.99,7052266.73,华南,已完成
ORD-01400,2027-01-28,CUST-042,钼精矿,106.7,367058.40,39165131.28,西南,已完成
ORD-01401,2026-03-05,CUST-012,金矿石,138.2,386607.76,53429192.43,华东,已完成
ORD-01402,2026-03-08,CUST-035,铜精矿,334.8,48879.53,16364866.64,华南,已完成
ORD-01403,2026-03-12,CUST-007,银精矿,39.9,3739369.20,149200831.08,华北,已完成
ORD-01404,2026-03-15,CUST-021,锌精矿,434.5,15728.05,6833837.72,西南,进行中
ORD-01405,2026-03-18,CUST-042,钼精矿,90.7,375107.84,34022281.09,华东,已完成
ORD-01406,2026-03-22,CUST-018,金矿石,197.6,412774.05,81564152.28,西北,已完成
ORD-01407,2026-03-25,CUST-003,铜精矿,173.8,60318.77,10483402.23,华南,已取消
ORD-01408,2026-04-01,CUST-029,银精矿,60.3,3949442.95,238151409.88,华东,已完成
ORD-01409,2026-04-05,CUST-015,锌精矿,366.5,18188.62,6666129.23,东北,已完成
ORD-01410,2026-04-08,CUST-037,钼精矿,101.2,326284.24,33019965.09,华北,已完成
ORD-01411,2026-04-12,CUST-008,金矿石,167.4,436303.67,73037234.36,华南,进行中
ORD-01412,2026-04-15,CUST-044,铜精矿,261.8,48039.05,12576623.29,西南,已完成
ORD-01413,2026-04-20,CUST-022,银精矿,34.0,4540955.00,154392470.00,华东,已完成
ORD-01414,2026-04-25,CUST-011,锌精矿,427.0,16479.66,7036814.82,华北,已完成
ORD-01415,2026-05-01,CUST-033,钼精矿,122.7,272335.84,33415607.57,西北,已完成
ORD-01416,2026-05-05,CUST-019,金矿石,284.5,333419.91,94857964.39,华东,已完成
ORD-01417,2026-05-08,CUST-046,铜精矿,351.0,48478.08,17015806.08,东北,已取消
ORD-01418,2026-05-12,CUST-005,银精矿,50.8,3591485.26,182447451.21,华南,已完成
ORD-01419,2026-05-15,CUST-027,锌精矿,427.3,21497.03,9185680.92,西南,已完成
ORD-01420,2026-05-18,CUST-014,钼精矿,62.4,321017.58,20031496.99,华北,进行中
ORD-01421,2026-05-22,CUST-039,金矿石,221.8,329205.42,73017762.16,华东,已完成
ORD-01422,2026-05-25,CUST-002,铜精矿,267.5,47415.28,12683587.40,华南,已完成
ORD-01423,2026-06-01,CUST-031,银精矿,35.9,4747035.80,170418585.22,西北,已完成
ORD-01424,2026-06-05,CUST-016,锌精矿,383.8,18435.68,7075613.98,华东,已完成
ORD-01425,2026-06-08,CUST-048,钼精矿,73.1,291277.62,21292394.02,东北,已完成
ORD-01426,2026-06-12,CUST-009,金矿石,227.7,438657.82,99882385.61,华北,已完成
ORD-01427,2026-06-15,CUST-025,铜精矿,345.2,49823.75,17199158.50,西南,进行中
ORD-01428,2026-06-18,CUST-041,银精矿,57.1,3574359.11,204095905.18,华南,已完成
ORD-01429,2026-06-22,CUST-006,锌精矿,517.5,21505.55,11129122.12,华东,已完成
ORD-01430,2026-06-25,CUST-034,钼精矿,109.6,326360.69,35769131.62,西北,已完成
ORD-01431,2026-07-01,CUST-020,金矿石,179.8,361346.18,64970043.16,东北,已完成
ORD-01432,2026-07-05,CUST-043,铜精矿,235.9,50459.05,11903289.90,华东,已取消
ORD-01433,2026-07-08,CUST-013,银精矿,60.1,4104724.32,246693931.63,华南,已完成
ORD-01434,2026-07-12,CUST-036,锌精矿,440.0,19072.50,8391900.00,华北,已完成
ORD-01435,2026-07-15,CUST-001,钼精矿,87.9,280540.52,24659511.71,西南,已完成
ORD-01436,2026-07-18,CUST-028,金矿石,267.4,396781.05,106099252.77,华东,进行中
ORD-01437,2026-07-22,CUST-047,铜精矿,318.2,52386.26,16669307.93,华南,已完成
ORD-01438,2026-07-25,CUST-010,银精矿,26.8,3995706.79,107084941.97,西北,已完成
ORD-01439,2026-08-01,CUST-023,锌精矿,336.7,16666.12,5611482.60,华东,已完成
ORD-01440,2026-08-05,CUST-038,钼精矿,87.3,327121.49,28557706.08,东北,已完成
ORD-01441,2026-08-08,CUST-017,金矿石,226.4,428313.90,96970266.96,华北,已完成
ORD-01442,2026-08-12,CUST-045,铜精矿,300.0,59235.84,17770752.00,西南,已完成
ORD-01443,2026-08-15,CUST-004,银精矿,47.7,4510401.76,215146163.95,华东,已完成
ORD-01444,2026-08-18,CUST-032,锌精矿,458.8,17202.84,7892662.99,华南,进行中
ORD-01445,2026-08-22,CUST-026,钼精矿,119.6,314244.12,37583596.75,华北,已完成
ORD-01446,2026-08-25,CUST-040,金矿石,169.2,447068.25,75643947.90,西南,已完成
ORD-01447,2026-09-01,CUST-024,铜精矿,315.4,45560.59,14369810.09,华东,已取消
ORD-01448,2026-09-05,CUST-049,银精矿,40.9,4801309.76,196373569.18,东北,已完成
ORD-01449,2026-09-08,CUST-030,锌精矿,386.6,18300.68,7075042.89,西北,已完成
ORD-01450,2026-09-12,CUST-007,钼精矿,85.9,372985.88,32039487.09,华南,已完成
ORD-01451,2026-09-15,CUST-015,金矿石,233.3,368455.73,85960721.81,华东,已完成
ORD-01452,2026-09-18,CUST-042,铜精矿,256.1,47190.46,12085476.81,华北,已完成
ORD-01453,2026-09-22,CUST-021,银精矿,42.5,4864270.30,206731487.75,西南,进行中
ORD-01454,2026-09-25,CUST-008,锌精矿,412.6,18582.45,7667118.87,华南,已完成
ORD-01455,2026-10-01,CUST-035,钼精矿,116.6,365709.44,42641720.70,华东,已完成
ORD-01456,2026-10-05,CUST-012,金矿石,148.9,448281.16,66749064.72,东北,已完成
ORD-01457,2026-10-08,CUST-044,铜精矿,240.4,56050.07,13474436.83,西北,已完成
ORD-01458,2026-10-12,CUST-003,银精矿,59.7,3725087.55,222387726.74,华东,已完成
ORD-01459,2026-10-15,CUST-018,锌精矿,404.2,17867.23,7221934.37,华北,已取消
ORD-01460,2026-10-18,CUST-029,钼精矿,93.7,352086.78,32990531.29,华南,已完成
ORD-01461,2026-10-22,CUST-046,金矿石,221.1,413619.05,91451171.95,西南,已完成
ORD-01462,2026-10-25,CUST-011,铜精矿,350.7,52609.68,18450214.78,华东,已完成
ORD-01463,2026-11-01,CUST-037,银精矿,49.3,4540001.79,223822088.25,华南,已完成
ORD-01464,2026-11-05,CUST-019,锌精矿,516.9,18328.71,9474110.20,西北,进行中
ORD-01465,2026-11-08,CUST-033,钼精矿,94.3,303706.00,28639475.80,东北,已完成
ORD-01466,2026-11-12,CUST-005,金矿石,204.5,416756.83,85226771.73,华北,已完成
ORD-01467,2026-11-15,CUST-027,铜精矿,250.4,49879.60,12489851.84,华东,已完成
ORD-01468,2026-11-18,CUST-048,银精矿,36.1,4526185.89,163395310.63,西南,已完成
ORD-01469,2026-11-22,CUST-014,锌精矿,449.7,16765.07,7539251.98,华南,已完成
ORD-01470,2026-11-25,CUST-039,钼精矿,105.1,340162.49,35751077.70,华东,已完成
ORD-01471,2026-12-01,CUST-002,金矿石,207.1,348407.59,72155211.89,华东,已完成
ORD-01472,2026-12-05,CUST-031,铜精矿,356.8,61699.71,22014456.53,东北,已取消
ORD-01473,2026-12-08,CUST-016,银精矿,45.7,4618533.40,211066976.38,华北,已完成
ORD-01474,2026-12-12,CUST-025,锌精矿,356.7,16788.24,5988365.21,西南,已完成
ORD-01475,2026-12-15,CUST-009,钼精矿,86.3,337277.60,29107056.88,华南,进行中
ORD-01476,2026-12-18,CUST-041,金矿石,231.0,459720.15,106195354.65,西北,已完成
ORD-01477,2026-12-22,CUST-006,铜精矿,232.1,56957.94,13219937.87,华东,已完成
ORD-01478,2026-12-25,CUST-034,银精矿,49.2,4100422.20,201740772.24,华南,已完成
ORD-01479,2027-01-01,CUST-020,锌精矿,520.7,21059.55,10965707.69,华北,已完成
ORD-01480,2027-01-05,CUST-043,钼精矿,80.5,323037.82,26004544.51,华东,已完成
ORD-01481,2027-01-08,CUST-013,金矿石,209.5,376953.98,78971858.81,东北,已完成
ORD-01482,2027-01-12,CUST-036,铜精矿,250.0,54816.64,13704160.00,西南,已完成
ORD-01483,2027-01-15,CUST-001,银精矿,59.7,3586804.47,214132226.86,华东,进行中
ORD-01484,2027-01-18,CUST-028,锌精矿,415.9,20920.29,8700748.61,华南,已完成
ORD-01485,2027-01-22,CUST-047,钼精矿,123.6,334428.16,41335320.58,西北,已完成
ORD-01486,2027-01-25,CUST-010,金矿石,214.9,370702.34,79663932.87,华北,已完成
ORD-01487,2027-02-01,CUST-023,铜精矿,319.9,59869.59,19152281.84,华东,已完成
ORD-01488,2027-02-05,CUST-038,银精矿,43.5,4566571.48,198645859.38,西南,已完成
ORD-01489,2027-02-08,CUST-017,锌精矿,358.3,15975.17,5723903.41,东北,已取消
ORD-01490,2027-02-12,CUST-045,钼精矿,100.3,358489.44,35956490.83,华南,已完成
ORD-01491,2027-02-15,CUST-004,金矿石,288.1,390382.85,112469299.09,华东,已完成
ORD-01492,2027-02-18,CUST-032,铜精矿,297.2,46521.34,13826142.25,华北,已完成
ORD-01493,2027-02-22,CUST-026,银精矿,53.6,4651434.84,249316907.42,西北,进行中
ORD-01494,2027-02-25,CUST-040,锌精矿,476.6,19084.23,9095544.02,华南,已完成
ORD-01495,2027-02-28,CUST-024,钼精矿,119.2,293197.91,34949190.87,西南,已完成
ORD-01496,2027-02-28,CUST-049,金矿石,134.9,433862.03,58527987.85,东北,已完成
ORD-01497,2027-02-28,CUST-030,铜精矿,299.3,52613.99,15747367.21,华东,已完成
ORD-01498,2027-02-28,CUST-007,银精矿,41.0,4729819.71,193922608.11,华北,已完成
ORD-01499,2027-02-28,CUST-015,锌精矿,353.6,18768.26,6636456.74,华南,已完成
ORD-01500,2027-02-28,CUST-042,钼精矿,103.5,369758.65,38270020.28,西南,已完成
ORD-01501,2026-04-05,CUST-012,金矿石,154.0,402984.51,62059614.54,华东,已完成
ORD-01502,2026-04-08,CUST-035,铜精矿,360.7,52927.58,19090978.11,华南,已完成
ORD-01503,2026-04-12,CUST-007,银精矿,50.4,4372632.60,220380683.04,华北,已完成
ORD-01504,2026-04-15,CUST-021,锌精矿,445.1,20157.23,8971983.07,西南,进行中
ORD-01505,2026-04-18,CUST-042,钼精矿,78.5,277206.08,21760677.28,华东,已完成
ORD-01506,2026-04-22,CUST-018,金矿石,175.7,336673.74,59153576.12,西北,已完成
ORD-01507,2026-04-25,CUST-003,铜精矿,175.5,53142.62,9326529.81,华南,已取消
ORD-01508,2026-05-01,CUST-029,银精矿,52.3,4338244.00,226890161.20,华东,已完成
ORD-01509,2026-05-05,CUST-015,锌精矿,470.9,20358.16,9586657.54,东北,已完成
ORD-01510,2026-05-08,CUST-037,钼精矿,104.5,321201.09,33565513.91,华北,已完成
ORD-01511,2026-05-12,CUST-008,金矿石,174.5,437443.23,76333843.63,华南,进行中
ORD-01512,2026-05-15,CUST-044,铜精矿,279.0,44162.49,12321334.71,西南,已完成
ORD-01513,2026-05-20,CUST-022,银精矿,30.9,4445725.25,137372910.22,华东,已完成
ORD-01514,2026-05-25,CUST-011,锌精矿,341.4,18094.56,6177482.78,华北,已完成
ORD-01515,2026-06-01,CUST-033,钼精矿,102.4,331868.30,33983313.92,西北,已完成
ORD-01516,2026-06-05,CUST-019,金矿石,271.4,372008.00,100962971.20,华东,已完成
ORD-01517,2026-06-08,CUST-046,铜精矿,365.9,48743.15,17835118.59,东北,已取消
ORD-01518,2026-06-12,CUST-005,银精矿,54.3,4788666.52,260024592.04,华南,已完成
ORD-01519,2026-06-15,CUST-027,锌精矿,414.4,20929.92,8673358.85,西南,已完成
ORD-01520,2026-06-18,CUST-014,钼精矿,77.6,344894.20,26763789.92,华北,进行中
ORD-01521,2026-06-22,CUST-039,金矿石,201.8,424132.26,85589890.07,华东,已完成
ORD-01522,2026-06-25,CUST-002,铜精矿,261.0,51212.88,13366561.68,华南,已完成
ORD-01523,2026-07-01,CUST-031,银精矿,40.9,4280375.54,175067359.59,西北,已完成
ORD-01524,2026-07-05,CUST-016,锌精矿,413.7,17222.59,7124985.48,华东,已完成
ORD-01525,2026-07-08,CUST-048,钼精矿,78.2,330111.73,25814737.29,东北,已完成
ORD-01526,2026-07-12,CUST-009,金矿石,259.2,356788.28,92479522.18,华北,已完成
ORD-01527,2026-07-15,CUST-025,铜精矿,317.1,50583.42,16040002.48,西南,进行中
ORD-01528,2026-07-18,CUST-041,银精矿,62.1,4756705.88,295391435.15,华南,已完成
ORD-01529,2026-07-22,CUST-006,锌精矿,488.8,18732.47,9156431.34,华东,已完成
ORD-01530,2026-07-25,CUST-034,钼精矿,102.7,321261.40,32993545.78,西北,已完成
ORD-01531,2026-08-01,CUST-020,金矿石,151.5,335781.01,50870823.02,东北,已完成
ORD-01532,2026-08-05,CUST-043,铜精矿,252.7,51236.83,12947546.94,华东,已取消
ORD-01533,2026-08-08,CUST-013,银精矿,57.1,3712895.19,212006315.35,华南,已完成
ORD-01534,2026-08-12,CUST-036,锌精矿,367.9,19546.91,7191308.19,华北,已完成
ORD-01535,2026-08-15,CUST-001,钼精矿,83.0,283517.15,23531923.45,西南,已完成
ORD-01536,2026-08-18,CUST-028,金矿石,273.8,337733.20,92471350.16,华东,进行中
ORD-01537,2026-08-22,CUST-047,铜精矿,279.4,58925.49,16463781.91,华南,已完成
ORD-01538,2026-08-25,CUST-010,银精矿,30.9,4501273.06,139089337.55,西北,已完成
ORD-01539,2026-09-01,CUST-023,锌精矿,343.8,17676.08,6077036.30,华东,已完成
ORD-01540,2026-09-05,CUST-038,钼精矿,106.0,283676.96,30069757.76,东北,已完成
ORD-01541,2026-09-08,CUST-017,金矿石,193.9,439109.81,85143392.16,华北,已完成
ORD-01542,2026-09-12,CUST-045,铜精矿,369.1,44437.22,16401777.90,西南,已完成
ORD-01543,2026-09-15,CUST-004,银精矿,55.3,4968359.92,274750303.58,华东,已完成
ORD-01544,2026-09-18,CUST-032,锌精矿,364.7,19642.58,7163648.93,华南,进行中
ORD-01545,2026-09-22,CUST-026,钼精矿,111.7,378635.14,42293545.14,华北,已完成
ORD-01546,2026-09-25,CUST-040,金矿石,185.8,417410.69,77554906.20,西南,已完成
ORD-01547,2026-10-01,CUST-024,铜精矿,283.5,56166.17,15923109.20,华东,已取消
ORD-01548,2026-10-05,CUST-049,银精矿,39.4,3914892.80,154246776.32,东北,已完成
ORD-01549,2026-10-08,CUST-030,锌精矿,392.7,20612.06,8094355.96,西北,已完成
ORD-01550,2026-10-12,CUST-007,钼精矿,74.9,337477.75,25277083.48,华南,已完成
ORD-01551,2026-10-15,CUST-015,金矿石,260.0,386622.38,100521818.80,华东,已完成
ORD-01552,2026-10-18,CUST-042,铜精矿,264.2,57061.95,15075767.19,华北,已完成
ORD-01553,2026-10-22,CUST-021,银精矿,41.8,4639590.29,193934874.12,西南,进行中
ORD-01554,2026-10-25,CUST-008,锌精矿,378.5,17125.47,6481990.40,华南,已完成
ORD-01555,2026-11-01,CUST-035,钼精矿,101.8,371042.24,37772100.03,华东,已完成
ORD-01556,2026-11-05,CUST-012,金矿石,148.1,463180.16,68596981.70,东北,已完成
ORD-01557,2026-11-08,CUST-044,铜精矿,226.0,44305.66,10013079.16,西北,已完成
ORD-01558,2026-11-12,CUST-003,银精矿,63.8,4201190.27,268035939.23,华东,已完成
ORD-01559,2026-11-15,CUST-018,锌精矿,431.9,17552.68,7581002.49,华北,已取消
ORD-01560,2026-11-18,CUST-029,钼精矿,74.9,288424.68,21603008.53,华南,已完成
ORD-01561,2026-11-22,CUST-046,金矿石,214.4,409028.34,87695676.10,西南,已完成
ORD-01562,2026-11-25,CUST-011,铜精矿,385.0,45804.57,17634759.45,华东,已完成
ORD-01563,2026-12-01,CUST-037,银精矿,59.7,4176268.36,249323221.09,华南,已完成
ORD-01564,2026-12-05,CUST-019,锌精矿,480.4,19202.56,9224909.82,西北,进行中
ORD-01565,2026-12-08,CUST-033,钼精矿,104.9,374673.33,39303232.32,东北,已完成
ORD-01566,2026-12-12,CUST-005,金矿石,232.3,352105.26,81794051.90,华北,已完成
ORD-01567,2026-12-15,CUST-027,铜精矿,199.9,51408.06,10276471.19,华东,已完成
ORD-01568,2026-12-18,CUST-048,银精矿,38.5,4001685.38,154064887.13,西南,已完成
ORD-01569,2026-12-22,CUST-014,锌精矿,453.7,16839.34,7640008.56,华南,已完成
ORD-01570,2026-12-25,CUST-039,钼精矿,127.6,271886.79,34692754.40,华东,已完成
ORD-01571,2027-01-01,CUST-002,金矿石,195.4,434102.64,84823655.86,华东,已完成
ORD-01572,2027-01-05,CUST-031,铜精矿,313.1,47246.83,14792982.47,东北,已取消
ORD-01573,2027-01-08,CUST-016,银精矿,45.6,4202628.62,191639865.07,华北,已完成
ORD-01574,2027-01-12,CUST-025,锌精矿,340.1,21828.71,7423944.27,西南,已完成
ORD-01575,2027-01-15,CUST-009,钼精矿,101.3,312171.94,31623017.52,华南,进行中
ORD-01576,2027-01-18,CUST-041,金矿石,262.4,363406.69,95357915.46,西北,已完成
ORD-01577,2027-01-22,CUST-006,铜精矿,207.1,47573.81,9852536.05,华东,已完成
ORD-01578,2027-01-25,CUST-034,银精矿,54.9,3881850.00,213113565.00,华南,已完成
ORD-01579,2027-02-01,CUST-020,锌精矿,457.6,17831.84,8159849.98,华北,已完成
ORD-01580,2027-02-05,CUST-043,钼精矿,83.7,291396.78,24389910.49,华东,已完成
ORD-01581,2027-02-08,CUST-013,金矿石,211.0,369753.52,78017992.72,东北,已完成
ORD-01582,2027-02-12,CUST-036,铜精矿,250.4,57733.80,14456543.52,西南,已完成
ORD-01583,2027-02-15,CUST-001,银精矿,64.9,4765806.86,309300865.21,华东,进行中
ORD-01584,2027-02-18,CUST-028,锌精矿,408.5,21964.12,8972343.02,华南,已完成
ORD-01585,2027-02-22,CUST-047,钼精矿,108.9,359137.68,39110093.35,西北,已完成
ORD-01586,2027-02-25,CUST-010,金矿石,247.4,384982.58,95244690.29,华北,已完成
ORD-01587,2027-03-01,CUST-023,铜精矿,309.1,48961.40,15133968.74,华东,已完成
ORD-01588,2027-03-05,CUST-038,银精矿,47.2,4773757.20,225321339.84,西南,已完成
ORD-01589,2027-03-08,CUST-017,锌精矿,360.1,18147.13,6534781.51,东北,已取消
ORD-01590,2027-03-12,CUST-045,钼精矿,78.4,287849.65,22567412.56,华南,已完成
ORD-01591,2027-03-15,CUST-004,金矿石,252.8,434227.07,109772603.30,华东,已完成
ORD-01592,2027-03-18,CUST-032,铜精矿,283.4,46670.35,13226377.19,华北,已完成
ORD-01593,2027-03-22,CUST-026,银精矿,57.2,4509558.93,257946770.80,西北,进行中
ORD-01594,2027-03-25,CUST-040,锌精矿,404.2,18714.34,7564336.23,华南,已完成
ORD-01595,2027-03-28,CUST-024,钼精矿,94.0,336375.69,31619314.86,西南,已完成
ORD-01596,2027-03-28,CUST-049,金矿石,143.0,372297.54,53238548.22,东北,已完成
ORD-01597,2027-03-28,CUST-030,铜精矿,263.8,60281.69,15902309.82,华东,已完成
ORD-01598,2027-03-28,CUST-007,银精矿,39.0,5018372.53,195716528.67,华北,已完成
ORD-01599,2027-03-28,CUST-015,锌精矿,409.0,20997.10,8587813.90,华南,已完成
ORD-01600,2027-03-28,CUST-042,钼精矿,94.2,295818.92,27866142.26,西南,已完成
ORD-01601,2026-05-05,CUST-012,金矿石,176.5,439079.41,77497515.86,华东,已完成
ORD-01602,2026-05-08,CUST-035,铜精矿,279.0,51566.79,14387134.41,华南,已完成
ORD-01603,2026-05-12,CUST-007,银精矿,46.5,3814490.40,177373803.60,华北,已完成
ORD-01604,2026-05-15,CUST-021,锌精矿,429.8,20066.27,8624482.85,西南,进行中
ORD-01605,2026-05-18,CUST-042,钼精矿,71.6,347419.52,24875237.63,华东,已完成
ORD-01606,2026-05-22,CUST-018,金矿石,202.3,344794.71,69751969.83,西北,已完成
ORD-01607,2026-05-25,CUST-003,铜精矿,196.2,60623.10,11894252.22,华南,已取消
ORD-01608,2026-06-01,CUST-029,银精矿,69.7,4245528.85,295913360.84,华东,已完成
ORD-01609,2026-06-05,CUST-015,锌精矿,453.7,20492.79,9297578.82,东北,已完成
ORD-01610,2026-06-08,CUST-037,钼精矿,86.6,285847.70,24754410.82,华北,已完成
ORD-01611,2026-06-12,CUST-008,金矿石,184.8,445292.08,82289976.38,华南,进行中
ORD-01612,2026-06-15,CUST-044,铜精矿,298.5,45921.47,13707558.79,西南,已完成
ORD-01613,2026-06-20,CUST-022,银精矿,39.7,4765635.50,189195729.35,华东,已完成
ORD-01614,2026-06-25,CUST-011,锌精矿,331.5,20721.01,6869014.81,华北,已完成
ORD-01615,2026-07-01,CUST-033,钼精矿,111.8,311604.38,34837369.68,西北,已完成
ORD-01616,2026-07-05,CUST-019,金矿石,296.3,342759.70,101559699.11,华东,已完成
ORD-01617,2026-07-08,CUST-046,铜精矿,302.4,58349.86,17644997.66,东北,已取消
ORD-01618,2026-07-12,CUST-005,银精矿,46.6,4869085.54,226899386.16,华南,已完成
ORD-01619,2026-07-15,CUST-027,锌精矿,480.5,20301.09,9754673.74,西南,已完成
ORD-01620,2026-07-18,CUST-014,钼精矿,62.4,360822.57,22515328.37,华北,进行中
ORD-01621,2026-07-22,CUST-039,金矿石,222.7,402178.91,89565243.26,华东,已完成
ORD-01622,2026-07-25,CUST-002,铜精矿,285.9,45603.88,13038149.29,华南,已完成
ORD-01623,2026-08-01,CUST-031,银精矿,38.8,4907184.80,190398770.24,西北,已完成
ORD-01624,2026-08-05,CUST-016,锌精矿,389.4,20802.00,8100298.80,华东,已完成
ORD-01625,2026-08-08,CUST-048,钼精矿,87.7,313026.41,27452416.16,东北,已完成
ORD-01626,2026-08-12,CUST-009,金矿石,224.0,433264.36,97051216.64,华北,已完成
ORD-01627,2026-08-15,CUST-025,铜精矿,344.8,53761.62,18537006.58,西南,进行中
ORD-01628,2026-08-18,CUST-041,银精矿,55.7,4461775.97,248520921.53,华南,已完成
ORD-01629,2026-08-22,CUST-006,锌精矿,412.5,16969.77,7000030.12,华东,已完成
ORD-01630,2026-08-25,CUST-034,钼精矿,91.8,296974.59,27262267.36,西北,已完成
ORD-01631,2026-09-01,CUST-020,金矿石,179.6,391484.29,70310578.48,东北,已完成
ORD-01632,2026-09-05,CUST-043,铜精矿,279.5,56096.65,15679013.68,华东,已取消
ORD-01633,2026-09-08,CUST-013,银精矿,62.0,3734252.46,231523652.52,华南,已完成
ORD-01634,2026-09-12,CUST-036,锌精矿,466.8,15858.71,7402845.83,华北,已完成
ORD-01635,2026-09-15,CUST-001,钼精矿,75.9,352382.24,26745812.02,西南,已完成
ORD-01636,2026-09-18,CUST-028,金矿石,268.1,410917.26,110166917.41,华东,进行中
ORD-01637,2026-09-22,CUST-047,铜精矿,239.1,48821.31,11673175.22,华南,已完成
ORD-01638,2026-09-25,CUST-010,银精矿,30.6,3895399.33,119199219.50,西北,已完成
ORD-01639,2026-10-01,CUST-023,锌精矿,375.9,19776.61,7434027.70,华东,已完成
ORD-01640,2026-10-05,CUST-038,钼精矿,82.9,360784.99,29909075.67,东北,已完成
ORD-01641,2026-10-08,CUST-017,金矿石,207.6,439430.74,91225821.62,华北,已完成
ORD-01642,2026-10-12,CUST-045,铜精矿,370.9,48111.21,17844447.79,西南,已完成
ORD-01643,2026-10-15,CUST-004,银精矿,40.9,4344456.64,177688276.58,华东,已完成
ORD-01644,2026-10-18,CUST-032,锌精矿,470.7,20698.78,9742915.75,华南,进行中
ORD-01645,2026-10-22,CUST-026,钼精矿,93.3,367134.07,34253608.73,华北,已完成
ORD-01646,2026-10-25,CUST-040,金矿石,159.9,353635.88,56546377.21,西南,已完成
ORD-01647,2026-11-01,CUST-024,铜精矿,311.7,50613.20,15776134.44,华东,已取消
ORD-01648,2026-11-05,CUST-049,银精矿,38.9,4568757.44,177724664.42,东北,已完成
ORD-01649,2026-11-08,CUST-030,锌精矿,446.1,18563.48,8281168.43,西北,已完成
ORD-01650,2026-11-12,CUST-007,钼精矿,93.6,311549.65,29161047.24,华南,已完成
ORD-01651,2026-11-15,CUST-015,金矿石,201.1,412122.35,82877804.58,华东,已完成
ORD-01652,2026-11-18,CUST-042,铜精矿,316.5,59052.92,18690249.18,华北,已完成
ORD-01653,2026-11-22,CUST-021,银精矿,44.2,3712767.97,164104344.27,西南,进行中
ORD-01654,2026-11-25,CUST-008,锌精矿,459.5,20529.55,9433328.22,华南,已完成
ORD-01655,2026-12-01,CUST-035,钼精矿,102.5,272422.40,27923296.00,华东,已完成
ORD-01656,2026-12-05,CUST-012,金矿石,189.0,387616.26,73259473.14,东北,已完成
ORD-01657,2026-12-08,CUST-044,铜精矿,218.6,59405.62,12986068.53,西北,已完成
ORD-01658,2026-12-12,CUST-003,银精矿,67.8,3875786.35,262778314.53,华东,已完成
ORD-01659,2026-12-15,CUST-018,锌精矿,329.3,19056.65,6275354.85,华北,已取消
ORD-01660,2026-12-18,CUST-029,钼精矿,96.7,368924.60,35675008.82,华南,已完成
ORD-01661,2026-12-22,CUST-046,金矿石,220.6,431035.62,95086457.77,西南,已完成
ORD-01662,2026-12-25,CUST-011,铜精矿,317.8,49026.92,15580755.18,华东,已完成
ORD-01663,2027-01-01,CUST-037,银精矿,46.1,3998922.24,184350315.26,华南,已完成
ORD-01664,2027-01-05,CUST-019,锌精矿,512.5,16571.36,8492822.00,西北,进行中
ORD-01665,2027-01-08,CUST-033,钼精矿,83.9,327579.85,27483949.41,东北,已完成
ORD-01666,2027-01-12,CUST-005,金矿石,244.5,396731.21,97000780.84,华北,已完成
ORD-01667,2027-01-15,CUST-027,铜精矿,229.2,57991.26,13291596.79,华东,已完成
ORD-01668,2027-01-18,CUST-048,银精矿,34.6,3772906.44,130542562.82,西南,已完成
ORD-01669,2027-01-22,CUST-014,锌精矿,426.1,16864.51,7185967.71,华南,已完成
ORD-01670,2027-01-25,CUST-039,钼精矿,105.4,326772.64,34441836.26,华东,已完成
ORD-01671,2027-02-01,CUST-002,金矿石,215.8,431686.69,93157987.70,华东,已完成
ORD-01672,2027-02-05,CUST-031,铜精矿,307.7,51009.11,15695503.15,东北,已取消
ORD-01673,2027-02-08,CUST-016,银精矿,46.9,4429194.25,207729210.32,华北,已完成
ORD-01674,2027-02-12,CUST-025,锌精矿,316.8,21634.01,6853654.37,西南,已完成
ORD-01675,2027-02-15,CUST-009,钼精矿,91.1,301497.51,27466423.16,华南,进行中
ORD-01676,2027-02-18,CUST-041,金矿石,259.5,462447.10,120005022.45,西北,已完成
ORD-01677,2027-02-22,CUST-006,铜精矿,229.2,47834.34,10963630.73,华东,已完成
ORD-01678,2027-02-25,CUST-034,银精矿,51.8,4040269.80,209285975.64,华南,已完成
ORD-01679,2027-03-01,CUST-020,锌精矿,490.2,17317.18,8488881.64,华北,已完成
ORD-01680,2027-03-05,CUST-043,钼精矿,83.3,314624.11,26208188.36,华东,已完成
ORD-01681,2027-03-08,CUST-013,金矿石,173.1,452460.89,78320980.06,东北,已完成
ORD-01682,2027-03-12,CUST-036,铜精矿,285.6,51603.78,14738039.57,西南,已完成
ORD-01683,2027-03-15,CUST-001,银精矿,54.9,3803076.90,208788921.81,华东,进行中
ORD-01684,2027-03-18,CUST-028,锌精矿,340.0,17555.53,5968880.20,华南,已完成
ORD-01685,2027-03-22,CUST-047,钼精矿,120.3,323415.50,38906884.65,西北,已完成
ORD-01686,2027-03-25,CUST-010,金矿石,198.4,362244.74,71869356.42,华北,已完成
ORD-01687,2027-04-01,CUST-023,铜精矿,288.7,46677.88,13475903.96,华东,已完成
ORD-01688,2027-04-05,CUST-038,银精矿,44.7,4329267.50,193518257.25,西南,已完成
ORD-01689,2027-04-08,CUST-017,锌精矿,435.4,17997.15,7835959.11,东北,已取消
ORD-01690,2027-04-12,CUST-045,钼精矿,90.5,297660.44,26938269.82,华南,已完成
ORD-01691,2027-04-15,CUST-004,金矿石,286.1,410873.71,117550968.43,华东,已完成
ORD-01692,2027-04-18,CUST-032,铜精矿,288.6,60061.95,17333878.77,华北,已完成
ORD-01693,2027-04-22,CUST-026,银精矿,44.5,4343463.66,193284132.87,西北,进行中
ORD-01694,2027-04-25,CUST-040,锌精矿,459.4,18984.53,8721493.08,华南,已完成
ORD-01695,2027-04-28,CUST-024,钼精矿,104.9,368447.32,38650123.87,西南,已完成
ORD-01696,2027-04-28,CUST-049,金矿石,164.3,339738.27,55818997.76,东北,已完成
ORD-01697,2027-04-28,CUST-030,铜精矿,303.9,59073.01,17952287.74,华东,已完成
ORD-01698,2027-04-28,CUST-007,银精矿,35.9,3745510.55,134463828.74,华北,已完成
ORD-01699,2027-04-28,CUST-015,锌精矿,410.6,18678.89,7669552.23,华南,已完成
ORD-01700,2027-04-28,CUST-042,钼精矿,110.5,349813.32,38654371.86,西南,已完成
ORD-01701,2026-06-05,CUST-012,金矿石,169.9,406262.39,69023980.06,华东,已完成
ORD-01702,2026-06-08,CUST-035,铜精矿,309.1,54324.40,16791672.04,华南,已完成
ORD-01703,2026-06-12,CUST-007,银精矿,42.8,4447753.80,190363862.64,华北,已完成
ORD-01704,2026-06-15,CUST-021,锌精矿,543.2,16837.33,9146037.66,西南,进行中
ORD-01705,2026-06-18,CUST-042,钼精矿,70.6,373703.36,26383457.22,华东,已完成
ORD-01706,2026-06-22,CUST-018,金矿石,195.5,340972.32,66660088.56,西北,已完成
ORD-01707,2026-06-25,CUST-003,铜精矿,190.2,59715.37,11357863.37,华南,已取消
ORD-01708,2026-07-01,CUST-029,银精矿,57.9,4564211.50,264267845.85,华东,已完成
ORD-01709,2026-07-05,CUST-015,锌精矿,362.6,16319.36,5917399.94,东北,已完成
ORD-01710,2026-07-08,CUST-037,钼精矿,85.2,299059.74,25479889.85,华北,已完成
ORD-01711,2026-07-12,CUST-008,金矿石,157.1,354652.56,55715917.18,华南,进行中
ORD-01712,2026-07-15,CUST-044,铜精矿,271.4,47265.77,12827929.98,西南,已完成
ORD-01713,2026-07-20,CUST-022,银精矿,37.0,4605329.75,170397200.75,华东,已完成
ORD-01714,2026-07-25,CUST-011,锌精矿,398.6,16060.43,6401687.40,华北,已完成
ORD-01715,2026-08-01,CUST-033,钼精矿,101.6,327481.81,33272151.90,西北,已完成
ORD-01716,2026-08-05,CUST-019,金矿石,240.5,417982.54,100524800.87,华东,已完成
ORD-01717,2026-08-08,CUST-046,铜精矿,347.4,46612.18,16193071.33,东北,已取消
ORD-01718,2026-08-12,CUST-005,银精矿,53.6,4552237.36,243999922.50,华南,已完成
ORD-01719,2026-08-15,CUST-027,锌精矿,506.0,16544.81,8371673.86,西南,已完成
ORD-01720,2026-08-18,CUST-014,钼精矿,62.3,308192.00,19200361.60,华北,进行中
ORD-01721,2026-08-22,CUST-039,金矿石,184.0,399024.48,73420504.32,华东,已完成
ORD-01722,2026-08-25,CUST-002,铜精矿,325.6,58921.05,19184693.88,华南,已完成
ORD-01723,2026-09-01,CUST-031,银精矿,43.5,4304606.78,187250394.93,西北,已完成
ORD-01724,2026-09-05,CUST-016,锌精矿,376.0,16365.62,6153473.12,华东,已完成
ORD-01725,2026-09-08,CUST-048,钼精矿,81.0,375946.28,30451648.68,东北,已完成
ORD-01726,2026-09-12,CUST-009,金矿石,192.4,417871.08,80398395.79,华北,已完成
ORD-01727,2026-09-15,CUST-025,铜精矿,342.3,59013.82,20200430.59,西南,进行中
ORD-01728,2026-09-18,CUST-041,银精矿,48.1,4042403.06,194439587.19,华南,已完成
ORD-01729,2026-09-22,CUST-006,锌精矿,559.4,17130.68,9582902.39,华东,已完成
ORD-01730,2026-09-25,CUST-034,钼精矿,94.6,343931.87,32535954.90,西北,已完成
ORD-01731,2026-10-01,CUST-020,金矿石,183.1,425023.44,77821791.86,东北,已完成
ORD-01732,2026-10-05,CUST-043,铜精矿,250.6,60457.33,15150606.90,华东,已取消
ORD-01733,2026-10-08,CUST-013,银精矿,76.2,4517212.77,344211613.07,华南,已完成
ORD-01734,2026-10-12,CUST-036,锌精矿,386.6,17273.39,6677892.57,华北,已完成
ORD-01735,2026-10-15,CUST-001,钼精矿,70.5,298241.42,21026020.11,西南,已完成
ORD-01736,2026-10-18,CUST-028,金矿石,272.8,365149.66,99612827.25,华东,进行中
ORD-01737,2026-10-22,CUST-047,铜精矿,255.8,59012.61,15095425.64,华南,已完成
ORD-01738,2026-10-25,CUST-010,银精矿,35.0,4109768.32,143841891.20,西北,已完成
ORD-01739,2026-11-01,CUST-023,锌精矿,389.6,17320.35,6748008.36,华东,已完成
ORD-01740,2026-11-05,CUST-038,钼精矿,105.8,365544.75,38674634.55,东北,已完成
ORD-01741,2026-11-08,CUST-017,金矿石,195.4,348352.22,68068023.79,华北,已完成
ORD-01742,2026-11-12,CUST-045,铜精矿,388.4,46211.10,17948391.24,西南,已完成
ORD-01743,2026-11-15,CUST-004,银精矿,41.0,4515858.64,185150204.24,华东,已完成
ORD-01744,2026-11-18,CUST-032,锌精矿,355.0,19336.91,6864603.05,华南,进行中
ORD-01745,2026-11-22,CUST-026,钼精矿,105.2,374051.77,39350246.20,华北,已完成
ORD-01746,2026-11-25,CUST-040,金矿石,166.0,350814.45,58235198.70,西南,已完成
ORD-01747,2026-12-01,CUST-024,铜精矿,245.0,60965.98,14936665.10,华东,已取消
ORD-01748,2026-12-05,CUST-049,银精矿,49.5,4703703.68,232833332.16,东北,已完成
ORD-01749,2026-12-08,CUST-030,锌精矿,453.6,19935.05,9042538.68,西北,已完成
ORD-01750,2026-12-12,CUST-007,钼精矿,85.2,290069.42,24713914.58,华南,已完成
ORD-01751,2026-12-15,CUST-015,金矿石,212.4,356648.05,75752045.82,华东,已完成
ORD-01752,2026-12-18,CUST-042,铜精矿,294.7,51538.64,15188437.21,华北,已完成
ORD-01753,2026-12-22,CUST-021,银精矿,34.1,4518044.37,154065313.02,西南,进行中
ORD-01754,2026-12-25,CUST-008,锌精矿,474.0,17660.04,8370858.96,华南,已完成
ORD-01755,2027-01-01,CUST-035,钼精矿,103.7,291609.92,30239948.70,华东,已完成
ORD-01756,2027-01-05,CUST-012,金矿石,180.4,401889.59,72500882.04,东北,已完成
ORD-01757,2027-01-08,CUST-044,铜精矿,276.2,58961.25,16285097.25,西北,已完成
ORD-01758,2027-01-12,CUST-003,银精矿,62.3,3996650.66,248991336.12,华东,已完成
ORD-01759,2027-01-15,CUST-018,锌精矿,351.1,17291.29,6070971.92,华北,已取消
ORD-01760,2027-01-18,CUST-029,钼精矿,70.9,343436.64,24349657.78,华南,已完成
ORD-01761,2027-01-22,CUST-046,金矿石,220.4,419283.91,92410173.76,西南,已完成
ORD-01762,2027-01-25,CUST-011,铜精矿,364.4,62248.32,22683287.81,华东,已完成
ORD-01763,2027-02-01,CUST-037,银精矿,58.0,4598838.97,266732660.26,华南,已完成
ORD-01764,2027-02-05,CUST-019,锌精矿,450.0,15686.65,7058992.50,西北,进行中
ORD-01765,2027-02-08,CUST-033,钼精矿,103.3,282717.17,29204683.66,东北,已完成
ORD-01766,2027-02-12,CUST-005,金矿石,214.6,453728.20,97370071.72,华北,已完成
ORD-01767,2027-02-15,CUST-027,铜精矿,221.5,60400.00,13378600.00,华东,已完成
ORD-01768,2027-02-18,CUST-048,银精矿,30.4,4594526.09,139673593.14,西南,已完成
ORD-01769,2027-02-22,CUST-014,锌精矿,480.1,21367.96,10258757.60,华南,已完成
ORD-01770,2027-02-25,CUST-039,钼精矿,134.0,349238.76,46797993.84,华东,已完成
ORD-01771,2027-03-01,CUST-002,金矿石,201.4,344983.93,69479763.50,华东,已完成
ORD-01772,2027-03-05,CUST-031,铜精矿,394.5,55045.79,21715564.16,东北,已取消
ORD-01773,2027-03-08,CUST-016,银精矿,43.2,4914532.67,212307811.34,华北,已完成
ORD-01774,2027-03-12,CUST-025,锌精矿,376.3,18403.71,6925316.07,西南,已完成
ORD-01775,2027-03-15,CUST-009,钼精矿,82.2,308574.77,25364846.09,华南,进行中
ORD-01776,2027-03-18,CUST-041,金矿石,301.5,445916.56,134443842.84,西北,已完成
ORD-01777,2027-03-22,CUST-006,铜精矿,257.8,60300.53,15545476.63,华东,已完成
ORD-01778,2027-03-25,CUST-034,银精矿,62.1,4717608.00,292963456.80,华南,已完成
ORD-01779,2027-04-01,CUST-020,锌精矿,489.3,21581.53,10559842.63,华北,已完成
ORD-01780,2027-04-05,CUST-043,钼精矿,86.6,280115.23,24257978.92,华东,已完成
ORD-01781,2027-04-08,CUST-013,金矿石,200.8,430206.08,86385380.86,东北,已完成
ORD-01782,2027-04-12,CUST-036,铜精矿,319.4,59418.04,18978121.98,西南,已完成
ORD-01783,2027-04-15,CUST-001,银精矿,60.9,3676158.40,223878046.56,华东,进行中
ORD-01784,2027-04-18,CUST-028,锌精矿,331.7,20005.16,6635711.57,华南,已完成
ORD-01785,2027-04-22,CUST-047,钼精矿,95.4,373927.33,35672667.28,西北,已完成
ORD-01786,2027-04-25,CUST-010,金矿石,240.0,356782.00,85627680.00,华北,已完成
ORD-01787,2027-05-01,CUST-023,铜精矿,360.2,52636.97,18959836.59,华东,已完成
ORD-01788,2027-05-05,CUST-038,银精矿,45.8,3955940.97,181182096.43,西南,已完成
ORD-01789,2027-05-08,CUST-017,锌精矿,353.6,21237.78,7509679.01,东北,已取消
ORD-01790,2027-05-12,CUST-045,钼精矿,92.7,355639.08,32967742.72,华南,已完成
ORD-01791,2027-05-15,CUST-004,金矿石,284.2,434822.88,123576662.50,华东,已完成
ORD-01792,2027-05-18,CUST-032,铜精矿,301.4,59416.26,17908060.76,华北,已完成
ORD-01793,2027-05-22,CUST-026,银精矿,46.4,3560875.59,165224627.38,西北,进行中
ORD-01794,2027-05-25,CUST-040,锌精矿,451.8,19648.60,8877237.48,华南,已完成
ORD-01795,2027-05-28,CUST-024,钼精矿,95.6,328308.02,31386246.71,西南,已完成
ORD-01796,2027-05-28,CUST-049,金矿石,154.1,441477.85,68031736.68,东北,已完成
ORD-01797,2027-05-28,CUST-030,铜精矿,276.9,48542.76,13441490.24,华东,已完成
ORD-01798,2027-05-28,CUST-007,银精矿,42.2,3759973.30,158670873.26,华北,已完成
ORD-01799,2027-05-28,CUST-015,锌精矿,355.1,21701.07,7706049.96,华南,已完成
ORD-01800,2027-05-28,CUST-042,钼精矿,92.0,292397.88,26900604.96,西南,已完成
ORD-01801,2026-07-05,CUST-012,金矿石,169.3,328012.30,55532482.39,华东,已完成
ORD-01802,2026-07-08,CUST-035,铜精矿,298.9,47623.42,14234640.24,华南,已完成
ORD-01803,2026-07-12,CUST-007,银精矿,51.5,4057040.40,208937580.60,华北,已完成
ORD-01804,2026-07-15,CUST-021,锌精矿,461.7,19168.83,8850248.81,西南,进行中
ORD-01805,2026-07-18,CUST-042,钼精矿,90.1,333248.00,30025644.80,华东,已完成
ORD-01806,2026-07-22,CUST-018,金矿石,188.0,397072.65,74649658.20,西北,已完成
ORD-01807,2026-07-25,CUST-003,铜精矿,157.2,47858.89,7523417.51,华南,已取消
ORD-01808,2026-08-01,CUST-029,银精矿,55.3,3690333.55,204075445.31,华东,已完成
ORD-01809,2026-08-05,CUST-015,锌精矿,446.3,20300.47,9060099.76,东北,已完成
ORD-01810,2026-08-08,CUST-037,钼精矿,85.1,360255.10,30657709.01,华北,已完成
ORD-01811,2026-08-12,CUST-008,金矿石,161.6,440247.30,71143963.68,华南,进行中
ORD-01812,2026-08-15,CUST-044,铜精矿,299.1,60472.59,18087351.67,西南,已完成
ORD-01813,2026-08-20,CUST-022,银精矿,30.9,4041104.00,124870113.60,华东,已完成
ORD-01814,2026-08-25,CUST-011,锌精矿,425.5,21191.18,9016847.09,华北,已完成
ORD-01815,2026-09-01,CUST-033,钼精矿,99.1,276659.36,27416942.58,西北,已完成
ORD-01816,2026-09-05,CUST-019,金矿石,265.7,366691.30,97429878.41,华东,已完成
ORD-01817,2026-09-08,CUST-046,铜精矿,360.0,56288.19,20263748.40,东北,已取消
ORD-01818,2026-09-12,CUST-005,银精矿,45.0,4799287.90,215967955.50,华南,已完成
ORD-01819,2026-09-15,CUST-027,锌精矿,494.0,19366.80,9567199.20,西南,已完成
ORD-01820,2026-09-18,CUST-014,钼精矿,65.7,354383.22,23282977.55,华北,进行中
ORD-01821,2026-09-22,CUST-039,金矿石,177.9,355615.85,63264059.71,华东,已完成
ORD-01822,2026-09-25,CUST-002,铜精矿,303.6,55317.66,16794441.58,华南,已完成
ORD-01823,2026-10-01,CUST-031,银精矿,42.4,3734894.12,158359510.69,西北,已完成
ORD-01824,2026-10-05,CUST-016,锌精矿,338.8,20538.80,6958545.44,华东,已完成
ORD-01825,2026-10-08,CUST-048,钼精矿,91.5,312289.52,28574491.08,东北,已完成
ORD-01826,2026-10-12,CUST-009,金矿石,198.5,371613.83,73765345.26,华北,已完成
ORD-01827,2026-10-15,CUST-025,铜精矿,333.5,49334.53,16453065.75,西南,进行中
ORD-01828,2026-10-18,CUST-041,银精矿,50.1,4231971.23,212021758.62,华南,已完成
ORD-01829,2026-10-22,CUST-006,锌精矿,506.2,15805.16,8000571.99,华东,已完成
ORD-01830,2026-10-25,CUST-034,钼精矿,90.1,322314.63,29040548.16,西北,已完成
ORD-01831,2026-11-01,CUST-020,金矿石,188.6,349270.56,65872427.62,东北,已完成
ORD-01832,2026-11-05,CUST-043,铜精矿,209.4,47717.18,9991977.49,华东,已取消
ORD-01833,2026-11-08,CUST-013,银精矿,60.2,4979674.44,299776401.29,华南,已完成
ORD-01834,2026-11-12,CUST-036,锌精矿,379.8,20759.58,7884488.48,华北,已完成
ORD-01835,2026-11-15,CUST-001,钼精矿,70.7,352784.78,24941883.95,西南,已完成
ORD-01836,2026-11-18,CUST-028,金矿石,255.1,370687.42,94562360.84,华东,进行中
ORD-01837,2026-11-22,CUST-047,铜精矿,242.0,45590.90,11032997.80,华南,已完成
ORD-01838,2026-11-25,CUST-010,银精矿,31.4,4433058.43,139198034.70,西北,已完成
ORD-01839,2026-12-01,CUST-023,锌精矿,338.7,16831.07,5700683.41,华东,已完成
ORD-01840,2026-12-05,CUST-038,钼精矿,78.6,309003.04,24287638.94,东北,已完成
ORD-01841,2026-12-08,CUST-017,金矿石,225.9,457017.43,103240237.44,华北,已完成
ORD-01842,2026-12-12,CUST-045,铜精矿,323.9,52322.07,16947118.47,西南,已完成
ORD-01843,2026-12-15,CUST-004,银精矿,51.1,4900498.72,250415484.59,华东,已完成
ORD-01844,2026-12-18,CUST-032,锌精矿,394.5,19472.42,7681869.69,华南,进行中
ORD-01845,2026-12-22,CUST-026,钼精矿,116.7,356411.12,41593177.70,华北,已完成
ORD-01846,2026-12-25,CUST-040,金矿石,163.2,433078.10,70678345.92,西南,已完成
ORD-01847,2027-01-01,CUST-024,铜精矿,257.4,46958.04,12086999.50,华东,已取消
ORD-01848,2027-01-05,CUST-049,银精矿,36.2,4130834.24,149536199.49,东北,已完成
ORD-01849,2027-01-08,CUST-030,锌精矿,367.0,17145.29,6292321.43,西北,已完成
ORD-01850,2027-01-12,CUST-007,钼精矿,74.9,338814.25,25377187.33,华南,已完成
ORD-01851,2027-01-15,CUST-015,金矿石,199.2,395789.04,78841176.77,华东,已完成
ORD-01852,2027-01-18,CUST-042,铜精矿,315.0,53085.24,16721850.60,华北,已完成
ORD-01853,2027-01-22,CUST-021,银精矿,42.5,3644381.08,154886195.90,西南,进行中
ORD-01854,2027-01-25,CUST-008,锌精矿,414.0,21112.83,8740711.62,华南,已完成
ORD-01855,2027-02-01,CUST-035,钼精矿,124.7,301631.36,37613430.59,华东,已完成
ORD-01856,2027-02-05,CUST-012,金矿石,151.8,392334.93,59556442.37,东北,已完成
ORD-01857,2027-02-08,CUST-044,铜精矿,257.1,54178.00,13929163.80,西北,已完成
ORD-01858,2027-02-12,CUST-003,银精矿,52.8,4722530.38,249349604.06,华东,已完成
ORD-01859,2027-02-15,CUST-018,锌精矿,409.0,21371.70,8741025.30,华北,已取消
ORD-01860,2027-02-18,CUST-029,钼精矿,80.2,288056.81,23102156.16,华南,已完成
ORD-01861,2027-02-22,CUST-046,金矿石,217.9,354131.60,77165275.64,西南,已完成
ORD-01862,2027-02-25,CUST-011,铜精矿,376.5,60130.27,22639046.65,华东,已完成
ORD-01863,2027-03-01,CUST-037,银精矿,59.1,4087664.85,241580992.64,华南,已完成
ORD-01864,2027-03-05,CUST-019,锌精矿,530.0,21234.68,11254380.40,西北,进行中
ORD-01865,2027-03-08,CUST-033,钼精矿,104.0,372646.30,38755215.20,东北,已完成
ORD-01866,2027-03-12,CUST-005,金矿石,260.2,360726.33,93860991.07,华北,已完成
ORD-01867,2027-03-15,CUST-027,铜精矿,237.0,54095.33,12820593.21,华东,已完成
ORD-01868,2027-03-18,CUST-048,银精矿,36.9,4276303.95,157795615.75,西南,已完成
ORD-01869,2027-03-22,CUST-014,锌精矿,378.0,18682.58,7062015.24,华南,已完成
ORD-01870,2027-03-25,CUST-039,钼精矿,118.3,355160.79,42015521.46,华东,已完成
ORD-01871,2027-04-01,CUST-002,金矿石,183.6,363239.18,66690713.45,华东,已完成
ORD-01872,2027-04-05,CUST-031,铜精矿,382.4,59553.85,22773392.24,东北,已取消
ORD-01873,2027-04-08,CUST-016,银精矿,55.1,4600129.30,253467124.43,华北,已完成
ORD-01874,2027-04-12,CUST-025,锌精矿,354.0,17746.20,6282154.80,西南,已完成
ORD-01875,2027-04-15,CUST-009,钼精矿,103.5,321313.84,33255982.44,华南,进行中
ORD-01876,2027-04-18,CUST-041,金矿石,260.9,434216.63,113287118.77,西北,已完成
ORD-01877,2027-04-22,CUST-006,铜精矿,218.9,46203.05,10113847.65,华东,已完成
ORD-01878,2027-04-25,CUST-034,银精矿,63.5,4525647.00,287378584.50,华南,已完成
ORD-01879,2027-05-01,CUST-020,锌精矿,432.9,21692.03,9390479.79,华北,已完成
ORD-01880,2027-05-05,CUST-043,钼精矿,89.7,337334.81,30258932.46,华东,已完成
ORD-01881,2027-05-08,CUST-013,金矿石,169.0,350556.62,59244068.78,东北,已完成
ORD-01882,2027-05-12,CUST-036,铜精矿,265.5,52610.18,13968002.79,西南,已完成
ORD-01883,2027-05-15,CUST-001,银精矿,61.5,4597180.65,282726609.98,华东,进行中
ORD-01884,2027-05-18,CUST-028,锌精矿,406.4,17606.27,7155188.13,华南,已完成
ORD-01885,2027-05-22,CUST-047,钼精矿,96.1,302726.97,29092061.82,西北,已完成
ORD-01886,2027-05-25,CUST-010,金矿石,198.8,336306.37,66857706.36,华北,已完成
ORD-01887,2027-06-01,CUST-023,铜精矿,281.0,49985.54,14045936.74,华东,已完成
ORD-01888,2027-06-05,CUST-038,银精矿,38.4,4810319.38,184716264.19,西南,已完成
ORD-01889,2027-06-08,CUST-017,锌精矿,354.1,20208.57,7155854.64,东北,已取消
ORD-01890,2027-06-12,CUST-045,钼精矿,73.9,287305.20,21231854.28,华南,已完成
ORD-01891,2027-06-15,CUST-004,金矿石,253.4,419655.51,106340706.23,华东,已完成
ORD-01892,2027-06-18,CUST-032,铜精矿,306.9,49104.10,15070048.29,华北,已完成
ORD-01893,2027-06-22,CUST-026,银精矿,53.5,4674002.88,250059154.08,西北,进行中
ORD-01894,2027-06-25,CUST-040,锌精矿,439.7,21710.97,9546313.51,华南,已完成
ORD-01895,2027-06-28,CUST-024,钼精矿,108.0,287120.96,31009063.68,西南,已完成
ORD-01896,2027-06-28,CUST-049,金矿石,150.4,337993.79,50834266.02,东北,已完成
ORD-01897,2027-06-28,CUST-030,铜精矿,317.3,45428.03,14414313.92,华东,已完成
ORD-01898,2027-06-28,CUST-007,银精矿,31.2,3856438.40,120320878.08,华北,已完成
ORD-01899,2027-06-28,CUST-015,锌精矿,434.5,20171.31,8764434.20,华南,已完成
ORD-01900,2027-06-28,CUST-042,钼精矿,103.6,324876.28,33657182.61,西南,已完成
ORD-01901,2026-08-05,CUST-012,金矿石,142.8,349267.77,49875437.56,华东,已完成
ORD-01902,2026-08-08,CUST-035,铜精矿,284.1,52000.94,14773467.05,华南,已完成
ORD-01903,2026-08-12,CUST-007,银精矿,39.4,3929667.00,154828879.80,华北,已完成
ORD-01904,2026-08-15,CUST-021,锌精矿,521.8,16926.46,8832226.83,西南,进行中
ORD-01905,2026-08-18,CUST-042,钼精矿,93.4,299213.12,27946505.41,华东,已完成
ORD-01906,2026-08-22,CUST-018,金矿石,220.5,349389.30,77040340.65,西北,已完成
ORD-01907,2026-08-25,CUST-003,铜精矿,210.4,54115.07,11385810.73,华南,已取消
ORD-01908,2026-09-01,CUST-029,银精矿,65.0,3822764.20,248479673.00,华东,已完成
ORD-01909,2026-09-05,CUST-015,锌精矿,478.4,19650.91,9400995.34,东北,已完成
ORD-01910,2026-09-08,CUST-037,钼精矿,81.3,371471.31,30200617.50,华北,已完成
ORD-01911,2026-09-12,CUST-008,金矿石,159.6,411066.99,65606291.60,华南,进行中
ORD-01912,2026-09-15,CUST-044,铜精矿,251.6,59559.96,14985285.94,西南,已完成
ORD-01913,2026-09-20,CUST-022,银精矿,32.4,4394674.25,142387445.70,华东,已完成
ORD-01914,2026-09-25,CUST-011,锌精矿,327.4,16648.45,5450702.53,华北,已完成
ORD-01915,2026-10-01,CUST-033,钼精矿,108.4,299420.85,32457220.14,西北,已完成
ORD-01916,2026-10-05,CUST-019,金矿石,257.9,441500.19,113862899.00,华东,已完成
ORD-01917,2026-10-08,CUST-046,铜精矿,333.7,54779.18,18279812.37,东北,已取消
ORD-01918,2026-10-12,CUST-005,银精矿,47.5,4356638.44,206940325.90,华南,已完成
ORD-01919,2026-10-15,CUST-027,锌精矿,513.2,19115.64,9810146.45,西南,已完成
ORD-01920,2026-10-18,CUST-014,钼精矿,61.3,289681.50,17757475.95,华北,进行中
ORD-01921,2026-10-22,CUST-039,金矿石,188.9,410492.84,77542097.48,华东,已完成
ORD-01922,2026-10-25,CUST-002,铜精矿,285.0,62956.98,17942739.30,华南,已完成
ORD-01923,2026-11-01,CUST-031,银精矿,40.4,3738375.62,151030375.05,西北,已完成
ORD-01924,2026-11-05,CUST-016,锌精矿,407.6,20193.89,8231029.56,华东,已完成
ORD-01925,2026-11-08,CUST-048,钼精矿,90.8,306489.14,27829213.91,东北,已完成
ORD-01926,2026-11-12,CUST-009,金矿石,225.7,356220.55,80398978.13,华北,已完成
ORD-01927,2026-11-15,CUST-025,铜精矿,335.4,46070.21,15451948.43,西南,进行中
ORD-01928,2026-11-18,CUST-041,银精矿,62.6,3781625.84,236729777.58,华南,已完成
ORD-01929,2026-11-22,CUST-006,锌精矿,547.7,17209.61,9425703.40,华东,已完成
ORD-01930,2026-11-25,CUST-034,钼精矿,91.1,355089.83,32348683.51,西北,已完成
ORD-01931,2026-12-01,CUST-020,金矿石,177.3,393611.53,69787324.27,东北,已完成
ORD-01932,2026-12-05,CUST-043,铜精矿,279.6,51339.39,14354493.44,华东,已取消
ORD-01933,2026-12-08,CUST-013,银精矿,72.2,4648148.19,335596299.32,华南,已完成
ORD-01934,2026-12-12,CUST-036,锌精矿,436.9,21772.69,9512488.26,华北,已完成
ORD-01935,2026-12-15,CUST-001,钼精矿,77.1,341693.91,26344600.46,西南,已完成
ORD-01936,2026-12-18,CUST-028,金矿石,249.9,407091.41,101732143.36,华东,进行中
ORD-01937,2026-12-22,CUST-047,铜精矿,295.6,62054.84,18343410.70,华南,已完成
ORD-01938,2026-12-25,CUST-010,银精矿,27.5,4111713.34,113072116.85,西北,已完成
ORD-01939,2027-01-01,CUST-023,锌精矿,372.3,15910.97,5923654.13,华东,已完成
ORD-01940,2027-01-05,CUST-038,钼精矿,89.9,276103.20,24821677.68,东北,已完成
ORD-01941,2027-01-08,CUST-017,金矿石,245.7,412973.68,101467633.18,华北,已完成
ORD-01942,2027-01-12,CUST-045,铜精矿,318.0,47029.04,14955234.72,西南,已完成
ORD-01943,2027-01-15,CUST-004,银精矿,54.3,4154025.52,225563585.74,华东,已完成
ORD-01944,2027-01-18,CUST-032,锌精矿,437.3,21644.85,9465292.90,华南,进行中
ORD-01945,2027-01-22,CUST-026,钼精矿,110.8,367933.50,40767031.80,华北,已完成
ORD-01946,2027-01-25,CUST-040,金矿石,185.0,400300.06,74055511.10,西南,已完成
ORD-01947,2027-02-01,CUST-024,铜精矿,285.1,45737.90,13039875.29,华东,已取消
ORD-01948,2027-02-05,CUST-049,银精矿,44.5,3984631.04,177316081.28,东北,已完成
ORD-01949,2027-02-08,CUST-030,锌精矿,396.9,19892.67,7895400.72,西北,已完成
ORD-01950,2027-02-12,CUST-007,钼精矿,78.0,293041.80,22857260.40,华南,已完成
ORD-01951,2027-02-15,CUST-015,金矿石,216.6,340314.73,73712170.52,华东,已完成
ORD-01952,2027-02-18,CUST-042,铜精矿,332.9,56902.26,18942762.35,华北,已完成
ORD-01953,2027-02-22,CUST-021,银精矿,41.5,4418648.04,183373893.66,西南,进行中
ORD-01954,2027-02-25,CUST-008,锌精矿,416.0,16012.50,6661200.00,华南,已完成
ORD-01955,2027-03-01,CUST-035,钼精矿,131.5,374210.24,49208646.56,华东,已完成
ORD-01956,2027-03-05,CUST-012,金矿石,155.2,374072.90,58056114.08,东北,已完成
ORD-01957,2027-03-08,CUST-044,铜精矿,276.0,60356.86,16658493.36,西北,已完成
ORD-01958,2027-03-12,CUST-003,银精矿,67.3,4055209.49,272915598.68,华东,已完成
ORD-01959,2027-03-15,CUST-018,锌精矿,409.1,20176.65,8254267.52,华北,已取消
ORD-01960,2027-03-18,CUST-029,钼精矿,89.7,324622.84,29118668.75,华南,已完成
ORD-01961,2027-03-22,CUST-046,金矿石,171.9,351177.69,60367444.91,西南,已完成
ORD-01962,2027-03-25,CUST-011,铜精矿,356.7,50399.30,17977430.31,华东,已完成
ORD-01963,2027-04-01,CUST-037,银精矿,51.2,4651973.27,238181031.42,华南,已完成
ORD-01964,2027-04-05,CUST-019,锌精矿,534.5,19818.53,10593004.29,西北,进行中
ORD-01965,2027-04-08,CUST-033,钼精矿,98.0,342026.42,33518589.16,东北,已完成
ORD-01966,2027-04-12,CUST-005,金矿石,253.4,355868.12,90176981.61,华北,已完成
ORD-01967,2027-04-15,CUST-027,铜精矿,233.0,56834.17,13242361.61,华东,已完成
ORD-01968,2027-04-18,CUST-048,银精矿,33.0,4395794.48,145061217.84,西南,已完成
ORD-01969,2027-04-22,CUST-014,锌精矿,461.4,17028.39,7856899.15,华南,已完成
ORD-01970,2027-04-25,CUST-039,钼精矿,135.5,335180.46,45416952.33,华东,已完成
ORD-01971,2027-05-01,CUST-002,金矿石,232.1,420821.39,97672644.62,华东,已完成
ORD-01972,2027-05-05,CUST-031,铜精矿,358.5,56048.36,20093337.06,东北,已取消
ORD-01973,2027-05-08,CUST-016,银精矿,49.4,4139608.52,204496660.89,华北,已完成
ORD-01974,2027-05-12,CUST-025,锌精矿,312.8,17929.71,5608413.29,西南,已完成
ORD-01975,2027-05-15,CUST-009,钼精矿,93.8,340140.43,31905172.33,华南,进行中
ORD-01976,2027-05-18,CUST-041,金矿石,233.4,344343.98,80369884.93,西北,已完成
ORD-01977,2027-05-22,CUST-006,铜精矿,248.0,59050.68,14644568.64,华东,已完成
ORD-01978,2027-05-25,CUST-034,银精矿,51.3,4573186.80,234604482.84,华南,已完成
ORD-01979,2027-06-01,CUST-020,锌精矿,513.5,19851.37,10193678.49,华北,已完成
ORD-01980,2027-06-05,CUST-043,钼精矿,80.3,271617.17,21810858.75,华东,已完成
ORD-01981,2027-06-08,CUST-013,金矿石,212.3,456054.59,96820389.46,东北,已完成
ORD-01982,2027-06-12,CUST-036,铜精矿,280.6,54033.31,15161746.79,西南,已完成
ORD-01983,2027-06-15,CUST-001,银精矿,72.0,4408391.12,317404160.64,华东,进行中
ORD-01984,2027-06-18,CUST-028,锌精矿,339.0,21986.40,7453389.60,华南,已完成
ORD-01985,2027-06-22,CUST-047,钼精矿,110.3,370383.75,40853327.62,西北,已完成
ORD-01986,2027-06-25,CUST-010,金矿石,230.4,386370.76,89019823.10,华北,已完成
ORD-01987,2027-07-01,CUST-023,铜精矿,290.8,58463.40,17001156.72,华东,已完成
ORD-01988,2027-07-05,CUST-038,银精矿,51.9,3863204.70,200500323.93,西南,已完成
ORD-01989,2027-07-08,CUST-017,锌精矿,357.7,21243.85,7598925.14,东北,已取消
ORD-01990,2027-07-12,CUST-045,钼精矿,83.3,299165.68,24920501.14,华南,已完成
ORD-01991,2027-07-15,CUST-004,金矿石,253.7,423087.92,107337405.30,华东,已完成
ORD-01992,2027-07-18,CUST-032,铜精矿,237.1,60186.98,14270332.96,华北,已完成
ORD-01993,2027-07-22,CUST-026,银精矿,53.0,3957467.61,209745783.33,西北,进行中
ORD-01994,2027-07-25,CUST-040,锌精矿,422.5,19735.99,8338455.78,华南,已完成
ORD-01995,2027-07-28,CUST-024,钼精矿,104.2,353768.34,36862661.03,西南,已完成
ORD-01996,2027-07-28,CUST-049,金矿石,150.9,448273.51,67644472.66,东北,已完成
ORD-01997,2027-07-28,CUST-030,铜精矿,279.1,52233.13,14578266.58,华东,已完成
ORD-01998,2027-07-28,CUST-007,银精矿,31.3,4185430.75,131003982.48,华北,已完成
ORD-01999,2027-07-28,CUST-015,锌精矿,437.2,16915.28,7395360.42,华南,已完成
ORD-02000,2027-07-28,CUST-042,钼精矿,105.0,328566.27,34499458.35,西南,已完成
ORD-02001,2026-09-05,CUST-012,金矿石,151.7,429067.87,65089595.88,华东,已完成
ORD-02002,2026-09-08,CUST-035,铜精矿,294.5,52726.80,15528042.60,华南,已完成
ORD-02003,2026-09-12,CUST-007,银精矿,45.2,4852881.60,219350248.32,华北,已完成
ORD-02004,2026-09-15,CUST-021,锌精矿,470.0,19570.54,9198153.80,西南,进行中
ORD-02005,2026-09-18,CUST-042,钼精矿,71.2,295928.96,21070141.95,华东,已完成
ORD-02006,2026-09-22,CUST-018,金矿石,170.0,449968.35,76494619.50,西北,已完成
ORD-02007,2026-09-25,CUST-003,铜精矿,211.0,57313.99,12093251.89,华南,已取消
ORD-02008,2026-10-01,CUST-029,银精矿,63.5,3883433.05,246597998.67,华东,已完成
ORD-02009,2026-10-05,CUST-015,锌精矿,478.0,21423.39,10240380.42,东北,已完成
ORD-02010,2026-10-08,CUST-037,钼精矿,90.4,324974.48,29377692.99,华北,已完成
ORD-02011,2026-10-12,CUST-008,金矿石,169.3,361758.78,61245761.45,华南,进行中
ORD-02012,2026-10-15,CUST-044,铜精矿,269.3,57457.67,15473350.53,西南,已完成
ORD-02013,2026-10-20,CUST-022,银精矿,39.4,4781904.50,188407037.30,华东,已完成
ORD-02014,2026-10-25,CUST-011,锌精矿,354.5,16397.41,5812881.84,华北,已完成
ORD-02015,2026-11-01,CUST-033,钼精矿,117.5,330703.46,38857656.55,西北,已完成
ORD-02016,2026-11-05,CUST-019,金矿石,248.1,438123.90,108698539.59,华东,已完成
ORD-02017,2026-11-08,CUST-046,铜精矿,299.7,50581.33,15159224.60,东北,已取消
ORD-02018,2026-11-12,CUST-005,银精矿,42.5,4867430.26,206865786.05,华南,已完成
ORD-02019,2026-11-15,CUST-027,锌精矿,415.5,18546.06,7705887.93,西南,已完成
ORD-02020,2026-11-18,CUST-014,钼精矿,60.1,293708.76,17651896.48,华北,进行中
ORD-02021,2026-11-22,CUST-039,金矿石,218.4,447796.93,97798849.51,华东,已完成
ORD-02022,2026-11-25,CUST-002,铜精矿,289.1,52122.11,15068502.00,华南,已完成
ORD-02023,2026-12-01,CUST-031,银精矿,34.0,3669998.96,124779964.64,西北,已完成
ORD-02024,2026-12-05,CUST-016,锌精矿,319.1,16727.99,5337901.61,华东,已完成
ORD-02025,2026-12-08,CUST-048,钼精矿,95.6,293109.32,28021250.99,东北,已完成
ORD-02026,2026-12-12,CUST-009,金矿石,214.6,370349.33,79476966.22,华北,已完成
ORD-02027,2026-12-15,CUST-025,铜精矿,283.1,50984.78,14433791.22,西南,进行中
ORD-02028,2026-12-18,CUST-041,银精矿,61.7,4544184.89,280376207.71,华南,已完成
ORD-02029,2026-12-22,CUST-006,锌精矿,458.1,18254.60,8362432.26,华东,已完成
ORD-02030,2026-12-25,CUST-034,钼精矿,85.3,287088.84,24488678.05,西北,已完成
ORD-02031,2027-01-01,CUST-020,金矿石,187.0,408145.59,76323225.33,东北,已完成
ORD-02032,2027-01-05,CUST-043,铜精矿,247.9,58660.75,14541999.93,华东,已取消
ORD-02033,2027-01-08,CUST-013,银精矿,60.8,4754376.18,289066071.74,华南,已完成
ORD-02034,2027-01-12,CUST-036,锌精矿,389.6,21835.74,8507204.30,华北,已完成
ORD-02035,2027-01-15,CUST-001,钼精矿,72.8,297510.50,21658764.40,西南,已完成
ORD-02036,2027-01-18,CUST-028,金矿石,257.0,379221.03,97459804.71,华东,进行中
ORD-02037,2027-01-22,CUST-047,铜精矿,244.7,55435.46,13565057.06,华南,已完成
ORD-02038,2027-01-25,CUST-010,银精矿,30.3,4259395.93,129059696.68,西北,已完成
ORD-02039,2027-02-01,CUST-023,锌精矿,347.3,19331.02,6713663.25,华东,已完成
ORD-02040,2027-02-05,CUST-038,钼精矿,85.4,340490.65,29077901.51,东北,已完成
ORD-02041,2027-02-08,CUST-017,金矿石,187.7,357633.37,67127783.55,华北,已完成
ORD-02042,2027-02-12,CUST-045,铜精矿,340.5,59158.42,20143442.01,西南,已完成
ORD-02043,2027-02-15,CUST-004,银精矿,52.9,3841304.32,203204998.53,华东,已完成
ORD-02044,2027-02-18,CUST-032,锌精矿,476.2,20176.56,9608077.87,华南,进行中
ORD-02045,2027-02-22,CUST-026,钼精矿,111.7,316866.23,35393957.89,华北,已完成
ORD-02046,2027-02-25,CUST-040,金矿石,169.7,405591.87,68828940.34,西南,已完成
ORD-02047,2027-03-01,CUST-024,铜精矿,262.7,61167.87,16068799.45,华东,已取消
ORD-02048,2027-03-05,CUST-049,银精矿,47.7,3933425.60,187624401.12,东北,已完成
ORD-02049,2027-03-08,CUST-030,锌精矿,334.0,20605.40,6882203.60,西北,已完成
ORD-02050,2027-03-12,CUST-007,钼精矿,101.6,324764.96,32996119.94,华南,已完成
ORD-02051,2027-03-15,CUST-015,金矿石,229.4,354122.41,81235680.85,华东,已完成
ORD-02052,2027-03-18,CUST-042,铜精矿,345.4,48311.78,16686888.81,华北,已完成
ORD-02053,2027-03-22,CUST-021,银精矿,36.0,3976901.95,143168470.20,西南,进行中
ORD-02054,2027-03-25,CUST-008,锌精矿,394.7,16367.46,6460236.46,华南,已完成
ORD-02055,2027-04-01,CUST-035,钼精矿,133.3,272042.24,36263230.59,华东,已完成
ORD-02056,2027-04-05,CUST-012,金矿石,171.2,411965.64,70528517.57,东北,已完成
ORD-02057,2027-04-08,CUST-044,铜精矿,285.7,52667.49,15047101.89,西北,已完成
ORD-02058,2027-04-12,CUST-003,银精矿,65.8,4604580.12,302981371.90,华东,已完成
ORD-02059,2027-04-15,CUST-018,锌精矿,405.0,16137.52,6535695.60,华北,已取消
ORD-02060,2027-04-18,CUST-029,钼精矿,72.6,349459.16,25370735.02,华南,已完成
ORD-02061,2027-04-22,CUST-046,金矿石,183.9,348019.17,64000725.36,西南,已完成
ORD-02062,2027-04-25,CUST-011,铜精矿,375.9,53621.65,20156378.23,华东,已完成
ORD-02063,2027-05-01,CUST-037,银精矿,55.5,3844804.98,213386676.39,华南,已完成
ORD-02064,2027-05-05,CUST-019,锌精矿,449.8,17370.93,7813444.31,西北,进行中
ORD-02065,2027-05-08,CUST-033,钼精矿,105.6,350702.95,37034231.52,东北,已完成
ORD-02066,2027-05-12,CUST-005,金矿石,240.4,353896.48,85076713.79,华北,已完成
ORD-02067,2027-05-15,CUST-027,铜精矿,205.6,47187.18,9701684.21,华东,已完成
ORD-02068,2027-05-18,CUST-048,银精矿,35.2,4900449.78,172495832.26,西南,已完成
ORD-02069,2027-05-22,CUST-014,锌精矿,411.7,17642.81,7263544.88,华南,已完成
ORD-02070,2027-05-25,CUST-039,钼精矿,128.3,295648.03,37931642.25,华东,已完成
ORD-02071,2027-06-01,CUST-002,金矿石,184.8,409516.83,75678710.18,华东,已完成
ORD-02072,2027-06-05,CUST-031,铜精矿,386.9,61949.47,23968249.94,东北,已取消
ORD-02073,2027-06-08,CUST-016,银精矿,41.8,4348327.75,181760099.95,华北,已完成
ORD-02074,2027-06-12,CUST-025,锌精矿,393.6,19954.48,7854083.33,西南,已完成
ORD-02075,2027-06-15,CUST-009,钼精矿,100.6,352113.24,35422591.94,华南,进行中
ORD-02076,2027-06-18,CUST-041,金矿石,236.0,412634.72,97381793.92,西北,已完成
ORD-02077,2027-06-22,CUST-006,铜精矿,240.5,49911.75,12003775.88,华东,已完成
ORD-02078,2027-06-25,CUST-034,银精矿,65.4,4332438.60,283341484.44,华南,已完成
ORD-02079,2027-07-01,CUST-020,锌精矿,518.8,15830.01,8212609.19,华北,已完成
ORD-02080,2027-07-05,CUST-043,钼精矿,76.2,274263.59,20898885.56,华东,已完成
ORD-02081,2027-07-08,CUST-013,金矿石,204.9,408291.05,83658836.14,东北,已完成
ORD-02082,2027-07-12,CUST-036,铜精矿,288.2,57669.82,16620442.12,西南,已完成
ORD-02083,2027-07-15,CUST-001,银精矿,59.0,3604758.12,212680729.08,华东,进行中
ORD-02084,2027-07-18,CUST-028,锌精矿,371.4,19993.41,7425552.47,华南,已完成
ORD-02085,2027-07-22,CUST-047,钼精矿,92.6,378797.09,35076610.53,西北,已完成
ORD-02086,2027-07-25,CUST-010,金矿石,251.0,381113.68,95659533.68,华北,已完成
ORD-02087,2027-08-01,CUST-023,铜精矿,322.5,53661.10,17305704.75,华东,已完成
ORD-02088,2027-08-05,CUST-038,银精矿,41.9,3719057.23,155828497.94,西南,已完成
ORD-02089,2027-08-08,CUST-017,锌精矿,441.2,17557.54,7746386.65,东北,已取消
ORD-02090,2027-08-12,CUST-045,钼精矿,92.5,297019.91,27474341.67,华南,已完成
ORD-02091,2027-08-15,CUST-004,金矿石,221.4,340049.44,75286946.02,华东,已完成
ORD-02092,2027-08-18,CUST-032,铜精矿,304.7,46476.81,14161484.01,华北,已完成
ORD-02093,2027-08-22,CUST-026,银精矿,49.7,4561988.34,226730820.50,西北,进行中
ORD-02094,2027-08-25,CUST-040,锌精矿,372.0,16283.93,6057621.96,华南,已完成
ORD-02095,2027-08-28,CUST-024,钼精矿,113.8,319454.53,36353925.51,西南,已完成
ORD-02096,2027-08-28,CUST-049,金矿石,143.3,432794.51,62019453.28,东北,已完成
ORD-02097,2027-08-28,CUST-030,铜精矿,272.4,61904.27,16862723.15,华东,已完成
ORD-02098,2027-08-28,CUST-007,银精矿,39.6,4309978.85,170675162.46,华北,已完成
ORD-02099,2027-08-28,CUST-015,锌精矿,384.4,18554.01,7132161.44,华南,已完成
ORD-02100,2027-08-28,CUST-042,钼精矿,104.5,295636.03,30893965.14,西南,已完成
ORD-02101,2026-10-05,CUST-012,金矿石,150.6,444631.49,66961502.39,华东,已完成
ORD-02102,2026-10-08,CUST-035,铜精矿,363.5,49608.83,18032809.71,华南,已完成
ORD-02103,2026-10-12,CUST-007,银精矿,47.1,4867434.60,229256169.66,华北,已完成
ORD-02104,2026-10-15,CUST-021,锌精矿,508.9,19018.04,9678280.56,西南,进行中
ORD-02105,2026-10-18,CUST-042,钼精矿,83.3,338264.00,28177391.20,华东,已完成
ORD-02106,2026-10-22,CUST-018,金矿石,217.9,415463.88,90529579.45,西北,已完成
ORD-02107,2026-10-25,CUST-003,铜精矿,155.9,50137.84,7816489.26,华南,已取消
ORD-02108,2026-11-01,CUST-029,银精矿,51.8,4077217.30,211199856.14,华东,已完成
ORD-02109,2026-11-05,CUST-015,锌精矿,421.1,20495.89,8630819.28,东北,已完成
ORD-02110,2026-11-08,CUST-037,钼精矿,99.3,296107.56,29403480.71,华北,已完成
ORD-02111,2026-11-12,CUST-008,金矿石,189.5,332578.47,63023620.06,华南,进行中
ORD-02112,2026-11-15,CUST-044,铜精矿,265.1,45994.55,12193155.21,西南,已完成
ORD-02113,2026-11-20,CUST-022,银精矿,39.5,4962686.75,196026126.62,华东,已完成
ORD-02114,2026-11-25,CUST-011,锌精矿,325.9,21135.33,6888004.05,华北,已完成
ORD-02115,2026-12-01,CUST-033,钼精矿,115.1,280930.42,32335091.34,西北,已完成
ORD-02116,2026-12-05,CUST-019,金矿石,272.4,370326.32,100876889.57,华东,已完成
ORD-02117,2026-12-08,CUST-046,铜精矿,365.3,53867.89,19677940.22,东北,已取消
ORD-02118,2026-12-12,CUST-005,银精矿,47.4,4184213.44,198331717.06,华南,已完成
ORD-02119,2026-12-15,CUST-027,锌精矿,417.8,17662.99,7379597.22,西南,已完成
ORD-02120,2026-12-18,CUST-014,钼精矿,80.2,359919.36,28865532.67,华北,进行中
ORD-02121,2026-12-22,CUST-039,金矿石,212.7,366177.47,77885947.87,华东,已完成
ORD-02122,2026-12-25,CUST-002,铜精矿,310.6,62586.23,19439283.04,华南,已完成
ORD-02123,2027-01-01,CUST-031,银精矿,43.8,3911893.58,171340938.80,西北,已完成
ORD-02124,2027-01-05,CUST-016,锌精矿,344.6,16383.09,5645612.81,华东,已完成
ORD-02125,2027-01-08,CUST-048,钼精矿,86.2,327227.33,28206995.85,东北,已完成
ORD-02126,2027-01-12,CUST-009,金矿石,200.5,441664.22,88553676.11,华北,已完成
ORD-02127,2027-01-15,CUST-025,铜精矿,320.8,48602.43,15591659.54,西南,进行中
ORD-02128,2027-01-18,CUST-041,银精矿,50.2,4273037.42,214506478.48,华南,已完成
ORD-02129,2027-01-22,CUST-006,锌精矿,465.1,18998.42,8836165.14,华东,已完成
ORD-02130,2027-01-25,CUST-034,钼精矿,113.5,308685.23,35035773.60,西北,已完成
ORD-02131,2027-02-01,CUST-020,金矿石,162.9,430271.50,70091227.35,东北,已完成
ORD-02132,2027-02-05,CUST-043,铜精矿,244.0,56457.34,13775590.96,华东,已取消
ORD-02133,2027-02-08,CUST-013,银精矿,56.5,4746698.73,268188478.25,华南,已完成
ORD-02134,2027-02-12,CUST-036,锌精矿,395.7,17001.59,6727529.16,华北,已完成
ORD-02135,2027-02-15,CUST-001,钼精矿,65.8,281673.97,18534147.23,西南,已完成
ORD-02136,2027-02-18,CUST-028,金矿石,263.4,378896.80,99801417.12,华东,进行中
ORD-02137,2027-02-22,CUST-047,铜精矿,247.3,46753.08,11562036.68,华南,已完成
ORD-02138,2027-02-25,CUST-010,银精矿,25.8,4180344.76,107852894.81,西北,已完成
ORD-02139,2027-03-01,CUST-023,锌精矿,390.6,16953.54,6622052.72,华东,已完成
ORD-02140,2027-03-05,CUST-038,钼精矿,96.2,312946.84,30105486.01,东北,已完成
ORD-02141,2027-03-08,CUST-017,金矿石,199.0,427992.97,85170601.03,华北,已完成
ORD-02142,2027-03-12,CUST-045,铜精矿,295.3,52034.28,15365722.88,西南,已完成
ORD-02143,2027-03-15,CUST-004,银精矿,54.2,4502986.00,244061841.20,华东,已完成
ORD-02144,2027-03-18,CUST-032,锌精矿,357.2,21230.29,7583459.59,华南,进行中
ORD-02145,2027-03-22,CUST-026,钼精矿,123.0,322931.20,39720537.60,华北,已完成
ORD-02146,2027-03-25,CUST-040,金矿石,193.8,345353.61,66929529.62,西南,已完成
ORD-02147,2027-04-01,CUST-024,铜精矿,316.5,52391.63,16581950.89,华东,已取消
ORD-02148,2027-04-05,CUST-049,银精矿,44.5,3850920.32,171365954.24,东北,已完成
ORD-02149,2027-04-08,CUST-030,锌精矿,411.7,18857.18,7763501.01,西北,已完成
ORD-02150,2027-04-12,CUST-007,钼精矿,82.8,338525.57,28029917.20,华南,已完成
ORD-02151,2027-04-15,CUST-015,金矿石,258.4,383981.36,99220783.42,华东,已完成
ORD-02152,2027-04-18,CUST-042,铜精矿,312.5,46435.39,14511059.38,华北,已完成
ORD-02153,2027-04-22,CUST-021,银精矿,37.8,4822047.62,182273400.04,西南,进行中
ORD-02154,2027-04-25,CUST-008,锌精矿,477.3,18768.15,8958038.00,华南,已完成
ORD-02155,2027-05-01,CUST-035,钼精矿,127.2,286329.92,36421165.82,华东,已完成
ORD-02156,2027-05-05,CUST-012,金矿石,157.8,367842.17,58045494.43,东北,已完成
ORD-02157,2027-05-08,CUST-044,铜精矿,289.9,53872.18,15617544.98,西北,已完成
ORD-02158,2027-05-12,CUST-003,银精矿,68.0,4150402.28,282227355.04,华东,已完成
ORD-02159,2027-05-15,CUST-018,锌精矿,320.2,19835.21,6351234.24,华北,已取消
ORD-02160,2027-05-18,CUST-029,钼精矿,81.9,315730.96,25858365.62,华南,已完成
ORD-02161,2027-05-22,CUST-046,金矿石,180.6,338518.06,61136361.64,西南,已完成
ORD-02162,2027-05-25,CUST-011,铜精矿,307.9,48464.12,14922102.55,华东,已完成
ORD-02163,2027-06-01,CUST-037,银精矿,54.9,4551546.67,249879912.18,华南,已完成
ORD-02164,2027-06-05,CUST-019,锌精矿,391.6,18737.55,7337624.58,西北,进行中
ORD-02165,2027-06-08,CUST-033,钼精矿,97.1,284905.07,27664282.30,东北,已完成
ORD-02166,2027-06-12,CUST-005,金矿石,251.8,340997.10,85863069.78,华北,已完成
ORD-02167,2027-06-15,CUST-027,铜精矿,253.6,55482.80,14070438.08,华东,已完成
ORD-02168,2027-06-18,CUST-048,银精矿,29.8,3870595.19,115343736.66,西南,已完成
ORD-02169,2027-06-22,CUST-014,锌精矿,424.3,19445.54,8250742.62,华南,已完成
ORD-02170,2027-06-25,CUST-039,钼精矿,113.4,361229.05,40963374.27,华东,已完成
ORD-02171,2027-07-01,CUST-002,金矿石,185.6,460484.26,85465878.66,华东,已完成
ORD-02172,2027-07-05,CUST-031,铜精矿,309.3,46624.18,14420858.87,东北,已取消
ORD-02173,2027-07-08,CUST-016,银精矿,52.1,4064040.17,211736492.86,华北,已完成
ORD-02174,2027-07-12,CUST-025,锌精矿,301.4,17062.57,5142658.60,西南,已完成
ORD-02175,2027-07-15,CUST-009,钼精矿,91.5,282564.50,25854651.75,华南,进行中
ORD-02176,2027-07-18,CUST-041,金矿石,306.9,450331.63,138206777.25,西北,已完成
ORD-02177,2027-07-22,CUST-006,铜精矿,222.6,57065.21,12702715.75,华东,已完成
ORD-02178,2027-07-25,CUST-034,银精矿,51.7,4697095.20,242839821.84,华南,已完成
ORD-02179,2027-08-01,CUST-020,锌精矿,433.3,20406.92,8842318.44,华北,已完成
ORD-02180,2027-08-05,CUST-043,钼精矿,72.1,338441.88,24401659.55,华东,已完成
ORD-02181,2027-08-08,CUST-013,金矿石,173.5,406317.78,70496134.83,东北,已完成
ORD-02182,2027-08-12,CUST-036,铜精矿,259.9,47998.40,12474784.16,西南,已完成
ORD-02183,2027-08-15,CUST-001,银精矿,57.9,4399276.19,254718091.40,华东,进行中
ORD-02184,2027-08-18,CUST-028,锌精矿,391.1,18433.54,7209357.49,华南,已完成
ORD-02185,2027-08-22,CUST-047,钼精矿,123.0,334417.55,41133358.65,西北,已完成
ORD-02186,2027-08-25,CUST-010,金矿石,263.6,345213.85,90998370.86,华北,已完成
ORD-02187,2027-09-01,CUST-023,铜精矿,346.3,53394.02,18490349.13,华东,已完成
ORD-02188,2027-09-05,CUST-038,银精矿,43.5,4569513.27,198773827.24,西南,已完成
ORD-02189,2027-09-08,CUST-017,锌精矿,360.8,19175.73,6918603.38,东北,已取消
ORD-02190,2027-09-12,CUST-045,钼精矿,96.7,358073.09,34625667.80,华南,已完成
ORD-02191,2027-09-15,CUST-004,金矿石,251.5,372288.21,93630484.82,华东,已完成
ORD-02192,2027-09-18,CUST-032,铜精矿,244.7,47338.30,11583682.01,华北,已完成
ORD-02193,2027-09-22,CUST-026,银精矿,55.3,4281401.55,236761505.71,西北,进行中
ORD-02194,2027-09-25,CUST-040,锌精矿,373.2,18060.73,6740264.44,华南,已完成
ORD-02195,2027-09-28,CUST-024,钼精矿,110.3,340336.19,37539081.76,西南,已完成
ORD-02196,2027-09-28,CUST-049,金矿石,140.5,402057.83,56489125.12,东北,已完成
ORD-02197,2027-09-28,CUST-030,铜精矿,312.5,60111.25,18784765.62,华东,已完成
ORD-02198,2027-09-28,CUST-007,银精矿,34.0,4719850.24,160474908.16,华北,已完成
ORD-02199,2027-09-28,CUST-015,锌精矿,440.4,16071.74,7077994.30,华南,已完成
ORD-02200,2027-09-28,CUST-042,钼精矿,110.9,353718.48,39227379.43,西南,已完成
ORD-02201,2026-11-05,CUST-012,金矿石,159.8,359469.88,57443286.82,华东,已完成
ORD-02202,2026-11-08,CUST-035,铜精矿,310.7,58228.30,18091532.81,华南,已完成
ORD-02203,2026-11-12,CUST-007,银精矿,51.3,4474503.60,229542034.68,华北,已完成
ORD-02204,2026-11-15,CUST-021,锌精矿,495.8,15859.92,7863348.34,西南,进行中
ORD-02205,2026-11-18,CUST-042,钼精矿,72.7,357113.60,25962158.72,华东,已完成
ORD-02206,2026-11-22,CUST-018,金矿石,216.9,437175.57,94823381.13,西北,已完成
ORD-02207,2026-11-25,CUST-003,铜精矿,195.4,56526.94,11045364.08,华南,已取消
ORD-02208,2026-12-01,CUST-029,银精矿,53.0,3965876.95,210191478.35,华东,已完成
ORD-02209,2026-12-05,CUST-015,锌精矿,480.4,20297.98,9751149.59,东北,已完成
ORD-02210,2026-12-08,CUST-037,钼精矿,97.2,300088.85,29168636.22,华北,已完成
ORD-02211,2026-12-12,CUST-008,金矿石,190.8,383756.06,73220656.25,华南,进行中
ORD-02212,2026-12-15,CUST-044,铜精矿,235.9,57216.35,13497336.96,西南,已完成
ORD-02213,2026-12-20,CUST-022,银精矿,40.2,4490465.00,180516693.00,华东,已完成
ORD-02214,2026-12-25,CUST-011,锌精矿,338.8,19764.71,6696283.75,华北,已完成
ORD-02215,2027-01-01,CUST-033,钼精矿,123.3,314563.69,38785702.98,西北,已完成
ORD-02216,2027-01-05,CUST-019,金矿石,311.9,390027.85,121649686.41,华东,已完成
ORD-02217,2027-01-08,CUST-046,铜精矿,343.0,56669.34,19437583.62,东北,已取消
ORD-02218,2027-01-12,CUST-005,银精矿,43.7,3919230.70,171270381.59,华南,已完成
ORD-02219,2027-01-15,CUST-027,锌精矿,500.1,17058.85,8531130.88,西南,已完成
ORD-02220,2027-01-18,CUST-014,钼精矿,81.5,276218.36,22511796.34,华北,进行中
ORD-02221,2027-01-22,CUST-039,金矿石,206.3,386113.00,79655111.90,华东,已完成
ORD-02222,2027-01-25,CUST-002,铜精矿,325.0,59999.77,19499925.25,华南,已完成
ORD-02223,2027-02-01,CUST-031,银精矿,41.6,4494139.64,186956209.02,西北,已完成
ORD-02224,2027-02-05,CUST-016,锌精矿,306.9,16744.21,5138798.05,华东,已完成
ORD-02225,2027-02-08,CUST-048,钼精矿,98.8,298941.28,29535398.46,东北,已完成
ORD-02226,2027-02-12,CUST-009,金矿石,242.1,459612.29,111272135.41,华北,已完成
ORD-02227,2027-02-15,CUST-025,铜精矿,304.2,50499.01,15361798.84,西南,进行中
ORD-02228,2027-02-18,CUST-041,银精矿,60.9,3754663.19,228658988.27,华南,已完成
ORD-02229,2027-02-22,CUST-006,锌精矿,494.4,19373.07,9578045.81,华东,已完成
ORD-02230,2027-02-25,CUST-034,钼精矿,106.5,371493.08,39564013.02,西北,已完成
ORD-02231,2027-03-01,CUST-020,金矿石,147.6,426259.03,62915832.83,东北,已完成
ORD-02232,2027-03-05,CUST-043,铜精矿,225.6,54274.43,12244311.41,华东,已取消
ORD-02233,2027-03-08,CUST-013,银精矿,65.9,4657500.72,306929297.45,华南,已完成
ORD-02234,2027-03-12,CUST-036,锌精矿,433.2,20184.16,8743778.11,华北,已完成
ORD-02235,2027-03-15,CUST-001,钼精矿,66.2,377063.93,24961632.17,西南,已完成
ORD-02236,2027-03-18,CUST-028,金矿石,213.7,421370.28,90046828.84,华东,进行中
ORD-02237,2027-03-22,CUST-047,铜精矿,307.4,54797.74,16844825.28,华南,已完成
ORD-02238,2027-03-25,CUST-010,银精矿,31.4,4881524.47,153279868.36,西北,已完成
ORD-02239,2027-04-01,CUST-023,锌精矿,323.6,17862.56,5780324.42,华东,已完成
ORD-02240,2027-04-05,CUST-038,钼精矿,83.3,319840.64,26642725.31,东北,已完成
ORD-02241,2027-04-08,CUST-017,金矿石,222.7,364745.07,81228727.09,华北,已完成
ORD-02242,2027-04-12,CUST-045,铜精矿,375.6,44950.53,16883419.07,西南,已完成
ORD-02243,2027-04-15,CUST-004,银精矿,54.2,4263023.20,231055857.44,华东,已完成
ORD-02244,2027-04-18,CUST-032,锌精矿,386.8,21474.69,8306410.09,华南,进行中
ORD-02245,2027-04-22,CUST-026,钼精矿,107.6,340252.08,36611123.81,华北,已完成
ORD-02246,2027-04-25,CUST-040,金矿石,204.2,463398.77,94626028.83,西南,已完成
ORD-02247,2027-05-01,CUST-024,铜精矿,306.9,58664.38,18004098.22,华东,已取消
ORD-02248,2027-05-05,CUST-049,银精矿,37.7,4808997.44,181299203.49,东北,已完成
ORD-02249,2027-05-08,CUST-030,锌精矿,371.0,20175.46,7485095.66,西北,已完成
ORD-02250,2027-05-12,CUST-007,钼精矿,96.6,298312.96,28817031.94,华南,已完成
ORD-02251,2027-05-15,CUST-015,金矿石,232.7,387224.94,90107243.54,华东,已完成
ORD-02252,2027-05-18,CUST-042,铜精矿,288.5,49009.58,14139263.83,华北,已完成
ORD-02253,2027-05-22,CUST-021,银精矿,40.3,4420170.82,178132884.05,西南,进行中
ORD-02254,2027-05-25,CUST-008,锌精矿,494.0,17428.07,8609466.58,华南,已完成
ORD-02255,2027-06-01,CUST-035,钼精矿,101.8,284186.24,28930159.23,华东,已完成
ORD-02256,2027-06-05,CUST-012,金矿石,189.2,371843.91,70352867.77,东北,已完成
ORD-02257,2027-06-08,CUST-044,铜精矿,212.8,44439.14,9456648.99,西北,已完成
ORD-02258,2027-06-12,CUST-003,银精矿,56.9,4809674.79,273670495.55,华东,已完成
ORD-02259,2027-06-15,CUST-018,锌精矿,429.3,18982.86,8149341.80,华北,已取消
ORD-02260,2027-06-18,CUST-029,钼精矿,75.6,296339.09,22403235.20,华南,已完成
ORD-02261,2027-06-22,CUST-046,金矿石,196.1,407787.95,79967217.00,西南,已完成
ORD-02262,2027-06-25,CUST-011,铜精矿,393.8,53618.10,21114807.78,华东,已完成
ORD-02263,2027-07-01,CUST-037,银精矿,57.8,3897939.27,225300889.81,华南,已完成
ORD-02264,2027-07-05,CUST-019,锌精矿,419.2,19154.85,8029713.12,西北,进行中
ORD-02265,2027-07-08,CUST-033,钼精矿,93.0,322496.20,29992146.60,东北,已完成
ORD-02266,2027-07-12,CUST-005,金矿石,217.3,347582.10,75529590.33,华北,已完成
ORD-02267,2027-07-15,CUST-027,铜精矿,221.7,48270.34,10701534.38,华东,已完成
ORD-02268,2027-07-18,CUST-048,银精矿,33.5,3684301.77,123424109.30,西南,已完成
ORD-02269,2027-07-22,CUST-014,锌精矿,478.6,18488.62,8848653.53,华南,已完成
ORD-02270,2027-07-25,CUST-039,钼精矿,106.9,310333.00,33174597.70,华东,已完成
ORD-02271,2027-08-01,CUST-002,金矿石,185.9,334867.96,62251953.76,华东,已完成
ORD-02272,2027-08-05,CUST-031,铜精矿,371.7,50090.97,18618813.55,东北,已取消
ORD-02273,2027-08-08,CUST-016,银精矿,51.8,3669328.00,190071190.40,华北,已完成
ORD-02274,2027-08-12,CUST-025,锌精矿,325.4,17808.41,5794856.61,西南,已完成
ORD-02275,2027-08-15,CUST-009,钼精矿,96.4,370737.61,35739105.60,华南,进行中
ORD-02276,2027-08-18,CUST-041,金矿石,304.1,381079.96,115886415.84,西北,已完成
ORD-02277,2027-08-22,CUST-006,铜精矿,215.0,56372.17,12120016.55,华东,已完成
ORD-02278,2027-08-25,CUST-034,银精矿,65.8,4354337.40,286515400.92,华南,已完成
ORD-02279,2027-09-01,CUST-020,锌精矿,435.7,16825.12,7330704.78,华北,已完成
ORD-02280,2027-09-05,CUST-043,钼精矿,75.0,277742.95,20830721.25,华东,已完成
ORD-02281,2027-09-08,CUST-013,金矿石,168.5,434348.64,73187745.84,东北,已完成
ORD-02282,2027-09-12,CUST-036,铜精矿,280.7,58316.54,16369452.78,西南,已完成
ORD-02283,2027-09-15,CUST-001,银精矿,70.8,4350248.91,307997622.83,华东,进行中
ORD-02284,2027-09-18,CUST-028,锌精矿,349.6,18470.04,6457125.98,华南,已完成
ORD-02285,2027-09-22,CUST-047,钼精矿,98.1,355901.79,34913965.60,西北,已完成
ORD-02286,2027-09-25,CUST-010,金矿石,210.7,375740.91,79168609.74,华北,已完成
ORD-02287,2027-10-01,CUST-023,铜精矿,311.8,48676.63,15177373.23,华东,已完成
ORD-02288,2027-10-05,CUST-038,银精矿,40.9,4637174.33,189660430.10,西南,已完成
ORD-02289,2027-10-08,CUST-017,锌精矿,344.0,19885.54,6840625.76,东北,已取消
ORD-02290,2027-10-12,CUST-045,钼精矿,87.7,366944.43,32181026.51,华南,已完成
ORD-02291,2027-10-15,CUST-004,金矿石,249.4,408309.11,101832292.03,华东,已完成
ORD-02292,2027-10-18,CUST-032,铜精矿,253.0,50289.28,12723187.84,华北,已完成
ORD-02293,2027-10-22,CUST-026,银精矿,52.3,4549053.00,237915471.90,西北,进行中
ORD-02294,2027-10-25,CUST-040,锌精矿,480.3,17986.27,8638805.48,华南,已完成
ORD-02295,2027-10-28,CUST-024,钼精矿,106.2,345585.41,36701170.54,西南,已完成
ORD-02296,2027-10-28,CUST-049,金矿石,142.5,382308.77,54478999.73,东北,已完成
ORD-02297,2027-10-28,CUST-030,铜精矿,342.3,48203.64,16500105.97,华东,已完成
ORD-02298,2027-10-28,CUST-007,银精矿,31.0,4110870.38,127436981.78,华北,已完成
ORD-02299,2027-10-28,CUST-015,锌精矿,431.6,16598.80,7164042.08,华南,已完成
ORD-02300,2027-10-28,CUST-042,钼精矿,82.7,320616.11,26514952.30,西南,已完成
ORD-02301,2026-12-05,CUST-012,金矿石,159.9,447197.91,71506945.81,华东,已完成
ORD-02302,2026-12-08,CUST-035,铜精矿,315.0,47450.10,14946781.50,华南,已完成
ORD-02303,2026-12-12,CUST-007,银精矿,47.5,4506797.40,214072876.50,华北,已完成
ORD-02304,2026-12-15,CUST-021,锌精矿,522.4,17065.66,8915100.78,西南,进行中
ORD-02305,2026-12-18,CUST-042,钼精矿,84.7,294693.44,24960534.37,华东,已完成
ORD-02306,2026-12-22,CUST-018,金矿石,182.0,346249.02,63017321.64,西北,已完成
ORD-02307,2026-12-25,CUST-003,铜精矿,210.2,49994.42,10508827.08,华南,已取消
ORD-02308,2027-01-01,CUST-029,银精矿,52.5,4514635.60,237018369.00,华东,已完成
ORD-02309,2027-01-05,CUST-015,锌精矿,473.2,19132.25,9053380.70,东北,已完成
ORD-02310,2027-01-08,CUST-037,钼精矿,104.5,354548.25,37050292.12,华北,已完成
ORD-02311,2027-01-12,CUST-008,金矿石,151.9,349863.87,53144321.85,华南,进行中
ORD-02312,2027-01-15,CUST-044,铜精矿,246.8,55678.30,13741404.44,西南,已完成
ORD-02313,2027-01-20,CUST-022,银精矿,32.0,3874627.25,123988072.00,华东,已完成
ORD-02314,2027-01-25,CUST-011,锌精矿,348.8,21585.86,7529147.97,华北,已完成
ORD-02315,2027-02-01,CUST-033,钼精矿,119.2,294173.85,35065522.92,西北,已完成
ORD-02316,2027-02-05,CUST-019,金矿石,241.8,350999.94,84871785.49,华东,已完成
ORD-02317,2027-02-08,CUST-046,铜精矿,360.4,51806.21,18670958.08,东北,已取消
ORD-02318,2027-02-12,CUST-005,银精矿,53.3,3970958.20,211652072.06,华南,已完成
ORD-02319,2027-02-15,CUST-027,锌精矿,399.5,19414.32,7756020.84,西南,已完成
ORD-02320,2027-02-18,CUST-014,钼精矿,76.2,342428.97,26093087.51,华北,进行中
ORD-02321,2027-02-22,CUST-039,金矿石,168.1,332896.24,55959857.94,华东,已完成
ORD-02322,2027-02-25,CUST-002,铜精矿,277.6,62271.97,17286698.87,华南,已完成
ORD-02323,2027-03-01,CUST-031,银精矿,41.2,3673201.94,151335919.93,西北,已完成
ORD-02324,2027-03-05,CUST-016,锌精矿,396.5,20620.50,8176028.25,华东,已完成
ORD-02325,2027-03-08,CUST-048,钼精矿,86.7,332385.56,28817828.05,东北,已完成
ORD-02326,2027-03-12,CUST-009,金矿石,190.5,417380.77,79511036.69,华北,已完成
ORD-02327,2027-03-15,CUST-025,铜精矿,365.3,54924.37,20063872.36,西南,进行中
ORD-02328,2027-03-18,CUST-041,银精矿,58.8,4401628.52,258815756.98,华南,已完成
ORD-02329,2027-03-22,CUST-006,锌精矿,542.7,16901.15,9172254.11,华东,已完成
ORD-02330,2027-03-25,CUST-034,钼精矿,96.5,269288.25,25986316.12,西北,已完成
ORD-02331,2027-04-01,CUST-020,金矿石,149.0,422908.93,63013430.57,东北,已完成
ORD-02332,2027-04-05,CUST-043,铜精矿,261.2,59865.88,15636967.86,华东,已取消
ORD-02333,2027-04-08,CUST-013,银精矿,71.6,4978138.95,356434748.82,华南,已完成
ORD-02334,2027-04-12,CUST-036,锌精矿,466.9,15790.76,7372705.84,华北,已完成
ORD-02335,2027-04-15,CUST-001,钼精矿,80.1,338685.50,27128708.55,西南,已完成
ORD-02336,2027-04-18,CUST-028,金矿石,232.8,412330.88,95990628.86,华东,进行中
ORD-02337,2027-04-22,CUST-047,铜精矿,260.1,59134.57,15380901.66,华南,已完成
ORD-02338,2027-04-25,CUST-010,银精矿,27.9,3933327.22,109739829.44,西北,已完成
ORD-02339,2027-05-01,CUST-023,锌精矿,391.2,16853.84,6593222.21,华东,已完成
ORD-02340,2027-05-05,CUST-038,钼精矿,87.9,365942.26,32166324.65,东北,已完成
ORD-02341,2027-05-08,CUST-017,金矿石,195.0,372665.50,72669772.50,华北,已完成
ORD-02342,2027-05-12,CUST-045,铜精矿,380.5,50724.91,19300828.26,西南,已完成
ORD-02343,2027-05-15,CUST-004,银精矿,43.0,3659828.08,157372607.44,华东,已完成
ORD-02344,2027-05-18,CUST-032,锌精矿,371.5,17677.42,6567161.53,华南,进行中
ORD-02345,2027-05-22,CUST-026,钼精矿,111.8,343076.71,38355976.18,华北,已完成
ORD-02346,2027-05-25,CUST-040,金矿石,190.8,375076.18,71564535.14,西南,已完成
ORD-02347,2027-06-01,CUST-024,铜精矿,312.7,45674.70,14282478.69,华东,已取消
ORD-02348,2027-06-05,CUST-049,银精矿,37.4,3623859.20,135532334.08,东北,已完成
ORD-02349,2027-06-08,CUST-030,锌精矿,446.9,19890.24,8888948.26,西北,已完成
ORD-02350,2027-06-12,CUST-007,钼精矿,99.5,288294.55,28685307.72,华南,已完成
ORD-02351,2027-06-15,CUST-015,金矿石,249.9,445801.81,111405872.32,华东,已完成
ORD-02352,2027-06-18,CUST-042,铜精矿,268.6,55076.20,14793467.32,华北,已完成
ORD-02353,2027-06-22,CUST-021,银精矿,34.9,3612956.33,126092175.92,西南,进行中
ORD-02354,2027-06-25,CUST-008,锌精矿,431.1,16516.62,7120314.88,华南,已完成
ORD-02355,2027-07-01,CUST-035,钼精矿,123.9,375519.68,46526888.35,华东,已完成
ORD-02356,2027-07-05,CUST-012,金矿石,162.7,385700.12,62753409.52,东北,已完成
ORD-02357,2027-07-08,CUST-044,铜精矿,227.8,48671.59,11087388.20,西北,已完成
ORD-02358,2027-07-12,CUST-003,银精矿,59.0,4253365.91,250948588.69,华东,已完成
ORD-02359,2027-07-15,CUST-018,锌精矿,426.1,22170.27,9446752.05,华北,已取消
ORD-02360,2027-07-18,CUST-029,钼精矿,77.9,339968.17,26483520.44,华南,已完成
ORD-02361,2027-07-22,CUST-046,金矿石,177.9,330564.24,58807378.30,西南,已完成
ORD-02362,2027-07-25,CUST-011,铜精矿,366.6,60021.97,22004054.20,华东,已完成
ORD-02363,2027-08-01,CUST-037,银精矿,56.3,4493404.96,252978699.25,华南,已完成
ORD-02364,2027-08-05,CUST-019,锌精矿,532.2,18308.78,9743932.72,西北,进行中
ORD-02365,2027-08-08,CUST-033,钼精矿,106.9,349705.53,37383521.16,东北,已完成
ORD-02366,2027-08-12,CUST-005,金矿石,205.7,398393.57,81949557.35,华北,已完成
ORD-02367,2027-08-15,CUST-027,铜精矿,191.4,54255.22,10384449.11,华东,已完成
ORD-02368,2027-08-18,CUST-048,银精矿,38.3,4924068.38,188591818.95,西南,已完成
ORD-02369,2027-08-22,CUST-014,锌精矿,498.5,19554.79,9748062.82,华南,已完成
ORD-02370,2027-08-25,CUST-039,钼精矿,130.2,303554.52,39522798.50,华东,已完成
ORD-02371,2027-09-01,CUST-002,金矿石,235.5,371572.26,87505267.23,华东,已完成
ORD-02372,2027-09-05,CUST-031,铜精矿,397.2,58264.58,23142691.18,东北,已取消
ORD-02373,2027-09-08,CUST-016,银精矿,41.4,4761444.02,197123782.43,华北,已完成
ORD-02374,2027-09-12,CUST-025,锌精矿,351.1,17613.70,6184170.07,西南,已完成
ORD-02375,2027-09-15,CUST-009,钼精矿,107.0,313278.76,33520827.32,华南,进行中
ORD-02376,2027-09-18,CUST-041,金矿石,258.7,422516.69,109305067.70,西北,已完成
ORD-02377,2027-09-22,CUST-006,铜精矿,220.1,44045.61,9694438.76,华东,已完成
ORD-02378,2027-09-25,CUST-034,银精矿,63.5,4577067.60,290643792.60,华南,已完成
ORD-02379,2027-10-01,CUST-020,锌精矿,549.2,18051.62,9913949.70,华北,已完成
ORD-02380,2027-10-05,CUST-043,钼精矿,87.6,311893.34,27321856.58,华东,已完成
ORD-02381,2027-10-08,CUST-013,金矿石,210.0,378430.67,79470440.70,东北,已完成
ORD-02382,2027-10-12,CUST-036,铜精矿,249.9,50747.83,12681882.72,西南,已完成
ORD-02383,2027-10-15,CUST-001,银精矿,67.4,4448717.78,299843578.37,华东,进行中
ORD-02384,2027-10-18,CUST-028,锌精矿,402.5,21345.38,8591515.45,华南,已完成
ORD-02385,2027-10-22,CUST-047,钼精矿,94.9,284531.68,27002056.43,西北,已完成
ORD-02386,2027-10-25,CUST-010,金矿石,240.1,412026.34,98927524.23,华北,已完成
ORD-02387,2027-11-01,CUST-023,铜精矿,360.6,62758.04,22630549.22,华东,已完成
ORD-02388,2027-11-05,CUST-038,银精矿,40.3,4660568.52,187820911.36,西南,已完成
ORD-02389,2027-11-08,CUST-017,锌精矿,387.9,19094.36,7406702.24,东北,已取消
ORD-02390,2027-11-12,CUST-045,钼精矿,80.1,316801.61,25375808.96,华南,已完成
ORD-02391,2027-11-15,CUST-004,金矿石,294.3,347911.61,102390386.82,华东,已完成
ORD-02392,2027-11-18,CUST-032,铜精矿,302.3,60002.01,18138607.62,华北,已完成
ORD-02393,2027-11-22,CUST-026,银精矿,55.4,4217825.73,233667545.44,西北,进行中
ORD-02394,2027-11-25,CUST-040,锌精矿,475.1,20452.37,9716920.99,华南,已完成
ORD-02395,2027-11-28,CUST-024,钼精矿,87.1,363449.55,31656455.80,西南,已完成
ORD-02396,2027-11-28,CUST-049,金矿石,147.5,446763.36,65897595.60,东北,已完成
ORD-02397,2027-11-28,CUST-030,铜精矿,305.0,56260.89,17159571.45,华东,已完成
ORD-02398,2027-11-28,CUST-007,银精矿,40.3,4689239.77,188976362.73,华北,已完成
ORD-02399,2027-11-28,CUST-015,锌精矿,354.6,18181.21,6447057.07,华南,已完成
ORD-02400,2027-11-28,CUST-042,钼精矿,83.1,384378.78,31941876.62,西南,已完成
ORD-02401,2027-01-05,CUST-012,金矿石,153.2,348314.89,53361841.15,华东,已完成
ORD-02402,2027-01-08,CUST-035,铜精矿,279.1,50949.03,14219874.27,华南,已完成
ORD-02403,2027-01-12,CUST-007,银精矿,38.3,4904440.80,187840082.64,华北,已完成
ORD-02404,2027-01-15,CUST-021,锌精矿,457.9,19123.65,8756719.34,西南,进行中
ORD-02405,2027-01-18,CUST-042,钼精矿,77.3,376227.20,29082362.56,华东,已完成
ORD-02406,2027-01-22,CUST-018,金矿石,207.2,451770.15,93606775.08,西北,已完成
ORD-02407,2027-01-25,CUST-003,铜精矿,187.5,58734.18,11012658.75,华南,已取消
ORD-02408,2027-02-01,CUST-029,银精矿,61.1,4198418.05,256523342.85,华东,已完成
ORD-02409,2027-02-05,CUST-015,锌精矿,379.3,17599.24,6675391.73,东北,已完成
ORD-02410,2027-02-08,CUST-037,钼精矿,84.5,355951.57,30077907.66,华北,已完成
ORD-02411,2027-02-12,CUST-008,金矿石,189.0,358532.18,67762582.02,华南,进行中
ORD-02412,2027-02-15,CUST-044,铜精矿,297.4,49877.90,14833687.46,西南,已完成
ORD-02413,2027-02-20,CUST-022,银精矿,39.7,4300005.50,170710218.35,华东,已完成
ORD-02414,2027-02-25,CUST-011,锌精矿,446.2,18496.60,8253182.92,华北,已完成
ORD-02415,2027-03-01,CUST-033,钼精矿,104.6,292379.38,30582883.15,西北,已完成
ORD-02416,2027-03-05,CUST-019,金矿石,319.0,413028.06,131755951.14,华东,已完成
ORD-02417,2027-03-08,CUST-046,铜精矿,304.5,50297.20,15315497.40,东北,已取消
ORD-02418,2027-03-12,CUST-005,银精矿,46.8,4066826.50,190327480.20,华南,已完成
ORD-02419,2027-03-15,CUST-027,锌精矿,482.5,17403.19,8397039.17,西南,已完成
ORD-02420,2027-03-18,CUST-014,钼精矿,80.4,283550.30,22797444.12,华北,进行中
ORD-02421,2027-03-22,CUST-039,金矿石,196.8,392881.63,77319104.78,华东,已完成
ORD-02422,2027-03-25,CUST-002,铜精矿,319.2,59798.50,19087681.20,华南,已完成
ORD-02423,2027-04-01,CUST-031,银精矿,36.8,4652060.48,171195825.66,西北,已完成
ORD-02424,2027-04-05,CUST-016,锌精矿,372.2,20846.91,7759219.90,华东,已完成
ORD-02425,2027-04-08,CUST-048,钼精矿,75.2,327427.34,24622535.97,东北,已完成
ORD-02426,2027-04-12,CUST-009,金矿石,239.1,420361.36,100508401.18,华北,已完成
ORD-02427,2027-04-15,CUST-025,铜精矿,303.5,46003.02,13961916.57,西南,进行中
ORD-02428,2027-04-18,CUST-041,银精矿,52.3,3754939.73,196383347.88,华南,已完成
ORD-02429,2027-04-22,CUST-006,锌精矿,453.7,19461.72,8829782.36,华东,已完成
ORD-02430,2027-04-25,CUST-034,钼精矿,101.0,365966.24,36962590.24,西北,已完成
ORD-02431,2027-05-01,CUST-020,金矿石,137.4,340226.58,46747132.09,东北,已完成
ORD-02432,2027-05-05,CUST-043,铜精矿,244.8,48151.36,11787452.93,华东,已取消
ORD-02433,2027-05-08,CUST-013,银精矿,58.8,4977161.82,292657115.02,华南,已完成
ORD-02434,2027-05-12,CUST-036,锌精矿,368.5,21495.39,7921051.21,华北,已完成
ORD-02435,2027-05-15,CUST-001,钼精矿,88.3,322467.61,28473889.96,西南,已完成
ORD-02436,2027-05-18,CUST-028,金矿石,279.8,448786.74,125570529.85,华东,进行中
ORD-02437,2027-05-22,CUST-047,铜精矿,307.7,47552.84,14632008.87,华南,已完成
ORD-02438,2027-05-25,CUST-010,银精矿,28.3,4601163.73,130212933.56,西北,已完成
ORD-02439,2027-06-01,CUST-023,锌精矿,302.2,16807.68,5079280.90,华东,已完成
ORD-02440,2027-06-05,CUST-038,钼精矿,94.8,336933.91,31941334.67,东北,已完成
ORD-02441,2027-06-08,CUST-017,金矿石,189.5,383461.42,72665939.09,华北,已完成
ORD-02442,2027-06-12,CUST-045,铜精矿,321.7,57226.33,18409710.36,西南,已完成
ORD-02443,2027-06-15,CUST-004,银精矿,56.4,4184388.16,235999492.22,华东,已完成
ORD-02444,2027-06-18,CUST-032,锌精矿,420.6,21664.03,9111891.02,华南,进行中
ORD-02445,2027-06-22,CUST-026,钼精矿,121.4,309063.84,37520350.18,华北,已完成
ORD-02446,2027-06-25,CUST-040,金矿石,192.1,337513.40,64836324.14,西南,已完成
ORD-02447,2027-07-01,CUST-024,铜精矿,297.9,59503.56,17726110.52,华东,已取消
ORD-02448,2027-07-05,CUST-049,银精矿,46.2,3943858.88,182206280.26,东北,已完成
ORD-02449,2027-07-08,CUST-030,锌精矿,344.2,20292.93,6984826.51,西北,已完成
ORD-02450,2027-07-12,CUST-007,钼精矿,87.4,349784.24,30571142.58,华南,已完成
ORD-02451,2027-07-15,CUST-015,金矿石,214.9,403404.41,86691607.71,华东,已完成
ORD-02452,2027-07-18,CUST-042,铜精矿,313.7,45652.54,14321201.80,华北,已完成
ORD-02453,2027-07-22,CUST-021,银精矿,38.7,4063839.13,157270574.33,西南,进行中
ORD-02454,2027-07-25,CUST-008,锌精矿,444.1,17193.06,7635437.95,华南,已完成
ORD-02455,2027-08-01,CUST-035,钼精矿,99.9,342118.40,34177628.16,华东,已完成
ORD-02456,2027-08-05,CUST-012,金矿石,194.5,391266.07,76101250.61,东北,已完成
ORD-02457,2027-08-08,CUST-044,铜精矿,235.6,51525.32,12139365.39,西北,已完成
ORD-02458,2027-08-12,CUST-003,银精矿,57.6,3783646.38,217938031.49,华东,已完成
ORD-02459,2027-08-15,CUST-018,锌精矿,391.5,16730.35,6549932.02,华北,已取消
ORD-02460,2027-08-18,CUST-029,钼精矿,92.1,361609.29,33304215.61,华南,已完成
ORD-02461,2027-08-22,CUST-046,金矿石,219.9,436866.72,96066991.73,西南,已完成
ORD-02462,2027-08-25,CUST-011,铜精矿,307.5,48671.84,14966590.80,华东,已完成
ORD-02463,2027-09-01,CUST-037,银精矿,47.5,4082379.24,193913013.90,华南,已完成
ORD-02464,2027-09-05,CUST-019,锌精矿,514.1,20663.39,10623048.80,西北,进行中
ORD-02465,2027-09-08,CUST-033,钼精矿,95.0,315138.85,29938190.75,东北,已完成
ORD-02466,2027-09-12,CUST-005,金矿石,278.5,386937.47,107762085.39,华北,已完成
ORD-02467,2027-09-15,CUST-027,铜精矿,252.3,45626.05,11511452.42,华东,已完成
ORD-02468,2027-09-18,CUST-048,银精矿,30.5,4502986.57,137341090.39,西南,已完成
ORD-02469,2027-09-22,CUST-014,锌精矿,446.5,17920.24,8001387.16,华南,已完成
ORD-02470,2027-09-25,CUST-039,钼精矿,121.2,293935.13,35624937.76,华东,已完成
ORD-02471,2027-10-01,CUST-002,金矿石,205.9,459282.74,94566316.17,华东,已完成
ORD-02472,2027-10-05,CUST-031,铜精矿,404.0,50601.05,20442824.20,东北,已取消
ORD-02473,2027-10-08,CUST-016,银精矿,43.6,4229537.65,184407841.54,华北,已完成
ORD-02474,2027-10-12,CUST-025,锌精矿,379.9,18095.79,6874590.62,西南,已完成
ORD-02475,2027-10-15,CUST-009,钼精矿,100.2,300560.97,30116209.19,华南,进行中
ORD-02476,2027-10-18,CUST-041,金矿石,249.5,344123.23,85858745.88,西北,已完成
ORD-02477,2027-10-22,CUST-006,铜精矿,229.2,60189.85,13795513.62,华东,已完成
ORD-02478,2027-10-25,CUST-034,银精矿,61.8,3693215.40,228240711.72,华南,已完成
ORD-02479,2027-11-01,CUST-020,锌精矿,420.8,20330.61,8555120.69,华北,已完成
ORD-02480,2027-11-05,CUST-043,钼精矿,84.0,336976.33,28306011.72,华东,已完成
ORD-02481,2027-11-08,CUST-013,金矿石,211.1,341330.62,72054893.88,东北,已完成
ORD-02482,2027-11-12,CUST-036,铜精矿,300.9,53803.32,16189418.99,西南,已完成
ORD-02483,2027-11-15,CUST-001,银精矿,54.9,3740101.02,205331546.00,华东,进行中
ORD-02484,2027-11-18,CUST-028,锌精矿,356.4,19877.08,7084191.31,华南,已完成
ORD-02485,2027-11-22,CUST-047,钼精矿,118.6,346756.40,41125309.04,西北,已完成
ORD-02486,2027-11-25,CUST-010,金矿石,211.3,376743.49,79605899.44,华北,已完成
ORD-02487,2027-12-01,CUST-023,铜精矿,291.9,47541.06,13877235.41,华东,已完成
ORD-02488,2027-12-05,CUST-038,银精矿,38.0,3714014.17,141132538.46,西南,已完成
ORD-02489,2027-12-08,CUST-017,锌精矿,368.4,20731.98,7637661.43,东北,已取消
ORD-02490,2027-12-12,CUST-045,钼精矿,97.5,298258.27,29080181.33,华南,已完成
ORD-02491,2027-12-15,CUST-004,金矿石,280.1,357509.41,100138385.74,华东,已完成
ORD-02492,2027-12-18,CUST-032,铜精矿,244.2,53087.84,12964050.53,华北,已完成
ORD-02493,2027-12-22,CUST-026,银精矿,53.5,4084756.86,218534492.01,西北,进行中
ORD-02494,2027-12-25,CUST-040,锌精矿,392.6,16655.66,6539012.12,华南,已完成
ORD-02495,2027-12-28,CUST-024,钼精矿,114.3,335170.78,38310020.15,西南,已完成
ORD-02496,2027-12-28,CUST-049,金矿石,163.0,452113.96,73694575.48,东北,已完成
ORD-02497,2027-12-28,CUST-030,铜精矿,266.8,48207.11,12861656.95,华东,已完成
ORD-02498,2027-12-28,CUST-007,银精矿,30.8,4562164.20,140514657.36,华北,已完成
ORD-02499,2027-12-28,CUST-015,锌精矿,331.9,20192.12,6701764.63,华南,已完成
ORD-02500,2027-12-28,CUST-042,钼精矿,85.2,383808.60,32700492.72,西南,已完成
ORD-02501,2027-02-05,CUST-012,金矿石,175.4,392134.44,68780380.78,华东,已完成
ORD-02502,2027-02-08,CUST-035,铜精矿,281.0,55875.66,15701060.46,华南,已完成
ORD-02503,2027-02-12,CUST-007,银精矿,40.8,3781365.00,154279692.00,华北,已完成
ORD-02504,2027-02-15,CUST-021,锌精矿,500.0,19606.56,9803280.00,西南,进行中
ORD-02505,2027-02-18,CUST-042,钼精矿,74.9,306541.76,22959977.82,华东,已完成
ORD-02506,2027-02-22,CUST-018,金矿石,183.0,362902.80,66411212.40,西北,已完成
ORD-02507,2027-02-25,CUST-003,铜精矿,168.3,62135.98,10457485.43,华南,已取消
ORD-02508,2027-03-01,CUST-029,银精矿,53.8,4615704.70,248324912.86,华东,已完成
ORD-02509,2027-03-05,CUST-015,锌精矿,428.8,17862.91,7659615.81,东北,已完成
ORD-02510,2027-03-08,CUST-037,钼精矿,87.5,285837.30,25010763.75,华北,已完成
ORD-02511,2027-03-12,CUST-008,金矿石,182.9,360286.32,65896367.93,华南,进行中
ORD-02512,2027-03-15,CUST-044,铜精矿,306.6,56633.42,17363806.57,西南,已完成
ORD-02513,2027-03-20,CUST-022,银精矿,37.1,3630311.75,134684565.93,华东,已完成
ORD-02514,2027-03-25,CUST-011,锌精矿,439.5,16585.84,7289476.68,华北,已完成
ORD-02515,2027-04-01,CUST-033,钼精矿,113.7,357788.48,40680550.18,西北,已完成
ORD-02516,2027-04-05,CUST-019,金矿石,250.6,416430.22,104357413.13,华东,已完成
ORD-02517,2027-04-08,CUST-046,铜精矿,329.6,56771.56,18711906.18,东北,已取消
ORD-02518,2027-04-12,CUST-005,银精矿,56.3,4259804.56,239826996.73,华南,已完成
ORD-02519,2027-04-15,CUST-027,锌精矿,469.5,16174.55,7593951.22,西南,已完成
ORD-02520,2027-04-18,CUST-014,钼精矿,73.0,368462.67,26897774.91,华北,进行中
ORD-02521,2027-04-22,CUST-039,金矿石,194.2,412408.48,80089726.82,华东,已完成
ORD-02522,2027-04-25,CUST-002,铜精矿,260.9,51703.68,13489490.11,华南,已完成
ORD-02523,2027-05-01,CUST-031,银精矿,42.4,4183172.06,177366495.34,西北,已完成
ORD-02524,2027-05-05,CUST-016,锌精矿,423.6,17318.64,7336175.90,华东,已完成
ORD-02525,2027-05-08,CUST-048,钼精矿,75.3,374346.18,28188267.35,东北,已完成
ORD-02526,2027-05-12,CUST-009,金矿石,235.1,370284.82,87053961.18,华北,已完成
ORD-02527,2027-05-15,CUST-025,铜精矿,297.8,58173.19,17323975.98,西南,进行中
ORD-02528,2027-05-18,CUST-041,银精矿,50.1,4242618.02,212555162.80,华南,已完成
ORD-02529,2027-05-22,CUST-006,锌精矿,423.6,21138.20,8954141.52,华东,已完成
ORD-02530,2027-05-25,CUST-034,钼精矿,90.3,344015.30,31064581.59,西北,已完成
ORD-02531,2027-06-01,CUST-020,金矿石,149.6,348697.35,52165123.56,东北,已完成
ORD-02532,2027-06-05,CUST-043,铜精矿,269.7,47178.71,12724098.09,华东,已取消
ORD-02533,2027-06-08,CUST-013,银精矿,66.3,4283818.29,284017152.63,华南,已完成
ORD-02534,2027-06-12,CUST-036,锌精矿,396.4,18385.05,7287833.82,华北,已完成
ORD-02535,2027-06-15,CUST-001,钼精矿,82.4,359172.36,29595802.46,西南,已完成
ORD-02536,2027-06-18,CUST-028,金矿石,293.4,389738.89,114349390.33,华东,进行中
ORD-02537,2027-06-22,CUST-047,铜精矿,298.1,47652.16,14205108.90,华南,已完成
ORD-02538,2027-06-25,CUST-010,银精矿,31.1,4368733.84,135867622.42,西北,已完成
ORD-02539,2027-07-01,CUST-023,锌精矿,411.3,19166.70,7883263.71,华东,已完成
ORD-02540,2027-07-05,CUST-038,钼精矿,87.9,299180.16,26297936.06,东北,已完成
ORD-02541,2027-07-08,CUST-017,金矿石,179.2,353795.11,63400083.71,华北,已完成
ORD-02542,2027-07-12,CUST-045,铜精矿,287.4,48432.66,13919546.48,西南,已完成
ORD-02543,2027-07-15,CUST-004,银精矿,51.0,4765475.92,243039271.92,华东,已完成
ORD-02544,2027-07-18,CUST-032,锌精矿,378.1,16173.86,6115336.47,华南,进行中
ORD-02545,2027-07-22,CUST-026,钼精矿,102.9,331330.49,34093907.42,华北,已完成
ORD-02546,2027-07-25,CUST-040,金矿石,213.6,440580.26,94107943.54,西南,已完成
ORD-02547,2027-08-01,CUST-024,铜精矿,307.6,54772.22,16847934.87,华东,已取消
ORD-02548,2027-08-05,CUST-049,银精矿,42.7,4113948.80,175665613.76,东北,已完成
ORD-02549,2027-08-08,CUST-030,锌精矿,335.3,17818.05,5974392.17,西北,已完成
ORD-02550,2027-08-12,CUST-007,钼精矿,84.3,381165.26,32132231.42,华南,已完成
ORD-02551,2027-08-15,CUST-015,金矿石,249.3,360853.17,89960695.28,华东,已完成
ORD-02552,2027-08-18,CUST-042,铜精矿,271.3,45553.60,12358691.68,华北,已完成
ORD-02553,2027-08-22,CUST-021,银精矿,33.3,3916682.73,130425534.91,西南,进行中
ORD-02554,2027-08-25,CUST-008,锌精矿,476.0,19876.26,9461099.76,华南,已完成
ORD-02555,2027-09-01,CUST-035,钼精矿,121.1,280036.16,33912378.98,华东,已完成
ORD-02556,2027-09-05,CUST-012,金矿石,147.5,338383.07,49911502.83,东北,已完成
ORD-02557,2027-09-08,CUST-044,铜精矿,292.4,58542.23,17117748.05,西北,已完成
ORD-02558,2027-09-12,CUST-003,银精矿,54.9,3673605.74,201680955.13,华东,已完成
ORD-02559,2027-09-15,CUST-018,锌精矿,436.2,18997.24,8286596.09,华北,已取消
ORD-02560,2027-09-18,CUST-029,钼精矿,79.1,332253.47,26281249.48,华南,已完成
ORD-02561,2027-09-22,CUST-046,金矿石,207.6,402199.81,83496680.56,西南,已完成
ORD-02562,2027-09-25,CUST-011,铜精矿,346.5,49792.12,17252969.58,华东,已完成
ORD-02563,2027-10-01,CUST-037,银精矿,47.1,3825470.77,180179673.27,华南,已完成
ORD-02564,2027-10-05,CUST-019,锌精矿,430.9,16599.75,7152832.27,西北,进行中
ORD-02565,2027-10-08,CUST-033,钼精矿,108.2,349898.58,37859026.36,东北,已完成
ORD-02566,2027-10-12,CUST-005,金矿石,259.9,386409.12,100427730.29,华北,已完成
ORD-02567,2027-10-15,CUST-027,铜精矿,231.5,49355.22,11425733.43,华东,已完成
ORD-02568,2027-10-18,CUST-048,银精矿,30.1,4376508.29,131732899.53,西南,已完成
ORD-02569,2027-10-22,CUST-014,锌精矿,469.1,16236.59,7616584.37,华南,已完成
ORD-02570,2027-10-25,CUST-039,钼精矿,124.6,319743.49,39840038.85,华东,已完成
ORD-02571,2027-11-01,CUST-002,金矿石,187.7,388290.09,72882049.89,华东,已完成
ORD-02572,2027-11-05,CUST-031,铜精矿,381.2,61082.33,23284584.20,东北,已取消
ORD-02573,2027-11-08,CUST-016,银精矿,50.5,4262023.68,215232195.84,华北,已完成
ORD-02574,2027-11-12,CUST-025,锌精矿,357.5,16617.18,5940641.85,西南,已完成
ORD-02575,2027-11-15,CUST-009,钼精矿,90.1,364682.03,32857850.90,华南,进行中
ORD-02576,2027-11-18,CUST-041,金矿石,252.1,438540.80,110556135.68,西北,已完成
ORD-02577,2027-11-22,CUST-006,铜精矿,242.6,53666.43,13019475.92,华东,已完成
ORD-02578,2027-11-25,CUST-034,银精矿,49.0,4936041.60,241866038.40,华南,已完成
ORD-02579,2027-12-01,CUST-020,锌精矿,537.9,20170.05,10849469.89,华北,已完成
ORD-02580,2027-12-05,CUST-043,钼精矿,84.9,318324.88,27025782.31,华东,已完成
ORD-02581,2027-12-08,CUST-013,金矿石,193.1,343957.28,66418150.77,东北,已完成
ORD-02582,2027-12-12,CUST-036,铜精矿,242.3,55392.46,13421593.06,西南,已完成
ORD-02583,2027-12-15,CUST-001,银精矿,71.4,4302602.68,307205831.35,华东,进行中
ORD-02584,2027-12-18,CUST-028,锌精矿,366.1,21049.61,7706262.22,华南,已完成
ORD-02585,2027-12-22,CUST-047,钼精矿,113.8,278781.33,31725315.35,西北,已完成
ORD-02586,2027-12-25,CUST-010,金矿石,263.8,361820.57,95448266.37,华北,已完成
ORD-02587,2028-01-01,CUST-023,铜精矿,357.1,47387.17,16921958.41,华东,已完成
ORD-02588,2028-01-05,CUST-038,银精矿,43.6,4026543.81,175557310.12,西南,已完成
ORD-02589,2028-01-08,CUST-017,锌精矿,430.8,21116.34,9096919.27,东北,已取消
ORD-02590,2028-01-12,CUST-045,钼精矿,78.3,374684.17,29337770.51,华南,已完成
ORD-02591,2028-01-15,CUST-004,金矿石,294.4,409021.50,120415929.60,华东,已完成
ORD-02592,2028-01-18,CUST-032,铜精矿,254.3,47756.20,12144401.66,华北,已完成
ORD-02593,2028-01-22,CUST-026,银精矿,53.9,4370022.39,235544206.82,西北,进行中
ORD-02594,2028-01-25,CUST-040,锌精矿,481.3,19161.16,9222266.31,华南,已完成
ORD-02595,2028-01-28,CUST-024,钼精矿,96.8,285140.72,27601621.70,西南,已完成
ORD-02596,2028-01-28,CUST-049,金矿石,148.2,459078.86,68035487.05,东北,已完成
ORD-02597,2028-01-28,CUST-030,铜精矿,328.7,59881.69,19683111.50,华东,已完成
ORD-02598,2028-01-28,CUST-007,银精矿,40.9,3630791.50,148499372.35,华北,已完成
ORD-02599,2028-01-28,CUST-015,锌精矿,381.6,16172.13,6171284.81,华南,已完成
ORD-02600,2028-01-28,CUST-042,钼精矿,92.5,352384.48,32595564.40,西南,已完成
ORD-02601,2027-03-05,CUST-012,金矿石,142.1,355150.18,50466840.58,华东,已完成
ORD-02602,2027-03-08,CUST-035,铜精矿,293.8,46127.07,13552133.17,华南,已完成
ORD-02603,2027-03-12,CUST-007,银精矿,50.2,4188987.60,210287177.52,华北,已完成
ORD-02604,2027-03-15,CUST-021,锌精矿,507.0,16721.95,8478028.65,西南,进行中
ORD-02605,2027-03-18,CUST-042,钼精矿,92.4,326743.04,30191056.90,华东,已完成
ORD-02606,2027-03-22,CUST-018,金矿石,211.6,397175.61,84042359.08,西北,已完成
ORD-02607,2027-03-25,CUST-003,铜精矿,166.5,58534.79,9746042.54,华南,已取消
ORD-02608,2027-04-01,CUST-029,银精矿,69.2,3947799.55,273187728.86,华东,已完成
ORD-02609,2027-04-05,CUST-015,锌精矿,454.2,16791.48,7626690.22,东北,已完成
ORD-02610,2027-04-08,CUST-037,钼精矿,88.9,277677.22,24685504.86,华北,已完成
ORD-02611,2027-04-12,CUST-008,金矿石,199.4,435842.73,86907040.36,华南,进行中
ORD-02612,2027-04-15,CUST-044,铜精矿,268.2,47760.33,12809320.51,西南,已完成
ORD-02613,2027-04-20,CUST-022,银精矿,32.6,4338434.00,141432948.40,华东,已完成
ORD-02614,2027-04-25,CUST-011,锌精矿,424.0,21294.30,9028783.20,华北,已完成
ORD-02615,2027-05-01,CUST-033,钼精矿,123.8,311163.64,38522058.63,西北,已完成
ORD-02616,2027-05-05,CUST-019,金矿石,246.8,379834.28,93743100.30,华东,已完成
ORD-02617,2027-05-08,CUST-046,铜精矿,364.0,50286.81,18304398.84,东北,已取消
ORD-02618,2027-05-12,CUST-005,银精矿,55.9,4416366.46,246874885.11,华南,已完成
ORD-02619,2027-05-15,CUST-027,锌精矿,433.6,21109.49,9153074.86,西南,已完成
ORD-02620,2027-05-18,CUST-014,钼精矿,81.5,330836.00,26963134.00,华北,进行中
ORD-02621,2027-05-22,CUST-039,金矿石,188.4,354900.67,66863286.23,华东,已完成
ORD-02622,2027-05-25,CUST-002,铜精矿,264.5,58552.06,15487019.87,华南,已完成
ORD-02623,2027-06-01,CUST-031,银精矿,46.3,4072460.36,188554914.67,西北,已完成
ORD-02624,2027-06-05,CUST-016,锌精矿,350.7,19256.47,6753244.03,华东,已完成
ORD-02625,2027-06-08,CUST-048,钼精矿,73.9,300078.20,22175778.98,东北,已完成
ORD-02626,2027-06-12,CUST-009,金矿石,194.7,337653.13,65741064.41,华北,已完成
ORD-02627,2027-06-15,CUST-025,铜精矿,284.8,47667.06,13575578.69,西南,进行中
ORD-02628,2027-06-18,CUST-041,银精矿,52.1,4542802.19,236679994.10,华南,已完成
ORD-02629,2027-06-22,CUST-006,锌精矿,468.8,16169.48,7580252.22,华东,已完成
ORD-02630,2027-06-25,CUST-034,钼精矿,108.5,302376.29,32807827.46,西北,已完成
ORD-02631,2027-07-01,CUST-020,金矿石,158.7,442920.33,70291456.37,东北,已完成
ORD-02632,2027-07-05,CUST-043,铜精矿,218.0,57987.25,12641220.50,华东,已取消
ORD-02633,2027-07-08,CUST-013,银精矿,68.7,4878052.92,335122235.60,华南,已完成
ORD-02634,2027-07-12,CUST-036,锌精矿,453.0,19716.48,8931565.44,华北,已完成
ORD-02635,2027-07-15,CUST-001,钼精矿,84.3,302362.10,25489125.03,西南,已完成
ORD-02636,2027-07-18,CUST-028,金矿石,294.3,462715.45,136177156.94,华东,进行中
ORD-02637,2027-07-22,CUST-047,铜精矿,259.5,59599.80,15466148.10,华南,已完成
ORD-02638,2027-07-25,CUST-010,银精矿,28.9,3620595.79,104635218.33,西北,已完成
ORD-02639,2027-08-01,CUST-023,锌精矿,367.5,17722.24,6512923.20,华东,已完成
ORD-02640,2027-08-05,CUST-038,钼精矿,91.1,307915.10,28051065.61,东北,已完成
ORD-02641,2027-08-08,CUST-017,金矿石,217.7,453833.85,98799629.14,华北,已完成
ORD-02642,2027-08-12,CUST-045,铜精矿,354.5,44391.78,15736886.01,西南,已完成
ORD-02643,2027-08-15,CUST-004,银精矿,44.1,4306118.56,189899828.50,华东,已完成
ORD-02644,2027-08-18,CUST-032,锌精矿,475.6,19606.07,9324646.89,华南,进行中
ORD-02645,2027-08-22,CUST-026,钼精矿,95.1,312837.13,29750811.06,华北,已完成
ORD-02646,2027-08-25,CUST-040,金矿石,199.1,430893.77,85790949.61,西南,已完成
ORD-02647,2027-09-01,CUST-024,铜精矿,264.9,53292.25,14117117.02,华东,已取消
ORD-02648,2027-09-05,CUST-049,银精矿,43.2,4623944.00,199754380.80,东北,已完成
ORD-02649,2027-09-08,CUST-030,锌精矿,448.4,21170.98,9493067.43,西北,已完成
ORD-02650,2027-09-12,CUST-007,钼精矿,83.2,288262.48,23983438.34,华南,已完成
ORD-02651,2027-09-15,CUST-015,金矿石,258.3,433840.28,112060944.32,华东,已完成
ORD-02652,2027-09-18,CUST-042,铜精矿,300.7,53404.62,16058769.23,华北,已完成
ORD-02653,2027-09-22,CUST-021,银精矿,34.6,3798320.80,131421899.68,西南,进行中
ORD-02654,2027-09-25,CUST-008,锌精矿,404.1,17337.96,7006269.64,华南,已完成
ORD-02655,2027-10-01,CUST-035,钼精矿,109.0,294450.56,32095111.04,华东,已完成
ORD-02656,2027-10-05,CUST-012,金矿石,150.8,373460.26,56317807.21,东北,已完成
ORD-02657,2027-10-08,CUST-044,铜精矿,212.5,51434.09,10929744.12,西北,已完成
ORD-02658,2027-10-12,CUST-003,银精矿,60.5,4035366.10,244139649.05,华东,已完成
ORD-02659,2027-10-15,CUST-018,锌精矿,380.6,17734.66,6749811.60,华北,已取消
ORD-02660,2027-10-18,CUST-029,钼精矿,89.8,336405.11,30209178.88,华南,已完成
ORD-02661,2027-10-22,CUST-046,金矿石,166.1,390038.90,64785461.29,西南,已完成
ORD-02662,2027-10-25,CUST-011,铜精矿,373.0,56366.42,21024674.66,华东,已完成
ORD-02663,2027-11-01,CUST-037,银精矿,46.7,4282397.85,199987979.59,华南,已完成
ORD-02664,2027-11-05,CUST-019,锌精矿,458.5,18901.21,8666204.79,西北,进行中
ORD-02665,2027-11-08,CUST-033,钼精矿,89.4,324684.10,29026758.54,东北,已完成
ORD-02666,2027-11-12,CUST-005,金矿石,227.8,357530.48,81445443.34,华北,已完成
ORD-02667,2027-11-15,CUST-027,铜精矿,237.4,57767.75,13714063.85,华东,已完成
ORD-02668,2027-11-18,CUST-048,银精矿,29.9,4686624.63,140130076.44,西南,已完成
ORD-02669,2027-11-22,CUST-014,锌精矿,389.5,21506.06,8376610.37,华南,已完成
ORD-02670,2027-11-25,CUST-039,钼精矿,138.9,314970.36,43749383.00,华东,已完成
ORD-02671,2027-12-01,CUST-002,金矿石,194.5,438792.42,85345125.69,华东,已完成
ORD-02672,2027-12-05,CUST-031,铜精矿,336.3,58779.93,19767690.46,东北,已取消
ORD-02673,2027-12-08,CUST-016,银精矿,49.2,4226470.30,207942338.76,华北,已完成
ORD-02674,2027-12-12,CUST-025,锌精矿,395.2,16915.14,6684863.33,西南,已完成
ORD-02675,2027-12-15,CUST-009,钼精矿,94.7,314587.78,29791462.77,华南,进行中
ORD-02676,2027-12-18,CUST-041,金矿石,280.5,394221.29,110579071.84,西北,已完成
ORD-02677,2027-12-22,CUST-006,铜精矿,251.1,60138.77,15100845.15,华东,已完成
ORD-02678,2027-12-25,CUST-034,银精矿,58.7,4187463.00,245804078.10,华南,已完成
ORD-02679,2028-01-01,CUST-020,锌精矿,454.6,16773.84,7625387.66,华北,已完成
ORD-02680,2028-01-05,CUST-043,钼精矿,80.5,320886.95,25831399.48,华东,已完成
ORD-02681,2028-01-08,CUST-013,金矿石,154.0,443496.24,68298420.96,东北,已完成
ORD-02682,2028-01-12,CUST-036,铜精矿,244.6,52347.34,12804159.36,西南,已完成
ORD-02683,2028-01-15,CUST-001,银精矿,63.9,4741914.69,303008348.69,华东,进行中
ORD-02684,2028-01-18,CUST-028,锌精矿,390.7,19205.12,7503440.38,华南,已完成
ORD-02685,2028-01-22,CUST-047,钼精矿,93.0,356283.73,33134386.89,西北,已完成
ORD-02686,2028-01-25,CUST-010,金矿石,239.9,454044.43,108925258.76,华北,已完成
ORD-02687,2028-02-01,CUST-023,铜精矿,365.2,52971.27,19345107.80,华东,已完成
ORD-02688,2028-02-05,CUST-038,银精矿,43.1,4878680.87,210271145.50,西南,已完成
ORD-02689,2028-02-08,CUST-017,锌精矿,395.5,16065.04,6353723.32,东北,已取消
ORD-02690,2028-02-12,CUST-045,钼精矿,75.3,276458.89,20817354.42,华南,已完成
ORD-02691,2028-02-15,CUST-004,金矿石,243.3,461207.12,112211692.30,华东,已完成
ORD-02692,2028-02-18,CUST-032,铜精矿,252.5,59147.37,14934710.93,华北,已完成
ORD-02693,2028-02-22,CUST-026,银精矿,43.3,4410892.56,190991647.85,西北,进行中
ORD-02694,2028-02-25,CUST-040,锌精矿,371.6,15925.74,5918004.98,华南,已完成
ORD-02695,2028-02-28,CUST-024,钼精矿,111.6,327103.10,36504705.96,西南,已完成
ORD-02696,2028-02-28,CUST-049,金矿石,122.2,371217.00,45362717.40,东北,已完成
ORD-02697,2028-02-28,CUST-030,铜精矿,296.8,54123.53,16063863.70,华东,已完成
ORD-02698,2028-02-28,CUST-007,银精矿,39.5,4190064.45,165507545.78,华北,已完成
ORD-02699,2028-02-28,CUST-015,锌精矿,452.2,17022.41,7697533.80,华南,已完成
ORD-02700,2028-02-28,CUST-042,钼精矿,95.2,318937.86,30362884.27,西南,已完成
ORD-02701,2027-04-05,CUST-012,金矿石,133.9,387992.61,51952210.48,华东,已完成
ORD-02702,2027-04-08,CUST-035,铜精矿,289.6,46468.55,13457292.08,华南,已完成
ORD-02703,2027-04-12,CUST-007,银精矿,52.0,4808945.40,250065160.80,华北,已完成
ORD-02704,2027-04-15,CUST-021,锌精矿,477.0,16364.80,7806009.60,西南,进行中
ORD-02705,2027-04-18,CUST-042,钼精矿,92.7,316362.56,29326809.31,华东,已完成
ORD-02706,2027-04-22,CUST-018,金矿石,205.6,338990.34,69696413.90,西北,已完成
ORD-02707,2027-04-25,CUST-003,铜精矿,190.3,54213.01,10316735.80,华南,已取消
ORD-02708,2027-05-01,CUST-029,银精矿,63.9,3896169.40,248965224.66,华东,已完成
ORD-02709,2027-05-05,CUST-015,锌精矿,397.3,17233.83,6847000.66,东北,已完成
ORD-02710,2027-05-08,CUST-037,钼精矿,93.3,369558.63,34479820.18,华北,已完成
ORD-02711,2027-05-12,CUST-008,金矿石,190.8,373064.72,71180748.58,华南,进行中
ORD-02712,2027-05-15,CUST-044,铜精矿,244.4,51524.72,12592641.57,西南,已完成
ORD-02713,2027-05-20,CUST-022,银精矿,30.0,4952308.25,148569247.50,华东,已完成
ORD-02714,2027-05-25,CUST-011,锌精矿,339.4,21259.32,7215413.21,华北,已完成
ORD-02715,2027-06-01,CUST-033,钼精矿,128.4,320324.90,41129717.16,西北,已完成
ORD-02716,2027-06-05,CUST-019,金矿石,318.2,384271.33,122275137.21,华东,已完成
ORD-02717,2027-06-08,CUST-046,铜精矿,309.2,45645.44,14113570.05,东北,已取消
ORD-02718,2027-06-12,CUST-005,银精矿,47.2,4068619.72,192038850.78,华南,已完成
ORD-02719,2027-06-15,CUST-027,锌精矿,461.7,16089.39,7428471.36,西南,已完成
ORD-02720,2027-06-18,CUST-014,钼精矿,70.1,299967.47,21027719.65,华北,进行中
ORD-02721,2027-06-22,CUST-039,金矿石,179.5,368297.45,66109392.27,华东,已完成
ORD-02722,2027-06-25,CUST-002,铜精矿,324.2,59722.58,19362060.44,华南,已完成
ORD-02723,2027-07-01,CUST-031,银精矿,37.8,4116048.74,155586642.37,西北,已完成
ORD-02724,2027-07-05,CUST-016,锌精矿,421.1,20578.09,8665433.70,华东,已完成
ORD-02725,2027-07-08,CUST-048,钼精矿,78.8,371756.54,29294415.35,东北,已完成
ORD-02726,2027-07-12,CUST-009,金矿石,190.7,349923.89,66730485.82,华北,已完成
ORD-02727,2027-07-15,CUST-025,铜精矿,318.0,60112.84,19115883.12,西南,进行中
ORD-02728,2027-07-18,CUST-041,银精矿,62.1,3570349.28,221718690.29,华南,已完成
ORD-02729,2027-07-22,CUST-006,锌精矿,446.9,16495.54,7371856.83,华东,已完成
ORD-02730,2027-07-25,CUST-034,钼精矿,102.0,295942.22,30186106.44,西北,已完成
ORD-02731,2027-08-01,CUST-020,金矿石,165.2,401661.95,66354554.14,东北,已完成
ORD-02732,2027-08-05,CUST-043,铜精矿,234.4,45472.73,10658807.91,华东,已取消
ORD-02733,2027-08-08,CUST-013,银精矿,72.5,4106538.99,297724076.78,华南,已完成
ORD-02734,2027-08-12,CUST-036,锌精矿,436.0,18829.47,8209648.92,华北,已完成
ORD-02735,2027-08-15,CUST-001,钼精矿,84.2,344998.92,29048909.06,西南,已完成
ORD-02736,2027-08-18,CUST-028,金矿石,229.1,375447.05,86014919.16,华东,进行中
ORD-02737,2027-08-22,CUST-047,铜精矿,245.7,56688.24,13928300.57,华南,已完成
ORD-02738,2027-08-25,CUST-010,银精矿,28.9,3926102.86,113464372.65,西北,已完成
ORD-02739,2027-09-01,CUST-023,锌精矿,309.9,18190.59,5637263.84,华东,已完成
ORD-02740,2027-09-05,CUST-038,钼精矿,89.4,369080.56,32995802.06,东北,已完成
ORD-02741,2027-09-08,CUST-017,金矿石,190.9,362755.34,69249994.41,华北,已完成
ORD-02742,2027-09-12,CUST-045,铜精矿,325.8,57194.36,18633922.49,西南,已完成
ORD-02743,2027-09-15,CUST-004,银精矿,52.8,4690198.96,247642505.09,华东,已完成
ORD-02744,2027-09-18,CUST-032,锌精矿,418.3,20432.10,8546747.43,华南,进行中
ORD-02745,2027-09-22,CUST-026,钼精矿,111.5,371429.65,41414405.98,华北,已完成
ORD-02746,2027-09-25,CUST-040,金矿石,209.5,387506.09,81182525.86,西南,已完成
ORD-02747,2027-10-01,CUST-024,铜精矿,269.9,46257.56,12484915.44,华东,已取消
ORD-02748,2027-10-05,CUST-049,银精矿,36.8,3678222.08,135358572.54,东北,已完成
ORD-02749,2027-10-08,CUST-030,锌精矿,384.1,15866.97,6094503.18,西北,已完成
ORD-02750,2027-10-12,CUST-007,钼精矿,81.5,277559.78,22621122.07,华南,已完成
ORD-02751,2027-10-15,CUST-015,金矿石,236.4,414673.63,98028846.13,华东,已完成
ORD-02752,2027-10-18,CUST-042,铜精矿,313.4,54944.28,17219537.35,华北,已完成
ORD-02753,2027-10-22,CUST-021,银精矿,37.6,4074221.75,153190737.80,西南,进行中
ORD-02754,2027-10-25,CUST-008,锌精矿,388.4,21677.24,8419440.02,华南,已完成
ORD-02755,2027-11-01,CUST-035,钼精矿,132.2,352498.88,46600351.94,华东,已完成
ORD-02756,2027-11-05,CUST-012,金矿石,172.9,343101.74,59322290.85,东北,已完成
ORD-02757,2027-11-08,CUST-044,铜精矿,223.7,46826.55,10475099.23,西北,已完成
ORD-02758,2027-11-12,CUST-003,银精矿,54.0,4145129.21,223836977.34,华东,已完成
ORD-02759,2027-11-15,CUST-018,锌精矿,389.3,21032.13,8187808.21,华北,已取消
ORD-02760,2027-11-18,CUST-029,钼精矿,80.9,339337.54,27452406.99,华南,已完成
ORD-02761,2027-11-22,CUST-046,金矿石,204.1,379923.99,77542486.36,西南,已完成
ORD-02762,2027-11-25,CUST-011,铜精矿,337.0,61804.47,20828106.39,华东,已完成
ORD-02763,2027-12-01,CUST-037,银精矿,45.4,4167922.67,189223689.22,华南,已完成
ORD-02764,2027-12-05,CUST-019,锌精矿,414.4,19369.23,8026608.91,西北,进行中
ORD-02765,2027-12-08,CUST-033,钼精矿,105.8,290289.03,30712579.37,东北,已完成
ORD-02766,2027-12-12,CUST-005,金矿石,245.7,450609.66,110714793.46,华北,已完成
ORD-02767,2027-12-15,CUST-027,铜精矿,192.9,51291.15,9894062.84,华东,已完成
ORD-02768,2027-12-18,CUST-048,银精矿,28.8,4969349.00,143117251.20,西南,已完成
ORD-02769,2027-12-22,CUST-014,锌精矿,457.9,18751.94,8586513.33,华南,已完成
ORD-02770,2027-12-25,CUST-039,钼精矿,109.7,305350.97,33497001.41,华东,已完成
ORD-02771,2028-01-01,CUST-002,金矿石,214.3,379168.92,81255899.56,华东,已完成
ORD-02772,2028-01-05,CUST-031,铜精矿,410.9,45706.03,18780607.73,东北,已取消
ORD-02773,2028-01-08,CUST-016,银精矿,55.3,4147416.32,229352122.50,华北,已完成
ORD-02774,2028-01-12,CUST-025,锌精矿,297.4,16252.66,4833541.08,西南,已完成
ORD-02775,2028-01-15,CUST-009,钼精矿,88.5,314002.45,27789216.82,华南,进行中
ORD-02776,2028-01-18,CUST-041,金矿石,239.9,380807.26,91355661.67,西北,已完成
ORD-02777,2028-01-22,CUST-006,铜精矿,201.5,46259.25,9321238.88,华东,已完成
ORD-02778,2028-01-25,CUST-034,银精矿,64.1,4168474.80,267199234.68,华南,已完成
ORD-02779,2028-02-01,CUST-020,锌精矿,519.8,18625.49,9681529.70,华北,已完成
ORD-02780,2028-02-05,CUST-043,钼精矿,87.2,360266.92,31415275.42,华东,已完成
ORD-02781,2028-02-08,CUST-013,金矿石,198.6,399287.20,79298437.92,东北,已完成
ORD-02782,2028-02-12,CUST-036,铜精矿,301.9,55956.18,16893170.74,西南,已完成
ORD-02783,2028-02-15,CUST-001,银精矿,63.6,4915512.67,312626605.81,华东,进行中
ORD-02784,2028-02-18,CUST-028,锌精矿,325.2,16031.55,5213460.06,华南,已完成
ORD-02785,2028-02-22,CUST-047,钼精矿,113.5,297305.52,33744176.52,西北,已完成
ORD-02786,2028-02-25,CUST-010,金矿石,221.2,434802.74,96178366.09,华北,已完成
ORD-02787,2028-03-01,CUST-023,铜精矿,322.5,47496.84,15317730.90,华东,已完成
ORD-02788,2028-03-05,CUST-038,银精矿,39.0,3933807.54,153418494.06,西南,已完成
ORD-02789,2028-03-08,CUST-017,锌精矿,393.5,15720.76,6186119.06,东北,已取消
ORD-02790,2028-03-12,CUST-045,钼精矿,92.6,284390.79,26334587.15,华南,已完成
ORD-02791,2028-03-15,CUST-004,金矿石,265.8,394177.94,104772496.45,华东,已完成
ORD-02792,2028-03-18,CUST-032,铜精矿,304.4,58583.89,17832936.12,华北,已完成
ORD-02793,2028-03-22,CUST-026,银精矿,47.4,4760009.13,225624432.76,西北,进行中
ORD-02794,2028-03-25,CUST-040,锌精矿,378.5,18677.42,7069403.47,华南,已完成
ORD-02795,2028-03-28,CUST-024,钼精矿,104.7,332394.24,34801676.93,西南,已完成
ORD-02796,2028-03-28,CUST-049,金矿石,135.6,436921.37,59246537.77,东北,已完成
ORD-02797,2028-03-28,CUST-030,铜精矿,316.2,53777.45,17004429.69,华东,已完成
ORD-02798,2028-03-28,CUST-007,银精矿,36.7,4029289.27,147874916.21,华北,已完成
ORD-02799,2028-03-28,CUST-015,锌精矿,439.1,19868.29,8724166.14,华南,已完成
ORD-02800,2028-03-28,CUST-042,钼精矿,104.3,293021.84,30562177.91,西南,已完成
ORD-02801,2027-05-05,CUST-012,金矿石,129.9,399490.63,51893832.84,华东,已完成
ORD-02802,2027-05-08,CUST-035,铜精矿,364.7,59000.50,21517482.35,华南,已完成
ORD-02803,2027-05-12,CUST-007,银精矿,42.0,3831676.80,160930425.60,华北,已完成
ORD-02804,2027-05-15,CUST-021,锌精矿,559.9,20688.98,11583759.90,西南,进行中
ORD-02805,2027-05-18,CUST-042,钼精矿,85.2,334029.44,28459308.29,华东,已完成
ORD-02806,2027-05-22,CUST-018,金矿石,171.5,423301.71,72596243.27,西北,已完成
ORD-02807,2027-05-25,CUST-003,铜精矿,200.9,52906.51,10628917.86,华南,已取消
ORD-02808,2027-06-01,CUST-029,银精矿,67.3,3985323.85,268212295.10,华东,已完成
ORD-02809,2027-06-05,CUST-015,锌精矿,447.9,17993.82,8059431.98,东北,已完成
ORD-02810,2027-06-08,CUST-037,钼精矿,90.8,328882.99,29862575.49,华北,已完成
ORD-02811,2027-06-12,CUST-008,金矿石,188.9,349364.51,65994955.94,华南,进行中
ORD-02812,2027-06-15,CUST-044,铜精矿,247.7,52331.98,12962631.45,西南,已完成
ORD-02813,2027-06-20,CUST-022,银精矿,34.6,3613902.50,125041026.50,华东,已完成
ORD-02814,2027-06-25,CUST-011,锌精矿,422.2,20487.77,8649936.49,华北,已完成
ORD-02815,2027-07-01,CUST-033,钼精矿,116.2,342876.50,39842249.30,西北,已完成
ORD-02816,2027-07-05,CUST-019,金矿石,297.5,459131.96,136591758.10,华东,已完成
ORD-02817,2027-07-08,CUST-046,铜精矿,346.2,51011.00,17660008.20,东北,已取消
ORD-02818,2027-07-12,CUST-005,银精矿,49.7,3749564.50,186353355.65,华南,已完成
ORD-02819,2027-07-15,CUST-027,锌精矿,485.7,18916.32,9187656.62,西南,已完成
ORD-02820,2027-07-18,CUST-014,钼精矿,65.6,345988.68,22696857.41,华北,进行中
ORD-02821,2027-07-22,CUST-039,金矿石,173.3,436251.94,75602461.20,华东,已完成
ORD-02822,2027-07-25,CUST-002,铜精矿,248.8,61006.10,15178317.68,华南,已完成
ORD-02823,2027-08-01,CUST-031,银精矿,39.9,3786977.36,151100396.66,西北,已完成
ORD-02824,2027-08-05,CUST-016,锌精矿,403.7,20395.35,8233602.79,华东,已完成
ORD-02825,2027-08-08,CUST-048,钼精矿,90.5,275845.04,24963976.12,东北,已完成
ORD-02826,2027-08-12,CUST-009,金矿石,194.9,349394.86,68097058.21,华北,已完成
ORD-02827,2027-08-15,CUST-025,铜精矿,290.5,53451.55,15527675.28,西南,进行中
ORD-02828,2027-08-18,CUST-041,银精矿,64.7,4596174.41,297372484.33,华南,已完成
ORD-02829,2027-08-22,CUST-006,锌精矿,464.4,19852.75,9219617.10,华东,已完成
ORD-02830,2027-08-25,CUST-034,钼精矿,89.6,311031.53,27868425.09,西北,已完成
ORD-02831,2027-09-01,CUST-020,金矿石,168.5,455123.34,76688282.79,东北,已完成
ORD-02832,2027-09-05,CUST-043,铜精矿,282.1,52356.49,14769765.83,华东,已取消
ORD-02833,2027-09-08,CUST-013,银精矿,71.8,4409309.70,316588436.46,华南,已完成
ORD-02834,2027-09-12,CUST-036,锌精矿,419.1,17247.07,7228247.04,华北,已完成
ORD-02835,2027-09-15,CUST-001,钼精矿,82.6,345899.33,28571284.66,西南,已完成
ORD-02836,2027-09-18,CUST-028,金矿石,272.0,422693.11,114972525.92,华东,进行中
ORD-02837,2027-09-22,CUST-047,铜精矿,328.9,49204.64,16183406.10,华南,已完成
ORD-02838,2027-09-25,CUST-010,银精矿,32.2,3653661.13,117647888.39,西北,已完成
ORD-02839,2027-10-01,CUST-023,锌精矿,363.2,16155.30,5867604.96,华东,已完成
ORD-02840,2027-10-05,CUST-038,钼精矿,104.4,358818.32,37460632.61,东北,已完成
ORD-02841,2027-10-08,CUST-017,金矿石,201.1,416067.40,83671154.14,华北,已完成
ORD-02842,2027-10-12,CUST-045,铜精矿,333.0,45196.25,15050351.25,西南,已完成
ORD-02843,2027-10-15,CUST-004,银精矿,45.0,3748397.44,168677884.80,华东,已完成
ORD-02844,2027-10-18,CUST-032,锌精矿,361.4,17132.31,6191616.83,华南,进行中
ORD-02845,2027-10-22,CUST-026,钼精矿,105.6,285059.77,30102311.71,华北,已完成
ORD-02846,2027-10-25,CUST-040,金矿石,211.9,435860.53,92358846.31,西南,已完成
ORD-02847,2027-11-01,CUST-024,铜精矿,284.4,56041.52,15938208.29,华东,已取消
ORD-02848,2027-11-05,CUST-049,银精矿,49.4,3873022.40,191327306.56,东北,已完成
ORD-02849,2027-11-08,CUST-030,锌精矿,430.1,19757.63,8497756.66,西北,已完成
ORD-02850,2027-11-12,CUST-007,钼精矿,101.7,359064.90,36516900.33,华南,已完成
ORD-02851,2027-11-15,CUST-015,金矿石,252.9,417609.53,105613450.14,华东,已完成
ORD-02852,2027-11-18,CUST-042,铜精矿,276.2,61212.25,16906823.45,华北,已完成
ORD-02853,2027-11-22,CUST-021,银精矿,37.9,4611487.99,174775394.82,西南,进行中
ORD-02854,2027-11-25,CUST-008,锌精矿,410.0,20531.99,8418115.90,华南,已完成
ORD-02855,2027-12-01,CUST-035,钼精矿,121.2,340724.48,41295806.98,华东,已完成
ORD-02856,2027-12-05,CUST-012,金矿石,160.6,348667.68,55996029.41,东北,已完成
ORD-02857,2027-12-08,CUST-044,铜精矿,222.0,59682.71,13249561.62,西北,已完成
ORD-02858,2027-12-12,CUST-003,银精矿,54.6,3777540.72,206253723.31,华东,已完成
ORD-02859,2027-12-15,CUST-018,锌精矿,321.1,20064.71,6442778.38,华北,已取消
ORD-02860,2027-12-18,CUST-029,钼精矿,93.8,362828.51,34033314.24,华南,已完成
ORD-02861,2027-12-22,CUST-046,金矿石,195.3,394770.27,77098633.73,西南,已完成
ORD-02862,2027-12-25,CUST-011,铜精矿,316.3,56192.43,17773665.61,华东,已完成
ORD-02863,2028-01-01,CUST-037,银精矿,54.7,4052891.10,221693143.17,华南,已完成
ORD-02864,2028-01-05,CUST-019,锌精矿,458.4,17530.36,8035917.02,西北,进行中
ORD-02865,2028-01-08,CUST-033,钼精矿,90.6,325563.55,29496057.63,东北,已完成
ORD-02866,2028-01-12,CUST-005,金矿石,251.2,348020.24,87422684.29,华北,已完成
ORD-02867,2028-01-15,CUST-027,铜精矿,218.3,50309.43,10982548.57,华东,已完成
ORD-02868,2028-01-18,CUST-048,银精矿,29.4,4968650.23,146078316.76,西南,已完成
ORD-02869,2028-01-22,CUST-014,锌精矿,398.4,19818.11,7895535.02,华南,已完成
ORD-02870,2028-01-25,CUST-039,钼精矿,104.4,360236.82,37608724.01,华东,已完成
ORD-02871,2028-02-01,CUST-002,金矿石,203.8,340991.80,69494128.84,华东,已完成
ORD-02872,2028-02-05,CUST-031,铜精矿,353.0,46175.66,16300007.98,东北,已取消
ORD-02873,2028-02-08,CUST-016,银精矿,40.2,4967374.75,199688464.95,华北,已完成
ORD-02874,2028-02-12,CUST-025,锌精矿,319.5,19262.76,6154451.82,西南,已完成
ORD-02875,2028-02-15,CUST-009,钼精矿,79.9,358328.46,28630443.95,华南,进行中
ORD-02876,2028-02-18,CUST-041,金矿石,250.4,448890.24,112402116.10,西北,已完成
ORD-02877,2028-02-22,CUST-006,铜精矿,264.4,47691.30,12609579.72,华东,已完成
ORD-02878,2028-02-25,CUST-034,银精矿,54.2,4639576.20,251465030.04,华南,已完成
ORD-02879,2028-03-01,CUST-020,锌精矿,513.5,21148.68,10859847.18,华北,已完成
ORD-02880,2028-03-05,CUST-043,钼精矿,80.9,321751.52,26029697.97,华东,已完成
ORD-02881,2028-03-08,CUST-013,金矿石,163.7,368459.78,60316865.99,东北,已完成
ORD-02882,2028-03-12,CUST-036,铜精矿,247.8,53312.23,13210770.59,西南,已完成
ORD-02883,2028-03-15,CUST-001,银精矿,68.0,3935105.28,267587159.04,华东,进行中
ORD-02884,2028-03-18,CUST-028,锌精矿,395.1,21909.06,8656269.61,华南,已完成
ORD-02885,2028-03-22,CUST-047,钼精矿,112.3,374468.41,42052802.44,西北,已完成
ORD-02886,2028-03-25,CUST-010,金矿石,221.6,398902.92,88396887.07,华北,已完成
ORD-02887,2028-04-01,CUST-023,铜精矿,343.2,56307.23,19324641.34,华东,已完成
ORD-02888,2028-04-05,CUST-038,银精矿,42.4,4784823.92,202876534.21,西南,已完成
ORD-02889,2028-04-08,CUST-017,锌精矿,358.7,18291.04,6560996.05,东北,已取消
ORD-02890,2028-04-12,CUST-045,钼精矿,93.9,290102.18,27240594.70,华南,已完成
ORD-02891,2028-04-15,CUST-004,金矿石,275.6,423049.06,116592320.94,华东,已完成
ORD-02892,2028-04-18,CUST-032,铜精矿,311.9,57945.05,18073061.09,华北,已完成
ORD-02893,2028-04-22,CUST-026,银精矿,52.0,3589911.30,186675387.60,西北,进行中
ORD-02894,2028-04-25,CUST-040,锌精矿,402.1,19912.62,8006864.50,华南,已完成
ORD-02895,2028-04-28,CUST-024,钼精矿,111.3,328758.55,36590826.61,西南,已完成
ORD-02896,2028-04-28,CUST-049,金矿石,135.0,396238.56,53492205.60,东北,已完成
ORD-02897,2028-04-28,CUST-030,铜精矿,321.1,57827.82,18568513.00,华东,已完成
ORD-02898,2028-04-28,CUST-007,银精矿,34.9,4331321.93,151163135.36,华北,已完成
ORD-02899,2028-04-28,CUST-015,锌精矿,352.2,16267.01,5729240.92,华南,已完成
ORD-02900,2028-04-28,CUST-042,钼精矿,90.8,333418.13,30274366.20,西南,已完成
ORD-02901,2027-06-05,CUST-012,金矿石,143.5,392490.17,56322339.39,华东,已完成
ORD-02902,2027-06-08,CUST-035,铜精矿,317.8,56266.91,17881624.00,华南,已完成
ORD-02903,2027-06-12,CUST-007,银精矿,52.3,4586908.20,239895298.86,华北,已完成
ORD-02904,2027-06-15,CUST-021,锌精矿,456.3,19433.18,8867360.03,西南,进行中
ORD-02905,2027-06-18,CUST-042,钼精矿,85.8,338348.48,29030299.58,华东,已完成
ORD-02906,2027-06-22,CUST-018,金矿石,184.5,387149.88,71429152.86,西北,已完成
ORD-02907,2027-06-25,CUST-003,铜精矿,165.8,58015.34,9618943.37,华南,已取消
ORD-02908,2027-07-01,CUST-029,银精矿,53.3,3797839.30,202424834.69,华东,已完成
ORD-02909,2027-07-05,CUST-015,锌精矿,396.2,18188.00,7206085.60,东北,已完成
ORD-02910,2027-07-08,CUST-037,钼精矿,103.3,348082.56,35956928.45,华北,已完成
ORD-02911,2027-07-12,CUST-008,金矿石,178.1,332680.90,59250468.29,华南,进行中
ORD-02912,2027-07-15,CUST-044,铜精矿,292.6,48074.73,14066666.00,西南,已完成
ORD-02913,2027-07-20,CUST-022,银精矿,31.6,3763268.75,118919292.50,华东,已完成
ORD-02914,2027-07-25,CUST-011,锌精矿,410.8,20059.95,8240627.46,华北,已完成
ORD-02915,2027-08-01,CUST-033,钼精矿,100.3,332393.00,33339017.90,西北,已完成
ORD-02916,2027-08-05,CUST-019,金矿石,324.9,343729.90,111677844.51,华东,已完成
ORD-02917,2027-08-08,CUST-046,铜精矿,323.8,53992.63,17482813.59,东北,已取消
ORD-02918,2027-08-12,CUST-005,银精矿,44.8,3942542.56,176625906.69,华南,已完成
ORD-02919,2027-08-15,CUST-027,锌精矿,444.1,18576.30,8249734.83,西南,已完成
ORD-02920,2027-08-18,CUST-014,钼精矿,66.5,304409.14,20243207.81,华北,进行中
ORD-02921,2027-08-22,CUST-039,金矿石,197.3,343598.34,67791952.48,华东,已完成
ORD-02922,2027-08-25,CUST-002,铜精矿,308.4,48561.09,14976240.16,华南,已完成
ORD-02923,2027-09-01,CUST-031,银精矿,34.4,4623790.70,159058400.08,西北,已完成
ORD-02924,2027-09-05,CUST-016,锌精矿,419.0,17675.39,7405988.41,华东,已完成
ORD-02925,2027-09-08,CUST-048,钼精矿,74.0,306594.41,22687986.34,东北,已完成
ORD-02926,2027-09-12,CUST-009,金矿石,240.0,358981.79,86155629.60,华北,已完成
ORD-02927,2027-09-15,CUST-025,铜精矿,323.0,48864.26,15783155.98,西南,进行中
ORD-02928,2027-09-18,CUST-041,银精矿,58.7,4176801.50,245178248.05,华南,已完成
ORD-02929,2027-09-22,CUST-006,锌精矿,505.1,18954.70,9574018.97,华东,已完成
ORD-02930,2027-09-25,CUST-034,钼精矿,105.1,274231.12,28821690.71,西北,已完成
ORD-02931,2027-10-01,CUST-020,金矿石,147.0,417125.88,61317504.36,东北,已完成
ORD-02932,2027-10-05,CUST-043,铜精矿,204.5,58795.80,12023741.10,华东,已取消
ORD-02933,2027-10-08,CUST-013,银精矿,71.2,4231890.81,301310625.67,华南,已完成
ORD-02934,2027-10-12,CUST-036,锌精矿,462.3,17907.58,8278674.23,华北,已完成
ORD-02935,2027-10-15,CUST-001,钼精矿,88.3,328367.91,28994886.45,西南,已完成
ORD-02936,2027-10-18,CUST-028,金矿石,212.8,420086.35,89394375.28,华东,进行中
ORD-02937,2027-10-22,CUST-047,铜精矿,295.4,60789.85,17957321.69,华南,已完成
ORD-02938,2027-10-25,CUST-010,银精矿,31.5,3919156.36,123453425.34,西北,已完成
ORD-02939,2027-11-01,CUST-023,锌精矿,392.0,18149.97,7114788.24,华东,已完成
ORD-02940,2027-11-05,CUST-038,钼精矿,84.1,344664.59,28986292.02,东北,已完成
ORD-02941,2027-11-08,CUST-017,金矿石,189.8,410842.74,77977952.05,华北,已完成
ORD-02942,2027-11-12,CUST-045,铜精矿,380.9,54336.62,20696818.56,西南,已完成
ORD-02943,2027-11-15,CUST-004,银精矿,46.0,4228742.80,194522168.80,华东,已完成
ORD-02944,2027-11-18,CUST-032,锌精矿,407.8,18631.54,7597942.01,华南,进行中
ORD-02945,2027-11-22,CUST-026,钼精矿,90.6,364117.58,32989052.75,华北,已完成
ORD-02946,2027-11-25,CUST-040,金矿石,174.4,358147.58,62460937.95,西南,已完成
ORD-02947,2027-12-01,CUST-024,铜精矿,286.8,59765.15,17140645.02,华东,已取消
ORD-02948,2027-12-05,CUST-049,银精矿,40.0,4390156.16,175606246.40,东北,已完成
ORD-02949,2027-12-08,CUST-030,锌精矿,334.8,20034.36,6707503.73,西北,已完成
ORD-02950,2027-12-12,CUST-007,钼精矿,76.7,291224.16,22336893.07,华南,已完成
ORD-02951,2027-12-15,CUST-015,金矿石,249.3,429212.08,107002571.54,华东,已完成
ORD-02952,2027-12-18,CUST-042,铜精矿,266.9,54086.79,14435764.25,华北,已完成
ORD-02953,2027-12-22,CUST-021,银精矿,43.6,4389022.95,191361400.62,西南,进行中
ORD-02954,2027-12-25,CUST-008,锌精矿,460.7,16620.13,7656893.89,华南,已完成
ORD-02955,2028-01-01,CUST-035,钼精矿,99.0,302972.48,29994275.52,华东,已完成
ORD-02956,2028-01-05,CUST-012,金矿石,152.2,454498.85,69174724.97,东北,已完成
ORD-02957,2028-01-08,CUST-044,铜精矿,293.4,43585.89,12788100.13,西北,已完成
ORD-02958,2028-01-12,CUST-003,银精矿,56.6,4377976.88,247793491.41,华东,已完成
ORD-02959,2028-01-15,CUST-018,锌精矿,351.7,17138.70,6027680.79,华北,已取消
ORD-02960,2028-01-18,CUST-029,钼精矿,82.9,353316.51,29289938.68,华南,已完成
ORD-02961,2028-01-22,CUST-046,金矿石,228.1,439078.96,100153910.78,西南,已完成
ORD-02962,2028-01-25,CUST-011,铜精矿,362.9,48876.01,17737104.03,华东,已完成
ORD-02963,2028-02-01,CUST-037,银精矿,44.4,3695834.23,164095039.81,华南,已完成
ORD-02964,2028-02-05,CUST-019,锌精矿,513.2,21322.24,10942573.57,西北,进行中
ORD-02965,2028-02-08,CUST-033,钼精矿,104.5,285677.28,29853275.76,东北,已完成
ORD-02966,2028-02-12,CUST-005,金矿石,240.1,422955.24,101551553.12,华北,已完成
ORD-02967,2028-02-15,CUST-027,铜精矿,236.7,48619.36,11508202.51,华东,已完成
ORD-02968,2028-02-18,CUST-048,银精矿,33.7,4359178.67,146904321.18,西南,已完成
ORD-02969,2028-02-22,CUST-014,锌精矿,447.8,21228.01,9505902.88,华南,已完成
ORD-02970,2028-02-25,CUST-039,钼精矿,139.5,317195.03,44248706.69,华东,已完成
ORD-02971,2028-03-01,CUST-002,金矿石,215.5,373561.86,80502580.83,华东,已完成
ORD-02972,2028-03-05,CUST-031,铜精矿,345.3,52097.87,17989394.51,东北,已取消
ORD-02973,2028-03-08,CUST-016,银精矿,44.6,3998231.57,178321128.02,华北,已完成
ORD-02974,2028-03-12,CUST-025,锌精矿,371.7,21715.50,8071651.35,西南,已完成
ORD-02975,2028-03-15,CUST-009,钼精矿,103.7,293207.00,30405565.90,华南,进行中
ORD-02976,2028-03-18,CUST-041,金矿石,247.6,411790.67,101959369.89,西北,已完成
ORD-02977,2028-03-22,CUST-006,铜精矿,223.4,45935.71,10262037.61,华东,已完成
ORD-02978,2028-03-25,CUST-034,银精矿,60.1,4922181.60,295823114.16,华南,已完成
ORD-02979,2028-04-01,CUST-020,锌精矿,401.2,17579.09,7052730.91,华北,已完成
ORD-02980,2028-04-05,CUST-043,钼精矿,85.0,323006.19,27455526.15,华东,已完成
ORD-02981,2028-04-08,CUST-013,金矿石,175.6,418549.43,73497279.91,东北,已完成
ORD-02982,2028-04-12,CUST-036,铜精矿,278.2,61513.83,17113147.51,西南,已完成
ORD-02983,2028-04-15,CUST-001,银精矿,59.2,4163945.27,246505559.98,华东,进行中
ORD-02984,2028-04-18,CUST-028,锌精矿,343.8,16102.09,5535898.54,华南,已完成
ORD-02985,2028-04-22,CUST-047,钼精矿,114.8,323129.04,37095213.79,西北,已完成
ORD-02986,2028-04-25,CUST-010,金矿石,256.1,343465.77,87961583.70,华北,已完成
ORD-02987,2028-05-01,CUST-023,铜精矿,274.4,60992.78,16736418.83,华东,已完成
ORD-02988,2028-05-05,CUST-038,银精矿,46.5,4895631.15,227646848.48,西南,已完成
ORD-02989,2028-05-08,CUST-017,锌精矿,462.5,17295.83,7999321.38,东北,已取消
ORD-02990,2028-05-12,CUST-045,钼精矿,94.4,305720.44,28860009.54,华南,已完成
ORD-02991,2028-05-15,CUST-004,金矿石,264.6,460261.59,121785216.71,华东,已完成
ORD-02992,2028-05-18,CUST-032,铜精矿,269.3,50092.32,13489861.78,华北,已完成
ORD-02993,2028-05-22,CUST-026,银精矿,44.3,4123975.71,182692123.95,西北,进行中
ORD-02994,2028-05-25,CUST-040,锌精矿,479.8,21945.45,10529426.91,华南,已完成
ORD-02995,2028-05-28,CUST-024,钼精矿,103.2,361039.73,37259300.14,西南,已完成
ORD-02996,2028-05-28,CUST-049,金矿石,153.5,452153.02,69405488.57,东北,已完成
ORD-02997,2028-05-28,CUST-030,铜精矿,337.7,51527.06,17400688.16,华东,已完成
ORD-02998,2028-05-28,CUST-007,银精矿,40.8,4626614.68,188765878.94,华北,已完成
ORD-02999,2028-05-28,CUST-015,锌精矿,411.0,19592.83,8052653.13,华南,已完成
ORD-03000,2028-05-28,CUST-042,钼精矿,103.6,324887.04,33658297.34,西南,已完成
ORD-03001,2027-07-05,CUST-012,金矿石,135.5,409171.84,55442784.32,华东,已完成
ORD-03002,2027-07-08,CUST-035,铜精矿,284.3,47808.75,13592027.62,华南,已完成
ORD-03003,2027-07-12,CUST-007,银精矿,40.7,3865772.40,157336936.68,华北,已完成
ORD-03004,2027-07-15,CUST-021,锌精矿,489.9,16069.93,7872658.71,西南,进行中
ORD-03005,2027-07-18,CUST-042,钼精矿,93.4,374938.88,35019291.39,华东,已完成
ORD-03006,2027-07-22,CUST-018,金矿石,206.7,436866.69,90300344.82,西北,已完成
ORD-03007,2027-07-25,CUST-003,铜精矿,211.6,46102.90,9755373.64,华南,已取消
ORD-03008,2027-08-01,CUST-029,银精矿,69.5,4181710.15,290628855.43,华东,已完成
ORD-03009,2027-08-05,CUST-015,锌精矿,465.4,20233.46,9416652.28,东北,已完成
ORD-03010,2027-08-08,CUST-037,钼精矿,96.1,270234.40,25969525.84,华北,已完成
ORD-03011,2027-08-12,CUST-008,金矿石,163.8,333871.67,54688179.55,华南,进行中
ORD-03012,2027-08-15,CUST-044,铜精矿,293.8,56115.07,16486607.57,西南,已完成
ORD-03013,2027-08-20,CUST-022,银精矿,32.3,4092155.00,132176606.50,华东,已完成
ORD-03014,2027-08-25,CUST-011,锌精矿,368.0,21694.50,7983576.00,华北,已完成
ORD-03015,2027-09-01,CUST-033,钼精矿,111.3,363507.71,40458408.12,西北,已完成
ORD-03016,2027-09-05,CUST-019,金矿石,278.4,385163.91,107229632.54,华东,已完成
ORD-03017,2027-09-08,CUST-046,铜精矿,321.8,49448.28,15912456.50,东北,已取消
ORD-03018,2027-09-12,CUST-005,银精矿,52.7,4138831.18,218116403.19,华南,已完成
ORD-03019,2027-09-15,CUST-027,锌精矿,431.1,17853.68,7696721.45,西南,已完成
ORD-03020,2027-09-18,CUST-014,钼精矿,68.1,299255.53,20379301.59,华北,进行中
ORD-03021,2027-09-22,CUST-039,金矿石,176.8,437707.84,77386746.11,华东,已完成
ORD-03022,2027-09-25,CUST-002,铜精矿,255.4,52019.71,13285833.93,华南,已完成
ORD-03023,2027-10-01,CUST-031,银精矿,40.6,4573239.32,185673516.39,西北,已完成
ORD-03024,2027-10-05,CUST-016,锌精矿,402.4,16459.80,6623423.52,华东,已完成
ORD-03025,2027-10-08,CUST-048,钼精矿,93.7,313847.51,29407511.69,东北,已完成
ORD-03026,2027-10-12,CUST-009,金矿石,242.7,445264.15,108065609.20,华北,已完成
ORD-03027,2027-10-15,CUST-025,铜精矿,318.2,49685.94,15810066.11,西南,进行中
ORD-03028,2027-10-18,CUST-041,银精矿,59.1,3567722.15,210852379.06,华南,已完成
ORD-03029,2027-10-22,CUST-006,锌精矿,423.0,16317.64,6902361.72,华东,已完成
ORD-03030,2027-10-25,CUST-034,钼精矿,89.6,372744.44,33397901.82,西北,已完成
ORD-03031,2027-11-01,CUST-020,金矿石,169.2,426360.93,72140269.36,东北,已完成
ORD-03032,2027-11-05,CUST-043,铜精矿,277.9,59129.13,16431985.23,华东,已取消
ORD-03033,2027-11-08,CUST-013,银精矿,57.3,4852926.72,278072701.06,华南,已完成
ORD-03034,2027-11-12,CUST-036,锌精矿,371.8,18347.71,6821678.58,华北,已完成
ORD-03035,2027-11-15,CUST-001,钼精矿,88.2,329014.09,29019042.74,西南,已完成
ORD-03036,2027-11-18,CUST-028,金矿石,289.7,399478.60,115728950.42,华东,进行中
ORD-03037,2027-11-22,CUST-047,铜精矿,281.3,49849.32,14022613.72,华南,已完成
ORD-03038,2027-11-25,CUST-010,银精矿,34.3,4009044.07,137510211.60,西北,已完成
ORD-03039,2027-12-01,CUST-023,锌精矿,315.2,21018.59,6625059.57,华东,已完成
ORD-03040,2027-12-05,CUST-038,钼精矿,98.4,301512.97,29668876.25,东北,已完成
ORD-03041,2027-12-08,CUST-017,金矿石,189.3,383538.44,72603826.69,华北,已完成
ORD-03042,2027-12-12,CUST-045,铜精矿,350.8,56758.46,19910867.77,西南,已完成
ORD-03043,2027-12-15,CUST-004,银精矿,47.3,4696215.52,222130994.10,华东,已完成
ORD-03044,2027-12-18,CUST-032,锌精矿,460.1,16579.14,7628062.31,华南,进行中
ORD-03045,2027-12-22,CUST-026,钼精矿,103.6,324647.30,33633460.28,华北,已完成
ORD-03046,2027-12-25,CUST-040,金矿石,213.8,422936.54,90423832.25,西南,已完成
ORD-03047,2028-01-01,CUST-024,铜精矿,258.4,57442.49,14843139.42,华东,已取消
ORD-03048,2028-01-05,CUST-049,银精矿,36.0,4845239.36,174428616.96,东北,已完成
ORD-03049,2028-01-08,CUST-030,锌精矿,436.2,20858.52,9098486.42,西北,已完成
ORD-03050,2028-01-12,CUST-007,钼精矿,83.4,362379.42,30222443.63,华南,已完成
ORD-03051,2028-01-15,CUST-015,金矿石,254.4,443327.45,112782503.28,华东,已完成
ORD-03052,2028-01-18,CUST-042,铜精矿,323.9,51800.74,16778259.69,华北,已完成
ORD-03053,2028-01-22,CUST-021,银精矿,39.5,4164342.94,164491546.13,西南,进行中
ORD-03054,2028-01-25,CUST-008,锌精矿,381.9,19449.45,7427744.96,华南,已完成
ORD-03055,2028-02-01,CUST-035,钼精矿,111.4,310628.48,34604012.67,华东,已完成
ORD-03056,2028-02-05,CUST-012,金矿石,158.4,339829.96,53829065.66,东北,已完成
ORD-03057,2028-02-08,CUST-044,铜精矿,267.3,53346.71,14259575.58,西北,已完成
ORD-03058,2028-02-12,CUST-003,银精矿,57.5,4890713.55,281216029.12,华东,已完成
ORD-03059,2028-02-15,CUST-018,锌精矿,372.4,21369.19,7957886.36,华北,已取消
ORD-03060,2028-02-18,CUST-029,钼精矿,73.8,318789.52,23526666.58,华南,已完成
ORD-03061,2028-02-22,CUST-046,金矿石,172.2,431623.85,74325626.97,西南,已完成
ORD-03062,2028-02-25,CUST-011,铜精矿,386.0,55478.72,21414785.92,华东,已完成
ORD-03063,2028-03-01,CUST-037,银精矿,58.6,4718043.39,276477342.65,华南,已完成
ORD-03064,2028-03-05,CUST-019,锌精矿,416.2,15961.42,6643143.00,西北,进行中
ORD-03065,2028-03-08,CUST-033,钼精矿,94.9,281398.00,26704670.20,东北,已完成
ORD-03066,2028-03-12,CUST-005,金矿石,271.0,358406.76,97128231.96,华北,已完成
ORD-03067,2028-03-15,CUST-027,铜精矿,213.3,45010.54,9600748.18,华东,已完成
ORD-03068,2028-03-18,CUST-048,银精矿,32.7,4239967.66,138646942.48,西南,已完成
ORD-03069,2028-03-22,CUST-014,锌精矿,376.6,21321.92,8029835.07,华南,已完成
ORD-03070,2028-03-25,CUST-039,钼精矿,127.6,277495.49,35408424.52,华东,已完成
ORD-03071,2028-04-01,CUST-002,金矿石,197.5,333317.62,65830229.95,华东,已完成
ORD-03072,2028-04-05,CUST-031,铜精矿,334.3,50414.60,16853600.78,东北,已取消
ORD-03073,2028-04-08,CUST-016,银精矿,55.1,3967139.80,218589402.98,华北,已完成
ORD-03074,2028-04-12,CUST-025,锌精矿,322.8,20401.11,6585478.31,西南,已完成
ORD-03075,2028-04-15,CUST-009,钼精矿,92.1,345791.60,31847406.36,华南,进行中
ORD-03076,2028-04-18,CUST-041,金矿石,254.4,444968.62,113200016.93,西北,已完成
ORD-03077,2028-04-22,CUST-006,铜精矿,214.4,53252.64,11417366.02,华东,已完成
ORD-03078,2028-04-25,CUST-034,银精矿,49.0,3732300.60,182882729.40,华南,已完成
ORD-03079,2028-05-01,CUST-020,锌精矿,548.2,20453.93,11212844.43,华北,已完成
ORD-03080,2028-05-05,CUST-043,钼精矿,68.6,365211.82,25053530.85,华东,已完成
ORD-03081,2028-05-08,CUST-013,金矿石,197.8,449089.34,88829871.45,东北,已完成
ORD-03082,2028-05-12,CUST-036,铜精矿,300.6,47208.16,14190772.90,西南,已完成
ORD-03083,2028-05-15,CUST-001,银精矿,53.4,3589014.15,191653355.61,华东,进行中
ORD-03084,2028-05-18,CUST-028,锌精矿,364.5,17286.99,6301107.86,华南,已完成
ORD-03085,2028-05-22,CUST-047,钼精矿,96.5,347159.56,33500897.54,西北,已完成
ORD-03086,2028-05-25,CUST-010,金矿石,238.5,393324.50,93807893.25,华北,已完成
ORD-03087,2028-06-01,CUST-023,铜精矿,334.4,49681.30,16613426.72,华东,已完成
ORD-03088,2028-06-05,CUST-038,银精矿,42.6,4723466.69,201219680.99,西南,已完成
ORD-03089,2028-06-08,CUST-017,锌精矿,350.3,19443.50,6811058.05,东北,已取消
ORD-03090,2028-06-12,CUST-045,钼精矿,75.2,339871.36,25558326.27,华南,已完成
ORD-03091,2028-06-15,CUST-004,金矿石,287.3,413386.50,118765941.45,华东,已完成
ORD-03092,2028-06-18,CUST-032,铜精矿,253.5,50248.18,12737913.63,华北,已完成
ORD-03093,2028-06-22,CUST-026,银精矿,45.5,3570370.68,162451865.94,西北,进行中
ORD-03094,2028-06-25,CUST-040,锌精矿,424.5,17203.41,7302847.54,华南,已完成
ORD-03095,2028-06-28,CUST-024,钼精矿,99.9,299735.88,29943614.41,西南,已完成
ORD-03096,2028-06-28,CUST-049,金矿石,125.0,355334.43,44416803.75,东北,已完成
ORD-03097,2028-06-28,CUST-030,铜精矿,311.4,59570.39,18550219.45,华东,已完成
ORD-03098,2028-06-28,CUST-007,银精矿,41.3,4907304.26,202671665.94,华北,已完成
ORD-03099,2028-06-28,CUST-015,锌精矿,352.2,17377.45,6120337.89,华南,已完成
ORD-03100,2028-06-28,CUST-042,钼精矿,100.8,355816.29,35866282.03,西南,已完成
ORD-03101,2027-08-05,CUST-012,金矿石,165.6,443030.67,73365878.95,华东,已完成
ORD-03102,2027-08-08,CUST-035,铜精矿,279.6,52955.03,14806226.39,华南,已完成
ORD-03103,2027-08-12,CUST-007,银精矿,45.8,4361544.60,199758742.68,华北,已完成
ORD-03104,2027-08-15,CUST-021,锌精矿,537.3,20547.95,11040413.54,西南,进行中
ORD-03105,2027-08-18,CUST-042,钼精矿,72.0,272137.28,19593884.16,华东,已完成
ORD-03106,2027-08-22,CUST-018,金矿石,212.0,388771.50,82419558.00,西北,已完成
ORD-03107,2027-08-25,CUST-003,铜精矿,172.4,52610.93,9070124.33,华南,已取消
ORD-03108,2027-09-01,CUST-029,银精矿,55.8,4449995.20,248309732.16,华东,已完成
ORD-03109,2027-09-05,CUST-015,锌精矿,492.4,16913.70,8328305.88,东北,已完成
ORD-03110,2027-09-08,CUST-037,钼精矿,105.7,324361.17,34284975.67,华北,已完成
ORD-03111,2027-09-12,CUST-008,金矿石,166.3,383154.27,63718555.10,华南,进行中
ORD-03112,2027-09-15,CUST-044,铜精矿,235.9,46174.69,10892609.37,西南,已完成
ORD-03113,2027-09-20,CUST-022,银精矿,32.5,4192153.25,136244980.62,华东,已完成
ORD-03114,2027-09-25,CUST-011,锌精矿,417.9,18477.57,7721776.50,华北,已完成
ORD-03115,2027-10-01,CUST-033,钼精矿,94.0,338248.65,31795373.10,西北,已完成
ORD-03116,2027-10-05,CUST-019,金矿石,249.7,370559.17,92528624.75,华东,已完成
ORD-03117,2027-10-08,CUST-046,铜精矿,393.8,60302.39,23747081.18,东北,已取消
ORD-03118,2027-10-12,CUST-005,银精矿,53.1,3932335.00,208806988.50,华南,已完成
ORD-03119,2027-10-15,CUST-027,锌精矿,486.6,21384.10,10405503.06,西南,已完成
ORD-03120,2027-10-18,CUST-014,钼精矿,71.3,320921.94,22881734.32,华北,进行中
ORD-03121,2027-10-22,CUST-039,金矿石,164.3,363444.47,59713926.42,华东,已完成
ORD-03122,2027-10-25,CUST-002,铜精矿,331.8,59941.51,19888593.02,华南,已完成
ORD-03123,2027-11-01,CUST-031,银精矿,42.6,3957292.34,168580653.68,西北,已完成
ORD-03124,2027-11-05,CUST-016,锌精矿,347.9,17352.32,6036872.13,华东,已完成
ORD-03125,2027-11-08,CUST-048,钼精矿,84.3,363629.70,30653983.71,东北,已完成
ORD-03126,2027-11-12,CUST-009,金矿石,201.6,414180.83,83498855.33,华北,已完成
ORD-03127,2027-11-15,CUST-025,铜精矿,363.8,55544.51,20207092.74,西南,进行中
ORD-03128,2027-11-18,CUST-041,银精矿,52.1,3984606.20,207597983.02,华南,已完成
ORD-03129,2027-11-22,CUST-006,锌精矿,534.9,21064.12,11267197.79,华东,已完成
ORD-03130,2027-11-25,CUST-034,钼精矿,101.3,331105.43,33540980.06,西北,已完成
ORD-03131,2027-12-01,CUST-020,金矿石,183.8,440538.33,80970945.05,东北,已完成
ORD-03132,2027-12-05,CUST-043,铜精矿,261.3,45438.55,11873093.12,华东,已取消
ORD-03133,2027-12-08,CUST-013,银精矿,58.7,3645891.99,214013859.81,华南,已完成
ORD-03134,2027-12-12,CUST-036,锌精矿,364.3,17617.42,6418026.11,华北,已完成
ORD-03135,2027-12-15,CUST-001,钼精矿,76.0,290296.67,22062546.92,西南,已完成
ORD-03136,2027-12-18,CUST-028,金矿石,247.8,399154.38,98910455.36,华东,进行中
ORD-03137,2027-12-22,CUST-047,铜精矿,313.3,57224.90,17928561.17,华南,已完成
ORD-03138,2027-12-25,CUST-010,银精矿,29.8,4330111.30,129037316.74,西北,已完成
ORD-03139,2028-01-01,CUST-023,锌精矿,315.9,19507.66,6162469.79,华东,已完成
ORD-03140,2028-01-05,CUST-038,钼精矿,93.4,324014.58,30262961.77,东北,已完成
ORD-03141,2028-01-08,CUST-017,金矿石,215.8,363114.77,78360167.37,华北,已完成
ORD-03142,2028-01-12,CUST-045,铜精矿,311.4,46618.39,14516966.65,西南,已完成
ORD-03143,2028-01-15,CUST-004,银精矿,43.7,4574345.20,199898885.24,华东,已完成
ORD-03144,2028-01-18,CUST-032,锌精矿,389.4,17613.08,6858533.35,华南,进行中
ORD-03145,2028-01-22,CUST-026,钼精矿,118.0,307518.29,36287158.22,华北,已完成
ORD-03146,2028-01-25,CUST-040,金矿石,159.6,406801.06,64925449.18,西南,已完成
ORD-03147,2028-02-01,CUST-024,铜精矿,277.0,47514.57,13161535.89,华东,已取消
ORD-03148,2028-02-05,CUST-049,银精矿,47.0,4046681.60,190194035.20,东北,已完成
ORD-03149,2028-02-08,CUST-030,锌精矿,401.5,18005.77,7229316.66,西北,已完成
ORD-03150,2028-02-12,CUST-007,钼精矿,87.0,309250.87,26904825.69,华南,已完成
ORD-03151,2028-02-15,CUST-015,金矿石,223.3,332673.72,74286041.68,华东,已完成
ORD-03152,2028-02-18,CUST-042,铜精矿,352.9,51118.57,18039743.35,华北,已完成
ORD-03153,2028-02-22,CUST-021,银精矿,35.3,3948522.77,139382853.78,西南,进行中
ORD-03154,2028-02-25,CUST-008,锌精矿,381.1,17934.03,6834658.83,华南,已完成
ORD-03155,2028-03-01,CUST-035,钼精矿,107.4,370704.32,39813643.97,华东,已完成
ORD-03156,2028-03-05,CUST-012,金矿石,183.1,367034.00,67203925.40,东北,已完成
ORD-03157,2028-03-08,CUST-044,铜精矿,218.8,49685.35,10871154.58,西北,已完成
ORD-03158,2028-03-12,CUST-003,银精矿,49.7,3999148.43,198757676.97,华东,已完成
ORD-03159,2028-03-15,CUST-018,锌精矿,423.1,20934.58,8857420.80,华北,已取消
ORD-03160,2028-03-18,CUST-029,钼精矿,71.6,375031.20,26852233.92,华南,已完成
ORD-03161,2028-03-22,CUST-046,金矿石,195.5,349898.94,68405242.77,西南,已完成
ORD-03162,2028-03-25,CUST-011,铜精矿,354.7,48133.89,17073090.78,华东,已完成
ORD-03163,2028-04-01,CUST-037,银精矿,54.0,4636951.00,250395354.00,华南,已完成
ORD-03164,2028-04-05,CUST-019,锌精矿,425.7,18342.60,7808444.82,西北,进行中
ORD-03165,2028-04-08,CUST-033,钼精矿,88.9,297453.33,26443601.04,东北,已完成
ORD-03166,2028-04-12,CUST-005,金矿石,217.7,409630.59,89176579.44,华北,已完成
ORD-03167,2028-04-15,CUST-027,铜精矿,236.9,54241.47,12849804.24,华东,已完成
ORD-03168,2028-04-18,CUST-048,银精矿,32.7,4384055.06,143358600.46,西南,已完成
ORD-03169,2028-04-22,CUST-014,锌精矿,407.3,19343.65,7878668.65,华南,已完成
ORD-03170,2028-04-25,CUST-039,钼精矿,124.0,272555.24,33796849.76,华东,已完成
ORD-03171,2028-05-01,CUST-002,金矿石,179.0,449192.61,80405477.19,华东,已完成
ORD-03172,2028-05-05,CUST-031,铜精矿,363.7,46824.69,17030139.75,东北,已取消
ORD-03173,2028-05-08,CUST-016,银精矿,46.6,4771482.62,222351090.09,华北,已完成
ORD-03174,2028-05-12,CUST-025,锌精矿,389.6,17170.80,6689743.68,西南,已完成
ORD-03175,2028-05-15,CUST-009,钼精矿,92.8,289354.42,26852090.18,华南,进行中
ORD-03176,2028-05-18,CUST-041,金矿石,233.6,427191.47,99791927.39,西北,已完成
ORD-03177,2028-05-22,CUST-006,铜精矿,260.1,44358.92,11537755.09,华东,已完成
ORD-03178,2028-05-25,CUST-034,银精矿,62.4,3768752.40,235170149.76,华南,已完成
ORD-03179,2028-06-01,CUST-020,锌精矿,488.8,20254.30,9900301.84,华北,已完成
ORD-03180,2028-06-05,CUST-043,钼精矿,91.7,310459.43,28469129.73,华东,已完成
ORD-03181,2028-06-08,CUST-013,金矿石,196.2,375607.98,73694285.68,东北,已完成
ORD-03182,2028-06-12,CUST-036,铜精矿,284.0,58314.81,16561406.04,西南,已完成
ORD-03183,2028-06-15,CUST-001,银精矿,53.9,4012305.98,216263292.32,华东,进行中
ORD-03184,2028-06-18,CUST-028,锌精矿,375.3,17825.92,6690067.78,华南,已完成
ORD-03185,2028-06-22,CUST-047,钼精矿,111.0,295820.19,32836041.09,西北,已完成
ORD-03186,2028-06-25,CUST-010,金矿石,252.6,418504.51,105714239.23,华北,已完成
ORD-03187,2028-07-01,CUST-023,铜精矿,268.8,53121.62,14279091.46,华东,已完成
ORD-03188,2028-07-05,CUST-038,银精矿,40.9,4428587.76,181129239.38,西南,已完成
ORD-03189,2028-07-08,CUST-017,锌精矿,349.2,17097.89,5970583.19,东北,已取消
ORD-03190,2028-07-12,CUST-045,钼精矿,81.6,295706.82,24129676.51,华南,已完成
ORD-03191,2028-07-15,CUST-004,金矿石,292.6,382831.55,112016511.53,华东,已完成
ORD-03192,2028-07-18,CUST-032,铜精矿,318.5,54836.50,17465425.25,华北,已完成
ORD-03193,2028-07-22,CUST-026,银精矿,52.1,4207917.81,219232517.90,西北,进行中
ORD-03194,2028-07-25,CUST-040,锌精矿,381.9,16272.24,6214368.46,华南,已完成
ORD-03195,2028-07-28,CUST-024,钼精矿,106.9,320282.25,34238172.52,西南,已完成
ORD-03196,2028-07-28,CUST-049,金矿石,143.8,407082.97,58538531.09,东北,已完成
ORD-03197,2028-07-28,CUST-030,铜精矿,264.9,60504.29,16027586.42,华东,已完成
ORD-03198,2028-07-28,CUST-007,银精矿,41.9,3623209.09,151812460.87,华北,已完成
ORD-03199,2028-07-28,CUST-015,锌精矿,437.5,17559.26,7682176.25,华南,已完成
ORD-03200,2028-07-28,CUST-042,钼精矿,80.2,287556.78,23062053.76,西南,已完成
ORD-03201,2027-09-05,CUST-012,金矿石,138.5,408587.41,56589356.28,华东,已完成
ORD-03202,2027-09-08,CUST-035,铜精矿,335.8,55053.70,18487032.46,华南,已完成
ORD-03203,2027-09-12,CUST-007,银精矿,41.5,4104996.00,170357334.00,华北,已完成
ORD-03204,2027-09-15,CUST-021,锌精矿,443.5,17878.23,7928995.00,西南,进行中
ORD-03205,2027-09-18,CUST-042,钼精矿,79.8,355360.64,28357779.07,华东,已完成
ORD-03206,2027-09-22,CUST-018,金矿石,180.8,437252.79,79055304.43,西北,已完成
ORD-03207,2027-09-25,CUST-003,铜精矿,183.8,53123.38,9764077.24,华南,已取消
ORD-03208,2027-10-01,CUST-029,银精矿,61.1,4274014.45,261142282.90,华东,已完成
ORD-03209,2027-10-05,CUST-015,锌精矿,463.9,18438.02,8553397.48,东北,已完成
ORD-03210,2027-10-08,CUST-037,钼精矿,90.4,324101.30,29298757.52,华北,已完成
ORD-03211,2027-10-12,CUST-008,金矿石,156.3,368877.81,57655601.70,华南,进行中
ORD-03212,2027-10-15,CUST-044,铜精矿,229.2,48395.94,11092349.45,西南,已完成
ORD-03213,2027-10-20,CUST-022,银精矿,39.3,3648123.50,143371253.55,华东,已完成
ORD-03214,2027-10-25,CUST-011,锌精矿,352.4,21025.46,7409372.10,华北,已完成
ORD-03215,2027-11-01,CUST-033,钼精矿,112.3,368859.65,41422938.70,西北,已完成
ORD-03216,2027-11-05,CUST-019,金矿石,320.6,422031.51,135303302.11,华东,已完成
ORD-03217,2027-11-08,CUST-046,铜精矿,342.5,55661.03,19063902.77,东北,已取消
ORD-03218,2027-11-12,CUST-005,银精矿,48.4,3803085.22,184069324.65,华南,已完成
ORD-03219,2027-11-15,CUST-027,锌精矿,431.0,21268.71,9166814.01,西南,已完成
ORD-03220,2027-11-18,CUST-014,钼精矿,74.0,340080.62,25165965.88,华北,进行中
ORD-03221,2027-11-22,CUST-039,金矿石,214.5,389918.75,83637571.88,华东,已完成
ORD-03222,2027-11-25,CUST-002,铜精矿,298.0,50010.57,14903149.86,华南,已完成
ORD-03223,2027-12-01,CUST-031,银精矿,36.7,3862177.76,141741923.79,西北,已完成
ORD-03224,2027-12-05,CUST-016,锌精矿,394.0,17987.87,7087220.78,华东,已完成
ORD-03225,2027-12-08,CUST-048,钼精矿,82.0,331217.06,27159798.92,东北,已完成
ORD-03226,2027-12-12,CUST-009,金矿石,224.1,333137.08,74656019.63,华北,已完成
ORD-03227,2027-12-15,CUST-025,铜精矿,291.6,47422.45,13828386.42,西南,进行中
ORD-03228,2027-12-18,CUST-041,银精矿,47.5,4636549.25,220236089.38,华南,已完成
ORD-03229,2027-12-22,CUST-006,锌精矿,438.3,16007.96,7016288.87,华东,已完成
ORD-03230,2027-12-25,CUST-034,钼精矿,108.4,364214.33,39480833.37,西北,已完成
ORD-03231,2028-01-01,CUST-020,金矿石,140.6,386796.70,54383616.02,东北,已完成
ORD-03232,2028-01-05,CUST-043,铜精矿,229.7,53006.06,12175491.98,华东,已取消
ORD-03233,2028-01-08,CUST-013,银精矿,74.6,3848157.90,287072579.34,华南,已完成
ORD-03234,2028-01-12,CUST-036,锌精矿,447.8,17984.10,8053279.98,华北,已完成
ORD-03235,2028-01-15,CUST-001,钼精矿,86.5,371364.90,32123063.85,西南,已完成
ORD-03236,2028-01-18,CUST-028,金矿石,265.7,441627.85,117340519.74,华东,进行中
ORD-03237,2028-01-22,CUST-047,铜精矿,263.7,57073.32,15050234.48,华南,已完成
ORD-03238,2028-01-25,CUST-010,银精矿,35.3,4355535.49,153750402.80,西北,已完成
ORD-03239,2028-02-01,CUST-023,锌精矿,395.1,16733.82,6611532.28,华东,已完成
ORD-03240,2028-02-05,CUST-038,钼精矿,77.4,280946.64,21745269.94,东北,已完成
ORD-03241,2028-02-08,CUST-017,金矿石,199.6,448057.20,89432217.12,华北,已完成
ORD-03242,2028-02-12,CUST-045,铜精矿,320.5,57751.43,18509333.32,西南,已完成
ORD-03243,2028-02-15,CUST-004,银精矿,56.0,4619819.20,258709875.20,华东,已完成
ORD-03244,2028-02-18,CUST-032,锌精矿,356.9,18510.88,6606533.07,华南,进行中
ORD-03245,2028-02-22,CUST-026,钼精矿,106.6,289024.92,30810056.47,华北,已完成
ORD-03246,2028-02-25,CUST-040,金矿石,193.4,337409.39,65254976.03,西南,已完成
ORD-03247,2028-03-01,CUST-024,铜精矿,261.5,61090.62,15975197.13,华东,已取消
ORD-03248,2028-03-05,CUST-049,银精矿,45.9,4621472.96,212125608.86,东北,已完成
ORD-03249,2028-03-08,CUST-030,锌精矿,390.7,21053.51,8225606.36,西北,已完成
ORD-03250,2028-03-12,CUST-007,钼精矿,97.8,288112.79,28177430.86,华南,已完成
ORD-03251,2028-03-15,CUST-015,金矿石,265.4,335814.74,89125232.00,华东,已完成
ORD-03252,2028-03-18,CUST-042,铜精矿,266.9,58441.91,15598145.78,华北,已完成
ORD-03253,2028-03-22,CUST-021,银精矿,42.4,4749369.25,201373256.20,西南,进行中
ORD-03254,2028-03-25,CUST-008,锌精矿,446.7,18415.63,8226261.92,华南,已完成
ORD-03255,2028-04-01,CUST-035,钼精矿,104.1,323448.32,33670970.11,华东,已完成
ORD-03256,2028-04-05,CUST-012,金矿石,159.8,357792.18,57175190.36,东北,已完成
ORD-03257,2028-04-08,CUST-044,铜精矿,230.0,58567.58,13470543.40,西北,已完成
ORD-03258,2028-04-12,CUST-003,银精矿,54.8,4617346.50,253030588.20,华东,已完成
ORD-03259,2028-04-15,CUST-018,锌精矿,371.7,17996.06,6689135.50,华北,已取消
ORD-03260,2028-04-18,CUST-029,钼精矿,78.7,311915.65,24547761.66,华南,已完成
ORD-03261,2028-04-22,CUST-046,金矿石,182.5,350423.22,63952237.65,西南,已完成
ORD-03262,2028-04-25,CUST-011,铜精矿,359.1,49282.58,17697374.48,华东,已完成
ORD-03263,2028-05-01,CUST-037,银精矿,52.3,4913610.96,256981853.21,华南,已完成
ORD-03264,2028-05-05,CUST-019,锌精矿,481.9,20484.64,9871548.02,西北,进行中
ORD-03265,2028-05-08,CUST-033,钼精矿,99.6,348858.25,34746281.70,东北,已完成
ORD-03266,2028-05-12,CUST-005,金矿石,247.9,383123.06,94976206.57,华北,已完成
ORD-03267,2028-05-15,CUST-027,铜精矿,219.8,49601.08,10902317.38,华东,已完成
ORD-03268,2028-05-18,CUST-048,银精矿,30.2,3799739.40,114752129.88,西南,已完成
ORD-03269,2028-05-22,CUST-014,锌精矿,476.8,15990.46,7624251.33,华南,已完成
ORD-03270,2028-05-25,CUST-039,钼精矿,132.8,281485.29,37381246.51,华东,已完成
ORD-03271,2028-06-01,CUST-002,金矿石,237.0,432926.96,102603689.52,华东,已完成
ORD-03272,2028-06-05,CUST-031,铜精矿,358.3,58072.86,20807505.74,东北,已取消
ORD-03273,2028-06-08,CUST-016,银精矿,52.7,4194960.25,221074405.18,华北,已完成
ORD-03274,2028-06-12,CUST-025,锌精矿,375.0,18250.06,6843772.50,西南,已完成
ORD-03275,2028-06-15,CUST-009,钼精矿,92.0,305924.79,28145080.68,华南,进行中
ORD-03276,2028-06-18,CUST-041,金矿石,237.8,387650.62,92183317.44,西北,已完成
ORD-03277,2028-06-22,CUST-006,铜精矿,224.4,53746.46,12060705.62,华东,已完成
ORD-03278,2028-06-25,CUST-034,银精矿,56.1,3745329.00,210112956.90,华南,已完成
ORD-03279,2028-07-01,CUST-020,锌精矿,547.8,18098.62,9914424.04,华北,已完成
ORD-03280,2028-07-05,CUST-043,钼精矿,77.8,357978.98,27850764.64,华东,已完成
ORD-03281,2028-07-08,CUST-013,金矿石,163.2,430506.65,70258685.28,东北,已完成
ORD-03282,2028-07-12,CUST-036,铜精矿,286.2,49501.07,14167206.23,西南,已完成
ORD-03283,2028-07-15,CUST-001,银精矿,69.4,3568850.82,247678246.91,华东,进行中
ORD-03284,2028-07-18,CUST-028,锌精矿,354.6,21317.53,7559196.14,华南,已完成
ORD-03285,2028-07-22,CUST-047,钼精矿,122.4,350575.82,42910480.37,西北,已完成
ORD-03286,2028-07-25,CUST-010,金矿石,230.5,413453.08,95300934.94,华北,已完成
ORD-03287,2028-08-01,CUST-023,铜精矿,343.5,54404.00,18687774.00,华东,已完成
ORD-03288,2028-08-05,CUST-038,银精矿,51.3,4241854.46,217607133.80,西南,已完成
ORD-03289,2028-08-08,CUST-017,锌精矿,390.4,17831.99,6961608.90,东北,已取消
ORD-03290,2028-08-12,CUST-045,钼精矿,98.8,339508.40,33543429.92,华南,已完成
ORD-03291,2028-08-15,CUST-004,金矿石,222.6,365280.91,81311530.57,华东,已完成
ORD-03292,2028-08-18,CUST-032,铜精矿,235.0,48168.96,11319705.60,华北,已完成
ORD-03293,2028-08-22,CUST-026,银精矿,58.8,3566242.38,209695051.94,西北,进行中
ORD-03294,2028-08-25,CUST-040,锌精矿,473.0,21722.05,10274529.65,华南,已完成
ORD-03295,2028-08-28,CUST-024,钼精矿,107.9,346654.12,37403979.55,西南,已完成
ORD-03296,2028-08-28,CUST-049,金矿石,119.5,390354.20,46647326.90,东北,已完成
ORD-03297,2028-08-28,CUST-030,铜精矿,303.9,45883.68,13944050.35,华东,已完成
ORD-03298,2028-08-28,CUST-007,银精矿,33.9,3945461.52,133751145.53,华北,已完成
ORD-03299,2028-08-28,CUST-015,锌精矿,395.4,20872.83,8253116.98,华南,已完成
ORD-03300,2028-08-28,CUST-042,钼精矿,92.6,343272.46,31787029.80,西南,已完成
ORD-03301,2027-10-05,CUST-012,金矿石,147.6,393455.76,58074070.18,华东,已完成
ORD-03302,2027-10-08,CUST-035,铜精矿,375.4,48146.80,18074308.72,华南,已完成
ORD-03303,2027-10-12,CUST-007,银精矿,45.3,3944358.60,178679444.58,华北,已完成
ORD-03304,2027-10-15,CUST-021,锌精矿,446.8,16700.58,7461819.14,西南,进行中
ORD-03305,2027-10-18,CUST-042,钼精矿,91.6,371337.92,34014553.47,华东,已完成
ORD-03306,2027-10-22,CUST-018,金矿石,176.9,353739.36,62576492.78,西北,已完成
ORD-03307,2027-10-25,CUST-003,铜精矿,178.0,52355.57,9319291.46,华南,已取消
ORD-03308,2027-11-01,CUST-029,银精矿,52.2,4789905.10,250033046.22,华东,已完成
ORD-03309,2027-11-05,CUST-015,锌精矿,429.6,19813.45,8511858.12,东北,已完成
ORD-03310,2027-11-08,CUST-037,钼精矿,89.2,323009.82,28812475.94,华北,已完成
ORD-03311,2027-11-12,CUST-008,金矿石,160.4,358340.12,57477755.25,华南,进行中
ORD-03312,2027-11-15,CUST-044,铜精矿,305.0,59610.94,18181336.70,西南,已完成
ORD-03313,2027-11-20,CUST-022,银精矿,33.7,3952325.75,133193377.78,华东,已完成
ORD-03314,2027-11-25,CUST-011,锌精矿,380.2,18338.86,6972434.57,华北,已完成
ORD-03315,2027-12-01,CUST-033,钼精矿,128.2,331511.50,42499774.30,西北,已完成
ORD-03316,2027-12-05,CUST-019,金矿石,320.0,430401.10,137728352.00,华东,已完成
ORD-03317,2027-12-08,CUST-046,铜精矿,352.6,47194.30,16640710.18,东北,已取消
ORD-03318,2027-12-12,CUST-005,银精矿,49.0,3603210.16,176557297.84,华南,已完成
ORD-03319,2027-12-15,CUST-027,锌精矿,391.2,21609.96,8453816.35,西南,已完成
ORD-03320,2027-12-18,CUST-014,钼精矿,68.1,313632.51,21358373.93,华北,进行中
ORD-03321,2027-12-22,CUST-039,金矿石,163.5,380634.24,62233698.24,华东,已完成
ORD-03322,2027-12-25,CUST-002,铜精矿,270.2,58073.61,15691489.42,华南,已完成
ORD-03323,2028-01-01,CUST-031,银精矿,38.1,4175373.50,159081730.35,西北,已完成
ORD-03324,2028-01-05,CUST-016,锌精矿,401.9,18940.26,7612090.49,华东,已完成
ORD-03325,2028-01-08,CUST-048,钼精矿,82.9,310594.67,25748298.14,东北,已完成
ORD-03326,2028-01-12,CUST-009,金矿石,239.5,341485.32,81785734.14,华北,已完成
ORD-03327,2028-01-15,CUST-025,铜精矿,361.3,54273.23,19608918.00,西南,进行中
ORD-03328,2028-01-18,CUST-041,银精矿,49.2,4695037.46,230995843.03,华南,已完成
ORD-03329,2028-01-22,CUST-006,锌精矿,552.8,16829.50,9303347.60,华东,已完成
ORD-03330,2028-01-25,CUST-034,钼精矿,85.2,313565.54,26715784.01,西北,已完成
ORD-03331,2028-02-01,CUST-020,金矿石,143.4,438270.96,62848055.66,东北,已完成
ORD-03332,2028-02-05,CUST-043,铜精矿,224.8,54741.10,12305799.28,华东,已取消
ORD-03333,2028-02-08,CUST-013,银精矿,67.6,4452443.01,300985147.48,华南,已完成
ORD-03334,2028-02-12,CUST-036,锌精矿,351.1,19447.75,6828105.03,华北,已完成
ORD-03335,2028-02-15,CUST-001,钼精矿,72.8,296546.54,21588588.11,西南,已完成
ORD-03336,2028-02-18,CUST-028,金矿石,253.8,432588.46,109790951.15,华东,进行中
ORD-03337,2028-02-22,CUST-047,铜精矿,300.9,54607.82,16431493.04,华南,已完成
ORD-03338,2028-02-25,CUST-010,银精矿,28.7,3798565.12,109018818.94,西北,已完成
ORD-03339,2028-03-01,CUST-023,锌精矿,375.8,16877.22,6342459.28,华东,已完成
ORD-03340,2028-03-05,CUST-038,钼精矿,83.9,361025.59,30290047.00,东北,已完成
ORD-03341,2028-03-08,CUST-017,金矿石,204.8,448172.73,91785775.10,华北,已完成
ORD-03342,2028-03-12,CUST-045,铜精矿,384.2,56901.52,21861563.98,西南,已完成
ORD-03343,2028-03-15,CUST-004,银精矿,44.8,4338999.76,194387189.25,华东,已完成
ORD-03344,2028-03-18,CUST-032,锌精矿,459.8,21891.11,10065532.38,华南,进行中
ORD-03345,2028-03-22,CUST-026,钼精矿,116.1,372857.96,43288809.16,华北,已完成
ORD-03346,2028-03-25,CUST-040,金矿石,201.6,427162.19,86115897.50,西南,已完成
ORD-03347,2028-04-01,CUST-024,铜精矿,310.5,47454.88,14734740.24,华东,已取消
ORD-03348,2028-04-05,CUST-049,银精矿,41.3,3974472.32,164145706.82,东北,已完成
ORD-03349,2028-04-08,CUST-030,锌精矿,339.1,18423.60,6247442.76,西北,已完成
ORD-03350,2028-04-12,CUST-007,钼精矿,77.8,282542.26,21981787.83,华南,已完成
ORD-03351,2028-04-15,CUST-015,金矿石,198.9,360750.61,71753296.33,华东,已完成
ORD-03352,2028-04-18,CUST-042,铜精矿,257.0,51760.82,13302530.74,华北,已完成
ORD-03353,2028-04-22,CUST-021,银精矿,40.6,3860201.25,156724170.75,西南,进行中
ORD-03354,2028-04-25,CUST-008,锌精矿,459.6,20212.34,9289591.46,华南,已完成
ORD-03355,2028-05-01,CUST-035,钼精矿,111.7,286879.04,32044388.77,华东,已完成
ORD-03356,2028-05-05,CUST-012,金矿石,199.7,435259.19,86921260.24,东北,已完成
ORD-03357,2028-05-08,CUST-044,铜精矿,275.4,57231.10,15761444.94,西北,已完成
ORD-03358,2028-05-12,CUST-003,银精矿,50.4,4085460.26,205907197.10,华东,已完成
ORD-03359,2028-05-15,CUST-018,锌精矿,338.4,19482.51,6592881.38,华北,已取消
ORD-03360,2028-05-18,CUST-029,钼精矿,80.8,330151.37,26676230.70,华南,已完成
ORD-03361,2028-05-22,CUST-046,金矿石,216.4,400869.91,86748248.52,西南,已完成
ORD-03362,2028-05-25,CUST-011,铜精矿,362.2,61879.04,22412588.29,华东,已完成
ORD-03363,2028-06-01,CUST-037,银精矿,51.0,3808779.38,194247748.38,华南,已完成
ORD-03364,2028-06-05,CUST-019,锌精矿,528.4,19058.83,10070685.77,西北,进行中
ORD-03365,2028-06-08,CUST-033,钼精矿,96.9,315149.58,30537994.30,东北,已完成
ORD-03366,2028-06-12,CUST-005,金矿石,254.0,392285.37,99640483.98,华北,已完成
ORD-03367,2028-06-15,CUST-027,铜精矿,196.5,58749.47,11544270.86,华东,已完成
ORD-03368,2028-06-18,CUST-048,银精矿,38.1,3709038.41,141314363.42,西南,已完成
ORD-03369,2028-06-22,CUST-014,锌精矿,423.3,21092.98,8928658.43,华南,已完成
ORD-03370,2028-06-25,CUST-039,钼精矿,140.8,363777.50,51219872.00,华东,已完成
ORD-03371,2028-07-01,CUST-002,金矿石,206.7,366275.26,75709096.24,华东,已完成
ORD-03372,2028-07-05,CUST-031,铜精矿,347.3,49642.45,17240822.88,东北,已取消
ORD-03373,2028-07-08,CUST-016,银精矿,45.5,4802992.67,218536166.48,华北,已完成
ORD-03374,2028-07-12,CUST-025,锌精矿,291.6,18543.05,5407153.38,西南,已完成
ORD-03375,2028-07-15,CUST-009,钼精矿,90.3,358807.37,32400305.51,华南,进行中
ORD-03376,2028-07-18,CUST-041,金矿石,228.5,372782.23,85180739.55,西北,已完成
ORD-03377,2028-07-22,CUST-006,铜精矿,223.9,44171.61,9890023.48,华东,已完成
ORD-03378,2028-07-25,CUST-034,银精矿,54.2,4821835.20,261343467.84,华南,已完成
ORD-03379,2028-08-01,CUST-020,锌精矿,421.4,20438.67,8612855.54,华北,已完成
ORD-03380,2028-08-05,CUST-043,钼精矿,77.4,370704.99,28692566.23,华东,已完成
ORD-03381,2028-08-08,CUST-013,金矿石,181.2,404697.35,73331159.82,东北,已完成
ORD-03382,2028-08-12,CUST-036,铜精矿,321.4,56457.65,18145488.71,西南,已完成
ORD-03383,2028-08-15,CUST-001,银精矿,62.5,4829611.37,301850710.62,华东,进行中
ORD-03384,2028-08-18,CUST-028,锌精矿,379.1,20292.26,7692795.77,华南,已完成
ORD-03385,2028-08-22,CUST-047,钼精矿,126.9,286165.54,36314407.03,西北,已完成
ORD-03386,2028-08-25,CUST-010,金矿石,192.4,371177.92,71414631.81,华北,已完成
ORD-03387,2028-09-01,CUST-023,铜精矿,286.7,53684.10,15391231.47,华东,已完成
ORD-03388,2028-09-05,CUST-038,银精矿,49.1,3946975.53,193796498.52,西南,已完成
ORD-03389,2028-09-08,CUST-017,锌精矿,350.0,17147.68,6001688.00,东北,已取消
ORD-03390,2028-09-12,CUST-045,钼精矿,79.7,372036.65,29651321.01,华南,已完成
ORD-03391,2028-09-15,CUST-004,金矿石,217.9,333689.76,72710998.70,华东,已完成
ORD-03392,2028-09-18,CUST-032,铜精矿,241.8,48372.77,11696535.79,华北,已完成
ORD-03393,2028-09-22,CUST-026,银精矿,50.2,4824685.83,242199228.67,西北,进行中
ORD-03394,2028-09-25,CUST-040,锌精矿,468.4,17531.45,8211731.18,华南,已完成
ORD-03395,2028-09-28,CUST-024,钼精矿,116.4,326296.34,37980893.98,西南,已完成
ORD-03396,2028-09-28,CUST-049,金矿石,140.2,337538.15,47322848.63,东北,已完成
ORD-03397,2028-09-28,CUST-030,铜精矿,308.8,46149.76,14251045.89,华东,已完成
ORD-03398,2028-09-28,CUST-007,银精矿,39.9,3921731.38,156477082.06,华北,已完成
ORD-03399,2028-09-28,CUST-015,锌精矿,392.9,16363.12,6429069.85,华南,已完成
ORD-03400,2028-09-28,CUST-042,钼精矿,89.0,336979.03,29991133.67,西南,已完成
ORD-03401,2027-11-05,CUST-012,金矿石,160.9,448760.62,72205583.76,华东,已完成
ORD-03402,2027-11-08,CUST-035,铜精矿,371.3,47870.52,17774324.08,华南,已完成
ORD-03403,2027-11-12,CUST-007,银精矿,46.7,4713450.00,220118115.00,华北,已完成
ORD-03404,2027-11-15,CUST-021,锌精矿,567.3,16004.00,9079069.20,西南,进行中
ORD-03405,2027-11-18,CUST-042,钼精矿,73.0,279180.80,20380198.40,华东,已完成
ORD-03406,2027-11-22,CUST-018,金矿石,223.7,423018.57,94629254.11,西北,已完成
ORD-03407,2027-11-25,CUST-003,铜精矿,187.9,53959.41,10138973.14,华南,已取消
ORD-03408,2027-12-01,CUST-029,银精矿,65.1,4647887.95,302577505.54,华东,已完成
ORD-03409,2027-12-05,CUST-015,锌精矿,419.3,18603.05,7800258.87,东北,已完成
ORD-03410,2027-12-08,CUST-037,钼精矿,91.2,268779.10,24512653.92,华北,已完成
ORD-03411,2027-12-12,CUST-008,金矿石,167.5,436150.02,73055128.35,华南,进行中
ORD-03412,2027-12-15,CUST-044,铜精矿,271.5,53837.74,14616946.41,西南,已完成
ORD-03413,2027-12-20,CUST-022,银精矿,31.5,3926660.00,123689790.00,华东,已完成
ORD-03414,2027-12-25,CUST-011,锌精矿,386.1,17213.76,6646232.74,华北,已完成
ORD-03415,2028-01-01,CUST-033,钼精矿,93.5,307889.51,28787669.19,西北,已完成
ORD-03416,2028-01-05,CUST-019,金矿石,308.4,410570.22,126619855.85,华东,已完成
ORD-03417,2028-01-08,CUST-046,铜精矿,377.4,47223.75,17822243.25,东北,已取消
ORD-03418,2028-01-12,CUST-005,银精矿,58.6,3554517.34,208294716.12,华南,已完成
ORD-03419,2028-01-15,CUST-027,锌精矿,437.2,20689.87,9045611.16,西南,已完成
ORD-03420,2028-01-18,CUST-014,钼精矿,62.8,344522.29,21635999.81,华北,进行中
ORD-03421,2028-01-22,CUST-039,金矿石,192.2,423864.07,81466674.25,华东,已完成
ORD-03422,2028-01-25,CUST-002,铜精矿,311.6,56278.09,17536252.84,华南,已完成
ORD-03423,2028-02-01,CUST-031,银精矿,45.1,3777229.16,170353035.12,西北,已完成
ORD-03424,2028-02-05,CUST-016,锌精矿,410.5,21955.85,9012876.42,华东,已完成
ORD-03425,2028-02-08,CUST-048,钼精矿,76.3,342438.84,26128083.49,东北,已完成
ORD-03426,2028-02-12,CUST-009,金矿石,237.4,456670.41,108413555.33,华北,已完成
ORD-03427,2028-02-15,CUST-025,铜精矿,268.1,44428.57,11911299.62,西南,进行中
ORD-03428,2028-02-18,CUST-041,银精矿,49.1,3727562.27,183023307.46,华南,已完成
ORD-03429,2028-02-22,CUST-006,锌精矿,491.5,21022.22,10332421.13,华东,已完成
ORD-03430,2028-02-25,CUST-034,钼精矿,109.7,272093.38,29848643.79,西北,已完成
ORD-03431,2028-03-01,CUST-020,金矿石,172.6,354977.18,61269061.27,东北,已完成
ORD-03432,2028-03-05,CUST-043,铜精矿,236.2,55265.89,13053803.22,华东,已取消
ORD-03433,2028-03-08,CUST-013,银精矿,76.6,3878588.52,297099880.63,华南,已完成
ORD-03434,2028-03-12,CUST-036,锌精矿,404.3,21112.18,8535654.37,华北,已完成
ORD-03435,2028-03-15,CUST-001,钼精矿,78.2,352106.83,27534754.11,西南,已完成
ORD-03436,2028-03-18,CUST-028,金矿石,232.4,457216.59,106257135.52,华东,进行中
ORD-03437,2028-03-22,CUST-047,铜精矿,301.7,60171.30,18153681.21,华南,已完成
ORD-03438,2028-03-25,CUST-010,银精矿,32.3,3999596.83,129186977.61,西北,已完成
ORD-03439,2028-04-01,CUST-023,锌精矿,326.2,17608.99,5744052.54,华东,已完成
ORD-03440,2028-04-05,CUST-038,钼精矿,78.1,356370.45,27832532.14,东北,已完成
ORD-03441,2028-04-08,CUST-017,金矿石,181.9,416555.20,75771390.88,华北,已完成
ORD-03442,2028-04-12,CUST-045,铜精矿,373.5,48255.94,18023593.59,西南,已完成
ORD-03443,2028-04-15,CUST-004,银精矿,51.3,4090082.08,209821210.70,华东,已完成
ORD-03444,2028-04-18,CUST-032,锌精矿,363.3,21808.82,7923144.31,华南,进行中
ORD-03445,2028-04-22,CUST-026,钼精矿,92.8,346349.02,32141189.06,华北,已完成
ORD-03446,2028-04-25,CUST-040,金矿石,169.0,427669.27,72276106.63,西南,已完成
ORD-03447,2028-05-01,CUST-024,铜精矿,238.3,62098.34,14798034.42,华东,已取消
ORD-03448,2028-05-05,CUST-049,银精矿,46.5,3832112.96,178193252.64,东北,已完成
ORD-03449,2028-05-08,CUST-030,锌精矿,410.8,17397.19,7146765.65,西北,已完成
ORD-03450,2028-05-12,CUST-007,钼精矿,81.9,304086.64,24904695.82,华南,已完成
ORD-03451,2028-05-15,CUST-015,金矿石,247.6,456506.92,113031113.39,华东,已完成
ORD-03452,2028-05-18,CUST-042,铜精矿,332.5,57390.02,19082181.65,华北,已完成
ORD-03453,2028-05-22,CUST-021,银精矿,40.8,4780655.56,195050746.85,西南,进行中
ORD-03454,2028-05-25,CUST-008,锌精矿,512.0,19485.99,9976826.88,华南,已完成
ORD-03455,2028-06-01,CUST-035,钼精矿,126.4,359246.72,45408785.41,华东,已完成
ORD-03456,2028-06-05,CUST-012,金矿石,189.2,382532.61,72375169.81,东北,已完成
ORD-03457,2028-06-08,CUST-044,铜精矿,266.2,59098.11,15731916.88,西北,已完成
ORD-03458,2028-06-12,CUST-003,银精矿,51.2,4165250.13,213260806.66,华东,已完成
ORD-03459,2028-06-15,CUST-018,锌精矿,431.3,20531.23,8855119.50,华北,已取消
ORD-03460,2028-06-18,CUST-029,钼精矿,73.7,301005.75,22184123.78,华南,已完成
ORD-03461,2028-06-22,CUST-046,金矿石,206.5,395256.20,81620405.30,西南,已完成
ORD-03462,2028-06-25,CUST-011,铜精矿,387.3,60045.05,23255447.87,华东,已完成
ORD-03463,2028-07-01,CUST-037,银精矿,53.0,4250127.81,225256773.93,华南,已完成
ORD-03464,2028-07-05,CUST-019,锌精矿,480.5,20432.70,9817912.35,西北,进行中
ORD-03465,2028-07-08,CUST-033,钼精矿,94.2,341758.30,32193631.86,东北,已完成
ORD-03466,2028-07-12,CUST-005,金矿石,229.9,339283.19,78001205.38,华北,已完成
ORD-03467,2028-07-15,CUST-027,铜精矿,220.4,45870.19,10109789.88,华东,已完成
ORD-03468,2028-07-18,CUST-048,银精矿,29.4,4222638.04,124145558.38,西南,已完成
ORD-03469,2028-07-22,CUST-014,锌精矿,415.2,18790.61,7801861.27,华南,已完成
ORD-03470,2028-07-25,CUST-039,钼精矿,140.8,315388.14,44406650.11,华东,已完成
ORD-03471,2028-08-01,CUST-002,金矿石,218.4,389698.32,85110113.09,华东,已完成
ORD-03472,2028-08-05,CUST-031,铜精矿,409.7,49563.30,20306084.01,东北,已取消
ORD-03473,2028-08-08,CUST-016,银精矿,40.9,4588975.30,187689089.77,华北,已完成
ORD-03474,2028-08-12,CUST-025,锌精矿,294.6,18711.62,5512443.25,西南,已完成
ORD-03475,2028-08-15,CUST-009,钼精矿,108.2,368651.68,39888111.78,华南,进行中
ORD-03476,2028-08-18,CUST-041,金矿石,270.8,461642.00,125012653.60,西北,已完成
ORD-03477,2028-08-22,CUST-006,铜精矿,255.6,46066.83,11774681.75,华东,已完成
ORD-03478,2028-08-25,CUST-034,银精矿,63.9,4625439.00,295565552.10,华南,已完成
ORD-03479,2028-09-01,CUST-020,锌精矿,434.4,21418.52,9304205.09,华北,已完成
ORD-03480,2028-09-05,CUST-043,钼精矿,86.2,312873.89,26969729.32,华东,已完成
ORD-03481,2028-09-08,CUST-013,金矿石,205.8,414119.38,85225768.40,东北,已完成
ORD-03482,2028-09-12,CUST-036,铜精矿,287.0,53218.85,15273809.95,西南,已完成
ORD-03483,2028-09-15,CUST-001,银精矿,57.7,4270148.01,246387540.18,华东,进行中
ORD-03484,2028-09-18,CUST-028,锌精矿,361.2,17833.97,6441629.96,华南,已完成
ORD-03485,2028-09-22,CUST-047,钼精矿,101.6,294918.38,29963707.41,西北,已完成
ORD-03486,2028-09-25,CUST-010,金矿石,262.9,409931.22,107770917.74,华北,已完成
ORD-03487,2028-10-01,CUST-023,铜精矿,361.1,51032.67,18427897.14,华东,已完成
ORD-03488,2028-10-05,CUST-038,银精矿,45.1,4377736.91,197435934.64,西南,已完成
ORD-03489,2028-10-08,CUST-017,锌精矿,415.0,20878.92,8664751.80,东北,已取消
ORD-03490,2028-10-12,CUST-045,钼精矿,96.9,336327.10,32590095.99,华南,已完成
ORD-03491,2028-10-15,CUST-004,金矿石,253.5,339039.14,85946421.99,华东,已完成
ORD-03492,2028-10-18,CUST-032,铜精矿,246.6,46884.44,11561702.90,华北,已完成
ORD-03493,2028-10-22,CUST-026,银精矿,53.9,4352545.92,234602225.09,西北,进行中
ORD-03494,2028-10-25,CUST-040,锌精矿,463.3,17860.71,8274866.94,华南,已完成
ORD-03495,2028-10-28,CUST-024,钼精矿,87.8,309249.45,27152101.71,西南,已完成
ORD-03496,2028-10-28,CUST-049,金矿石,149.5,446307.71,66723002.65,东北,已完成
ORD-03497,2028-10-28,CUST-030,铜精矿,305.5,48266.24,14745336.32,华东,已完成
ORD-03498,2028-10-28,CUST-007,银精矿,36.2,4645009.04,168149327.25,华北,已完成
ORD-03499,2028-10-28,CUST-015,锌精矿,422.5,17683.53,7471291.42,华南,已完成
ORD-03500,2028-10-28,CUST-042,钼精矿,95.7,378752.34,36246598.94,西南,已完成
ORD-03501,2027-12-05,CUST-012,金矿石,134.7,393786.09,53042986.32,华东,已完成
ORD-03502,2027-12-08,CUST-035,铜精矿,347.5,51506.73,17898588.68,华南,已完成
ORD-03503,2027-12-12,CUST-007,银精矿,45.9,4333270.20,198897102.18,华北,已完成
ORD-03504,2027-12-15,CUST-021,锌精矿,541.0,21429.51,11593364.91,西南,进行中
ORD-03505,2027-12-18,CUST-042,钼精矿,87.4,304450.88,26609006.91,华东,已完成
ORD-03506,2027-12-22,CUST-018,金矿石,210.1,401692.98,84395695.10,西北,已完成
ORD-03507,2027-12-25,CUST-003,铜精矿,190.3,57361.21,10915838.26,华南,已取消
ORD-03508,2028-01-01,CUST-029,银精矿,59.6,3862205.80,230187465.68,华东,已完成
ORD-03509,2028-01-05,CUST-015,锌精矿,459.7,18320.77,8422057.97,东北,已完成
ORD-03510,2028-01-08,CUST-037,钼精矿,86.9,267853.95,23276508.26,华北,已完成
ORD-03511,2028-01-12,CUST-008,金矿石,169.3,383615.21,64946055.05,华南,进行中
ORD-03512,2028-01-15,CUST-044,铜精矿,287.3,59967.84,17228760.43,西南,已完成
ORD-03513,2028-01-20,CUST-022,银精矿,30.0,4661710.25,139851307.50,华东,已完成
ORD-03514,2028-01-25,CUST-011,锌精矿,354.7,17424.29,6180395.66,华北,已完成
ORD-03515,2028-02-01,CUST-033,钼精矿,97.4,343075.89,33415591.69,西北,已完成
ORD-03516,2028-02-05,CUST-019,金矿石,302.0,429702.56,129770173.12,华东,已完成
ORD-03517,2028-02-08,CUST-046,铜精矿,365.8,60378.62,22086499.20,东北,已取消
ORD-03518,2028-02-12,CUST-005,银精矿,43.8,4402986.28,192850799.06,华南,已完成
ORD-03519,2028-02-15,CUST-027,锌精矿,462.8,17911.07,8289243.20,西南,已完成
ORD-03520,2028-02-18,CUST-014,钼精矿,66.0,349357.12,23057569.92,华北,进行中
ORD-03521,2028-02-22,CUST-039,金矿石,188.7,355322.11,67049282.16,华东,已完成
ORD-03522,2028-02-25,CUST-002,铜精矿,274.2,47703.06,13080179.05,华南,已完成
ORD-03523,2028-03-01,CUST-031,银精矿,35.5,4333294.34,153831949.07,西北,已完成
ORD-03524,2028-03-05,CUST-016,锌精矿,326.8,20203.87,6602624.72,华东,已完成
ORD-03525,2028-03-08,CUST-048,钼精矿,93.1,361061.11,33614789.34,东北,已完成
ORD-03526,2028-03-12,CUST-009,金矿石,205.7,397097.25,81682904.32,华北,已完成
ORD-03527,2028-03-15,CUST-025,铜精矿,297.9,46345.82,13806419.78,西南,进行中
ORD-03528,2028-03-18,CUST-041,银精矿,50.5,4009494.80,202479487.40,华南,已完成
ORD-03529,2028-03-22,CUST-006,锌精矿,449.3,18666.89,8387033.68,华东,已完成
ORD-03530,2028-03-25,CUST-034,钼精矿,99.7,291353.90,29047983.83,西北,已完成
ORD-03531,2028-04-01,CUST-020,金矿石,164.8,385663.02,63557265.70,东北,已完成
ORD-03532,2028-04-05,CUST-043,铜精矿,208.3,44693.25,9309603.97,华东,已取消
ORD-03533,2028-04-08,CUST-013,银精矿,70.2,4205927.07,295256080.31,华南,已完成
ORD-03534,2028-04-12,CUST-036,锌精矿,454.0,15788.31,7167892.74,华北,已完成
ORD-03535,2028-04-15,CUST-001,钼精矿,75.0,303728.60,22779645.00,西南,已完成
ORD-03536,2028-04-18,CUST-028,金矿石,241.3,391736.11,94525923.34,华东,进行中
ORD-03537,2028-04-22,CUST-047,铜精矿,286.4,57845.20,16566865.28,华南,已完成
ORD-03538,2028-04-25,CUST-010,银精矿,32.1,3656022.94,117358336.37,西北,已完成
ORD-03539,2028-05-01,CUST-023,锌精矿,403.0,21031.51,8475698.53,华东,已完成
ORD-03540,2028-05-05,CUST-038,钼精矿,83.8,354769.92,29729719.30,东北,已完成
ORD-03541,2028-05-08,CUST-017,金矿石,204.4,386478.11,78996125.68,华北,已完成
ORD-03542,2028-05-12,CUST-045,铜精矿,358.8,58338.80,20931961.44,西南,已完成
ORD-03543,2028-05-15,CUST-004,银精矿,50.7,4465207.60,226386025.32,华东,已完成
ORD-03544,2028-05-18,CUST-032,锌精矿,436.8,15962.25,6972310.80,华南,进行中
ORD-03545,2028-05-22,CUST-026,钼精矿,104.7,363328.81,38040526.41,华北,已完成
ORD-03546,2028-05-25,CUST-040,金矿石,183.8,363478.40,66807329.92,西南,已完成
ORD-03547,2028-06-01,CUST-024,铜精矿,304.4,53462.54,16273997.18,华东,已取消
ORD-03548,2028-06-05,CUST-049,银精矿,38.2,4450284.80,170000879.36,东北,已完成
ORD-03549,2028-06-08,CUST-030,锌精矿,438.1,20338.35,8910231.13,西北,已完成
ORD-03550,2028-06-12,CUST-007,钼精矿,92.9,356680.58,33135625.88,华南,已完成
ORD-03551,2028-06-15,CUST-015,金矿石,251.1,345032.68,86637705.95,华东,已完成
ORD-03552,2028-06-18,CUST-042,铜精矿,269.7,51347.70,13848474.69,华北,已完成
ORD-03553,2028-06-22,CUST-021,银精矿,42.0,4524966.12,190048577.04,西南,进行中
ORD-03554,2028-06-25,CUST-008,锌精矿,452.4,19626.63,8879087.41,华南,已完成
ORD-03555,2028-07-01,CUST-035,钼精矿,120.3,332646.08,40017323.42,华东,已完成
ORD-03556,2028-07-05,CUST-012,金矿石,153.1,418287.62,64039834.62,东北,已完成
ORD-03557,2028-07-08,CUST-044,铜精矿,236.7,46623.80,11035853.46,西北,已完成
ORD-03558,2028-07-12,CUST-003,银精矿,66.7,3600060.29,240124021.34,华东,已完成
ORD-03559,2028-07-15,CUST-018,锌精矿,315.0,16644.68,5243074.20,华北,已取消
ORD-03560,2028-07-18,CUST-029,钼精矿,85.4,368682.86,31485516.24,华南,已完成
ORD-03561,2028-07-22,CUST-046,金矿石,176.4,445498.29,78585898.36,西南,已完成
ORD-03562,2028-07-25,CUST-011,铜精矿,377.2,47643.88,17971271.54,华东,已完成
ORD-03563,2028-08-01,CUST-037,银精矿,58.9,4449450.95,262072660.96,华南,已完成
ORD-03564,2028-08-05,CUST-019,锌精矿,417.9,18707.36,7817805.74,西北,进行中
ORD-03565,2028-08-08,CUST-033,钼精矿,85.9,337908.03,29026299.78,东北,已完成
ORD-03566,2028-08-12,CUST-005,金矿石,279.6,428857.25,119908487.10,华北,已完成
ORD-03567,2028-08-15,CUST-027,铜精矿,193.4,44647.77,8634878.72,华东,已完成
ORD-03568,2028-08-18,CUST-048,银精矿,35.7,4619402.48,164912668.54,西南,已完成
ORD-03569,2028-08-22,CUST-014,锌精矿,401.3,17951.55,7203957.01,华南,已完成
ORD-03570,2028-08-25,CUST-039,钼精矿,123.5,277359.71,34253924.19,华东,已完成
ORD-03571,2028-09-01,CUST-002,金矿石,234.0,406764.98,95183005.32,华东,已完成
ORD-03572,2028-09-05,CUST-031,铜精矿,360.8,47858.92,17267498.34,东北,已取消
ORD-03573,2028-09-08,CUST-016,银精矿,44.8,3936605.72,176359936.26,华北,已完成
ORD-03574,2028-09-12,CUST-025,锌精矿,332.3,22040.21,7323961.78,西南,已完成
ORD-03575,2028-09-15,CUST-009,钼精矿,87.1,333329.23,29032975.93,华南,进行中
ORD-03576,2028-09-18,CUST-041,金矿石,305.3,446358.07,136273118.77,西北,已完成
ORD-03577,2028-09-22,CUST-006,铜精矿,209.1,58424.05,12216468.86,华东,已完成
ORD-03578,2028-09-25,CUST-034,银精矿,58.6,4402431.60,257982491.76,华南,已完成
ORD-03579,2028-10-01,CUST-020,锌精矿,418.4,17526.59,7333125.26,华北,已完成
ORD-03580,2028-10-05,CUST-043,钼精矿,91.4,299452.01,27369913.71,华东,已完成
ORD-03581,2028-10-08,CUST-013,金矿石,171.0,391028.22,66865825.62,东北,已完成
ORD-03582,2028-10-12,CUST-036,铜精矿,288.1,46314.16,13343109.50,西南,已完成
ORD-03583,2028-10-15,CUST-001,银精矿,65.5,4518875.12,295986320.36,华东,进行中
ORD-03584,2028-10-18,CUST-028,锌精矿,416.7,19164.90,7986013.83,华南,已完成
ORD-03585,2028-10-22,CUST-047,钼精矿,107.5,342035.17,36768780.77,西北,已完成
ORD-03586,2028-10-25,CUST-010,金矿石,193.2,445188.37,86010393.08,华北,已完成
ORD-03587,2028-11-01,CUST-023,铜精矿,311.6,47539.29,14813242.76,华东,已完成
ORD-03588,2028-11-05,CUST-038,银精矿,38.8,4022341.26,156066840.89,西南,已完成
ORD-03589,2028-11-08,CUST-017,锌精矿,449.5,17182.90,7723713.55,东北,已取消
ORD-03590,2028-11-12,CUST-045,钼精矿,99.2,318637.79,31608868.77,华南,已完成
ORD-03591,2028-11-15,CUST-004,金矿石,239.7,410860.76,98483324.17,华东,已完成
ORD-03592,2028-11-18,CUST-032,铜精矿,259.9,56871.19,14780822.28,华北,已完成
ORD-03593,2028-11-22,CUST-026,银精矿,58.6,3871598.97,226875699.64,西北,进行中
ORD-03594,2028-11-25,CUST-040,锌精矿,400.5,20316.97,8136946.49,华南,已完成
ORD-03595,2028-11-28,CUST-024,钼精矿,100.9,327784.14,33073419.73,西南,已完成
ORD-03596,2028-11-28,CUST-049,金矿石,164.7,340376.18,56059956.85,东北,已完成
ORD-03597,2028-11-28,CUST-030,铜精矿,335.5,51426.19,17253486.75,华东,已完成
ORD-03598,2028-11-28,CUST-007,银精矿,41.3,4801010.11,198281717.54,华北,已完成
ORD-03599,2028-11-28,CUST-015,锌精矿,376.4,18325.67,6897782.19,华南,已完成
ORD-03600,2028-11-28,CUST-042,钼精矿,102.2,373147.42,38135666.32,西南,已完成
ORD-03601,2028-01-05,CUST-012,金矿石,168.2,414838.27,69775797.01,华东,已完成
ORD-03602,2028-01-08,CUST-035,铜精矿,312.9,55554.77,17383087.53,华南,已完成
ORD-03603,2028-01-12,CUST-007,银精矿,47.8,3850526.40,184055161.92,华北,已完成
ORD-03604,2028-01-15,CUST-021,锌精矿,459.7,18369.08,8444266.08,西南,进行中
ORD-03605,2028-01-18,CUST-042,钼精矿,73.6,277850.24,20449777.66,华东,已完成
ORD-03606,2028-01-22,CUST-018,金矿石,173.7,404665.95,70290475.52,西北,已完成
ORD-03607,2028-01-25,CUST-003,铜精矿,210.9,57985.60,12229163.04,华南,已取消
ORD-03608,2028-02-01,CUST-029,银精矿,67.2,4001757.85,268918127.52,华东,已完成
ORD-03609,2028-02-05,CUST-015,锌精矿,365.3,21770.81,7952876.89,东北,已完成
ORD-03610,2028-02-08,CUST-037,钼精矿,95.7,365057.60,34936012.32,华北,已完成
ORD-03611,2028-02-12,CUST-008,金矿石,188.3,407853.18,76798753.79,华南,进行中
ORD-03612,2028-02-15,CUST-044,铜精矿,223.1,52780.65,11775363.02,西南,已完成
ORD-03613,2028-02-20,CUST-022,银精矿,30.1,3639708.50,109555225.85,华东,已完成
ORD-03614,2028-02-25,CUST-011,锌精矿,414.1,16574.18,6863367.94,华北,已完成
ORD-03615,2028-03-01,CUST-033,钼精矿,105.9,326841.67,34612532.85,西北,已完成
ORD-03616,2028-03-05,CUST-019,金矿石,326.6,401489.14,131126353.12,华东,已完成
ORD-03617,2028-03-08,CUST-046,铜精矿,400.1,46451.06,18585069.11,东北,已取消
ORD-03618,2028-03-12,CUST-005,银精矿,49.1,4922606.26,241699967.37,华南,已完成
ORD-03619,2028-03-15,CUST-027,锌精矿,423.8,21419.28,9077490.86,西南,已完成
ORD-03620,2028-03-18,CUST-014,钼精矿,69.3,314620.73,21803216.59,华北,进行中
ORD-03621,2028-03-22,CUST-039,金矿石,181.4,345628.93,62697087.90,华东,已完成
ORD-03622,2028-03-25,CUST-002,铜精矿,269.5,51783.13,13955553.54,华南,已完成
ORD-03623,2028-04-01,CUST-031,银精矿,45.2,4971244.40,224700246.88,西北,已完成
ORD-03624,2028-04-05,CUST-016,锌精矿,350.0,16678.10,5837335.00,华东,已完成
ORD-03625,2028-04-08,CUST-048,钼精矿,92.1,302036.22,27817535.86,东北,已完成
ORD-03626,2028-04-12,CUST-009,金矿石,191.6,340207.93,65183839.39,华北,已完成
ORD-03627,2028-04-15,CUST-025,铜精矿,305.0,60383.29,18416903.45,西南,进行中
ORD-03628,2028-04-18,CUST-041,银精矿,62.6,3957920.09,247765797.63,华南,已完成
ORD-03629,2028-04-22,CUST-006,锌精矿,456.9,21586.92,9863063.75,华东,已完成
ORD-03630,2028-04-25,CUST-034,钼精矿,85.1,371680.78,31630034.38,西北,已完成
ORD-03631,2028-05-01,CUST-020,金矿石,141.9,401419.93,56961488.07,东北,已完成
ORD-03632,2028-05-05,CUST-043,铜精矿,283.1,44165.04,12503122.82,华东,已取消
ORD-03633,2028-05-08,CUST-013,银精矿,71.8,4332256.02,311055982.24,华南,已完成
ORD-03634,2028-05-12,CUST-036,锌精矿,456.6,16262.73,7425562.52,华北,已完成
ORD-03635,2028-05-15,CUST-001,钼精矿,86.0,305476.44,26270973.84,西南,已完成
ORD-03636,2028-05-18,CUST-028,金矿石,247.3,353283.03,87366893.32,华东,进行中
ORD-03637,2028-05-22,CUST-047,铜精矿,287.0,49469.48,14197740.76,华南,已完成
ORD-03638,2028-05-25,CUST-010,银精矿,30.5,4763989.69,145301685.55,西北,已完成
ORD-03639,2028-06-01,CUST-023,锌精矿,330.4,17085.86,5645168.14,华东,已完成
ORD-03640,2028-06-05,CUST-038,钼精矿,85.7,373296.35,31991497.20,东北,已完成
ORD-03641,2028-06-08,CUST-017,金矿石,236.7,411240.69,97340671.32,华北,已完成
ORD-03642,2028-06-12,CUST-045,铜精矿,313.9,56115.56,17614674.28,西南,已完成
ORD-03643,2028-06-15,CUST-004,银精矿,47.3,4148008.96,196200823.81,华东,已完成
ORD-03644,2028-06-18,CUST-032,锌精矿,456.3,22057.56,10064864.63,华南,进行中
ORD-03645,2028-06-22,CUST-026,钼精矿,116.3,279005.46,32448335.00,华北,已完成
ORD-03646,2028-06-25,CUST-040,金矿石,163.6,446158.11,72991466.80,西南,已完成
ORD-03647,2028-07-01,CUST-024,铜精矿,271.4,57516.22,15609902.11,华东,已取消
ORD-03648,2028-07-05,CUST-049,银精矿,45.1,3909264.32,176307820.83,东北,已完成
ORD-03649,2028-07-08,CUST-030,锌精矿,421.1,21428.95,9023730.85,西北,已完成
ORD-03650,2028-07-12,CUST-007,钼精矿,102.5,365822.24,37496779.60,华南,已完成
ORD-03651,2028-07-15,CUST-015,金矿石,261.4,395558.27,103398931.78,华东,已完成
ORD-03652,2028-07-18,CUST-042,铜精矿,335.5,52255.52,17531726.96,华北,已完成
ORD-03653,2028-07-22,CUST-021,银精矿,43.4,3985761.79,172982061.69,西南,进行中
ORD-03654,2028-07-25,CUST-008,锌精矿,433.3,17818.95,7720951.04,华南,已完成
ORD-03655,2028-08-01,CUST-035,钼精矿,114.2,316140.80,36103279.36,华东,已完成
ORD-03656,2028-08-05,CUST-012,金矿石,179.2,375259.08,67246427.14,东北,已完成
ORD-03657,2028-08-08,CUST-044,铜精矿,242.7,54830.18,13307284.69,西北,已完成
ORD-03658,2028-08-12,CUST-003,银精矿,49.9,4180514.28,208607662.57,华东,已完成
ORD-03659,2028-08-15,CUST-018,锌精矿,385.5,17748.42,6842015.91,华北,已取消
ORD-03660,2028-08-18,CUST-029,钼精矿,95.4,371152.83,35407979.98,华南,已完成
ORD-03661,2028-08-22,CUST-046,金矿石,219.9,449909.97,98935202.40,西南,已完成
ORD-03662,2028-08-25,CUST-011,铜精矿,340.3,48394.88,16468777.66,华东,已完成
ORD-03663,2028-09-01,CUST-037,银精矿,57.9,4906378.02,284079287.36,华南,已完成
ORD-03664,2028-09-05,CUST-019,锌精矿,474.4,20231.00,9597586.40,西北,进行中
ORD-03665,2028-09-08,CUST-033,钼精矿,109.7,342809.35,37606185.70,东北,已完成
ORD-03666,2028-09-12,CUST-005,金矿石,209.3,398432.23,83391865.74,华北,已完成
ORD-03667,2028-09-15,CUST-027,铜精矿,190.5,49690.48,9466036.44,华东,已完成
ORD-03668,2028-09-18,CUST-048,银精矿,30.3,4430872.99,134255451.60,西南,已完成
ORD-03669,2028-09-22,CUST-014,锌精矿,371.5,16906.25,6280671.88,华南,已完成
ORD-03670,2028-09-25,CUST-039,钼精矿,120.1,313529.01,37654834.10,华东,已完成
ORD-03671,2028-10-01,CUST-002,金矿石,235.0,349570.35,82149032.25,华东,已完成
ORD-03672,2028-10-05,CUST-031,铜精矿,315.6,50185.95,15838685.82,东北,已取消
ORD-03673,2028-10-08,CUST-016,银精矿,40.0,4863642.55,194545702.00,华北,已完成
ORD-03674,2028-10-12,CUST-025,锌精矿,321.6,17336.89,5575543.82,西南,已完成
ORD-03675,2028-10-15,CUST-009,钼精矿,86.4,280084.80,24199326.72,华南,进行中
ORD-03676,2028-10-18,CUST-041,金矿石,286.8,426970.72,122455202.50,西北,已完成
ORD-03677,2028-10-22,CUST-006,铜精矿,246.6,58875.29,14518646.51,华东,已完成
ORD-03678,2028-10-25,CUST-034,银精矿,63.3,3582889.80,226796924.34,华南,已完成
ORD-03679,2028-11-01,CUST-020,锌精矿,485.1,17676.16,8574705.22,华北,已完成
ORD-03680,2028-11-05,CUST-043,钼精矿,69.3,375818.58,26044227.59,华东,已完成
ORD-03681,2028-11-08,CUST-013,金矿石,199.0,391564.01,77921237.99,东北,已完成
ORD-03682,2028-11-12,CUST-036,铜精矿,325.8,53132.39,17310532.66,西南,已完成
ORD-03683,2028-11-15,CUST-001,银精矿,70.3,4185903.96,294269048.39,华东,进行中
ORD-03684,2028-11-18,CUST-028,锌精矿,319.8,16399.71,5244627.26,华南,已完成
ORD-03685,2028-11-22,CUST-047,钼精矿,92.6,283905.72,26289669.67,西北,已完成
ORD-03686,2028-11-25,CUST-010,金矿石,207.4,441987.85,91668280.09,华北,已完成
ORD-03687,2028-12-01,CUST-023,铜精矿,334.7,56830.79,19021265.41,华东,已完成
ORD-03688,2028-12-05,CUST-038,银精矿,44.4,4738876.04,210406096.18,西南,已完成
ORD-03689,2028-12-08,CUST-017,锌精矿,366.1,20685.83,7573082.36,东北,已取消
ORD-03690,2028-12-12,CUST-045,钼精矿,95.7,290358.40,27787298.88,华南,已完成
ORD-03691,2028-12-15,CUST-004,金矿石,269.5,404501.08,109013041.06,华东,已完成
ORD-03692,2028-12-18,CUST-032,铜精矿,288.9,55602.08,16063440.91,华北,已完成
ORD-03693,2028-12-22,CUST-026,银精矿,52.7,4575198.90,241112982.03,西北,进行中
ORD-03694,2028-12-25,CUST-040,锌精矿,401.8,20409.91,8200701.84,华南,已完成
ORD-03695,2028-12-28,CUST-024,钼精矿,87.3,289949.89,25312625.40,西南,已完成
ORD-03696,2028-12-28,CUST-049,金矿石,129.1,410923.43,53050214.81,东北,已完成
ORD-03697,2028-12-28,CUST-030,铜精矿,278.5,51525.32,14349801.62,华东,已完成
ORD-03698,2028-12-28,CUST-007,银精矿,32.4,4397597.81,142482169.04,华北,已完成
ORD-03699,2028-12-28,CUST-015,锌精矿,435.2,20826.31,9063610.11,华南,已完成
ORD-03700,2028-12-28,CUST-042,钼精矿,108.4,319561.83,34640502.37,西南,已完成
ORD-03701,2028-02-05,CUST-012,金矿石,150.8,360880.13,54420723.60,华东,已完成
ORD-03702,2028-02-08,CUST-035,铜精矿,344.9,56774.85,19581645.76,华南,已完成
ORD-03703,2028-02-12,CUST-007,银精矿,51.8,3989265.00,206643927.00,华北,已完成
ORD-03704,2028-02-15,CUST-021,锌精矿,509.2,16898.38,8604655.10,西南,进行中
ORD-03705,2028-02-18,CUST-042,钼精矿,83.1,306330.56,25456069.54,华东,已完成
ORD-03706,2028-02-22,CUST-018,金矿石,222.1,333713.64,74117799.44,西北,已完成
ORD-03707,2028-02-25,CUST-003,铜精矿,153.1,51732.93,7920311.58,华南,已取消
ORD-03708,2028-03-01,CUST-029,银精矿,59.8,3744154.90,223900463.02,华东,已完成
ORD-03709,2028-03-05,CUST-015,锌精矿,416.9,16326.80,6806642.92,东北,已完成
ORD-03710,2028-03-08,CUST-037,钼精矿,101.9,314735.40,32071537.26,华北,已完成
ORD-03711,2028-03-12,CUST-008,金矿石,157.4,368429.67,57990830.06,华南,进行中
ORD-03712,2028-03-15,CUST-044,铜精矿,267.7,45450.71,12167155.07,西南,已完成
ORD-03713,2028-03-20,CUST-022,银精矿,34.6,4181774.75,144689406.35,华东,已完成
ORD-03714,2028-03-25,CUST-011,锌精矿,340.7,16303.50,5554602.45,华北,已完成
ORD-03715,2028-04-01,CUST-033,钼精矿,108.5,300743.09,32630625.27,西北,已完成
ORD-03716,2028-04-05,CUST-019,金矿石,278.2,452909.74,125999489.67,华东,已完成
ORD-03717,2028-04-08,CUST-046,铜精矿,372.3,59134.69,22015845.09,东北,已取消
ORD-03718,2028-04-12,CUST-005,银精矿,47.3,3806809.60,180062094.08,华南,已完成
ORD-03719,2028-04-15,CUST-027,锌精矿,516.9,20812.67,10758069.12,西南,已完成
ORD-03720,2028-04-18,CUST-014,钼精矿,65.9,317415.36,20917672.22,华北,进行中
ORD-03721,2028-04-22,CUST-039,金矿石,217.3,365564.46,79437157.16,华东,已完成
ORD-03722,2028-04-25,CUST-002,铜精矿,289.0,45976.40,13287179.60,华南,已完成
ORD-03723,2028-05-01,CUST-031,银精矿,37.6,4765278.86,179174485.14,西北,已完成
ORD-03724,2028-05-05,CUST-016,锌精矿,403.3,20314.89,8192995.14,华东,已完成
ORD-03725,2028-05-08,CUST-048,钼精矿,79.7,277203.02,22093080.69,东北,已完成
ORD-03726,2028-05-12,CUST-009,金矿石,202.0,338233.77,68323221.54,华北,已完成
ORD-03727,2028-05-15,CUST-025,铜精矿,353.4,53012.28,18734539.75,西南,进行中
ORD-03728,2028-05-18,CUST-041,银精矿,58.3,3821724.14,222806517.36,华南,已完成
ORD-03729,2028-05-22,CUST-006,锌精矿,510.8,21407.79,10935099.13,华东,已完成
ORD-03730,2028-05-25,CUST-034,钼精矿,95.1,346226.03,32926095.45,西北,已完成
ORD-03731,2028-06-01,CUST-020,金矿石,183.2,439850.47,80580606.10,东北,已完成
ORD-03732,2028-06-05,CUST-043,铜精矿,251.5,46994.10,11819016.15,华东,已取消
ORD-03733,2028-06-08,CUST-013,银精矿,74.2,4903039.53,363805533.13,华南,已完成
ORD-03734,2028-06-12,CUST-036,锌精矿,350.9,19440.40,6821636.36,华北,已完成
ORD-03735,2028-06-15,CUST-001,钼精矿,64.6,275233.42,17780078.93,西南,已完成
ORD-03736,2028-06-18,CUST-028,金矿石,237.4,395704.63,93940279.16,华东,进行中
ORD-03737,2028-06-22,CUST-047,铜精矿,253.2,54280.25,13743759.30,华南,已完成
ORD-03738,2028-06-25,CUST-010,银精矿,30.5,4678269.88,142687231.34,西北,已完成
ORD-03739,2028-07-01,CUST-023,锌精矿,379.3,19523.66,7405324.24,华东,已完成
ORD-03740,2028-07-05,CUST-038,钼精矿,92.6,335542.60,31071244.76,东北,已完成
ORD-03741,2028-07-08,CUST-017,金矿石,219.7,397800.35,87396736.89,华北,已完成
ORD-03742,2028-07-12,CUST-045,铜精矿,337.3,49072.20,16552053.06,西南,已完成
ORD-03743,2028-07-15,CUST-004,银精矿,44.8,3907486.48,175055394.30,华东,已完成
ORD-03744,2028-07-18,CUST-032,锌精矿,374.8,18973.09,7111114.13,华南,进行中
ORD-03745,2028-07-22,CUST-026,钼精矿,113.3,371706.79,42114379.31,华北,已完成
ORD-03746,2028-07-25,CUST-040,金矿石,173.8,419413.00,72893979.40,西南,已完成
ORD-03747,2028-08-01,CUST-024,铜精矿,257.1,61099.40,15708655.74,华东,已取消
ORD-03748,2028-08-05,CUST-049,银精矿,43.4,4903034.24,212791686.02,东北,已完成
ORD-03749,2028-08-08,CUST-030,锌精矿,348.3,21075.91,7340739.45,西北,已完成
ORD-03750,2028-08-12,CUST-007,钼精矿,85.6,315088.70,26971592.72,华南,已完成
ORD-03751,2028-08-15,CUST-015,金矿石,225.7,363263.43,81988556.15,华东,已完成
ORD-03752,2028-08-18,CUST-042,铜精矿,286.3,46796.43,13397817.91,华北,已完成
ORD-03753,2028-08-22,CUST-021,银精矿,32.5,3796521.15,123386937.38,西南,进行中
ORD-03754,2028-08-25,CUST-008,锌精矿,427.6,17988.82,7692019.43,华南,已完成
ORD-03755,2028-09-01,CUST-035,钼精矿,108.2,374527.04,40523825.73,华东,已完成
ORD-03756,2028-09-05,CUST-012,金矿石,165.2,429784.49,71000397.75,东北,已完成
ORD-03757,2028-09-08,CUST-044,铜精矿,289.6,45464.73,13166585.81,西北,已完成
ORD-03758,2028-09-12,CUST-003,银精矿,53.9,4585569.32,247162186.35,华东,已完成
ORD-03759,2028-09-15,CUST-018,锌精矿,359.1,16913.58,6073666.58,华北,已取消
ORD-03760,2028-09-18,CUST-029,钼精矿,78.0,272679.95,21269036.10,华南,已完成
ORD-03761,2028-09-22,CUST-046,金矿石,215.4,342200.86,73710065.24,西南,已完成
ORD-03762,2028-09-25,CUST-011,铜精矿,400.3,45907.54,18376788.26,华东,已完成
ORD-03763,2028-10-01,CUST-037,银精矿,47.0,3903920.35,183484256.45,华南,已完成
ORD-03764,2028-10-05,CUST-019,锌精矿,411.6,16283.30,6702206.28,西北,进行中
ORD-03765,2028-10-08,CUST-033,钼精矿,107.8,322142.27,34726936.71,东北,已完成
ORD-03766,2028-10-12,CUST-005,金矿石,240.6,440583.97,106004503.18,华北,已完成
ORD-03767,2028-10-15,CUST-027,铜精矿,201.4,50311.15,10132665.61,华东,已完成
ORD-03768,2028-10-18,CUST-048,银精矿,34.6,3834817.91,132684699.69,西南,已完成
ORD-03769,2028-10-22,CUST-014,锌精矿,447.7,21390.06,9576329.86,华南,已完成
ORD-03770,2028-10-25,CUST-039,钼精矿,124.2,293548.69,36458747.30,华东,已完成
ORD-03771,2028-11-01,CUST-002,金矿石,213.2,367463.86,78343294.95,华东,已完成
ORD-03772,2028-11-05,CUST-031,铜精矿,310.0,48847.42,15142700.20,东北,已取消
ORD-03773,2028-11-08,CUST-016,银精矿,53.9,3829806.18,206426553.10,华北,已完成
ORD-03774,2028-11-12,CUST-025,锌精矿,298.7,16375.82,4891457.43,西南,已完成
ORD-03775,2028-11-15,CUST-009,钼精矿,103.9,288183.74,29942290.59,华南,进行中
ORD-03776,2028-11-18,CUST-041,金矿石,241.4,413972.23,99932896.32,西北,已完成
ORD-03777,2028-11-22,CUST-006,铜精矿,206.4,47747.49,9855081.94,华东,已完成
ORD-03778,2028-11-25,CUST-034,银精矿,60.8,4025162.40,244729873.92,华南,已完成
ORD-03779,2028-12-01,CUST-020,锌精矿,404.0,20201.80,8161527.20,华北,已完成
ORD-03780,2028-12-05,CUST-043,钼精矿,70.0,334055.78,23383904.60,华东,已完成
ORD-03781,2028-12-08,CUST-013,金矿石,197.1,419699.41,82722753.71,东北,已完成
ORD-03782,2028-12-12,CUST-036,铜精矿,276.9,49243.42,13635503.00,西南,已完成
ORD-03783,2028-12-15,CUST-001,银精矿,58.8,4730728.18,278166816.98,华东,进行中
ORD-03784,2028-12-18,CUST-028,锌精矿,395.1,20205.64,7983248.36,华南,已完成
ORD-03785,2028-12-22,CUST-047,钼精矿,103.5,289093.76,29921204.16,西北,已完成
ORD-03786,2028-12-25,CUST-010,金矿石,213.9,347681.72,74369119.91,华北,已完成
ORD-03787,2029-01-01,CUST-023,铜精矿,285.2,57073.12,16277253.82,华东,已完成
ORD-03788,2029-01-05,CUST-038,银精矿,47.3,4939337.67,233630671.79,西南,已完成
ORD-03789,2029-01-08,CUST-017,锌精矿,391.5,17028.67,6666724.30,东北,已取消
ORD-03790,2029-01-12,CUST-045,钼精矿,89.7,296069.79,26557460.16,华南,已完成
ORD-03791,2029-01-15,CUST-004,金矿石,237.0,460779.69,109204786.53,华东,已完成
ORD-03792,2029-01-18,CUST-032,铜精矿,251.4,60437.03,15193869.34,华北,已完成
ORD-03793,2029-01-22,CUST-026,银精矿,48.8,3874075.95,189054906.36,西北,进行中
ORD-03794,2029-01-25,CUST-040,锌精矿,438.5,17509.29,7677823.67,华南,已完成
ORD-03795,2029-01-28,CUST-024,钼精矿,102.9,294905.75,30345801.68,西南,已完成
ORD-03796,2029-01-28,CUST-049,金矿石,122.2,367480.70,44906141.54,东北,已完成
ORD-03797,2029-01-28,CUST-030,铜精矿,297.6,60139.08,17897390.21,华东,已完成
ORD-03798,2029-01-28,CUST-007,银精矿,37.1,4391840.80,162937293.68,华北,已完成
ORD-03799,2029-01-28,CUST-015,锌精矿,442.0,18961.09,8380801.78,华南,已完成
ORD-03800,2029-01-28,CUST-042,钼精矿,80.0,347694.00,27815520.00,西南,已完成
ORD-03801,2028-03-05,CUST-012,金矿石,173.0,452978.68,78365311.64,华东,已完成
ORD-03802,2028-03-08,CUST-035,铜精矿,362.9,49360.01,17912747.63,华南,已完成
ORD-03803,2028-03-12,CUST-007,银精矿,47.8,4731745.20,226177420.56,华北,已完成
ORD-03804,2028-03-15,CUST-021,锌精矿,529.4,17178.60,9094350.84,西南,进行中
ORD-03805,2028-03-18,CUST-042,钼精矿,78.2,330586.88,25851894.02,华东,已完成
ORD-03806,2028-03-22,CUST-018,金矿石,193.3,443970.93,85819580.77,西北,已完成
ORD-03807,2028-03-25,CUST-003,铜精矿,199.9,54232.25,10841026.78,华南,已取消
ORD-03808,2028-04-01,CUST-029,银精矿,67.3,4684590.55,315272944.01,华东,已完成
ORD-03809,2028-04-05,CUST-015,锌精矿,421.0,21399.81,9009320.01,东北,已完成
ORD-03810,2028-04-08,CUST-037,钼精矿,97.8,311398.60,30454783.08,华北,已完成
ORD-03811,2028-04-12,CUST-008,金矿石,171.6,448902.81,77031722.20,华南,进行中
ORD-03812,2028-04-15,CUST-044,铜精矿,267.5,44735.22,11966671.35,西南,已完成
ORD-03813,2028-04-20,CUST-022,银精矿,33.3,3662429.00,121958885.70,华东,已完成
ORD-03814,2028-04-25,CUST-011,锌精矿,357.1,20648.59,7373611.49,华北,已完成
ORD-03815,2028-05-01,CUST-033,钼精矿,94.4,286355.82,27031989.41,西北,已完成
ORD-03816,2028-05-05,CUST-019,金矿石,316.5,378437.19,119775370.64,华东,已完成
ORD-03817,2028-05-08,CUST-046,铜精矿,406.0,57196.02,23221584.12,东北,已取消
ORD-03818,2028-05-12,CUST-005,银精矿,53.8,4696108.78,252650652.36,华南,已完成
ORD-03819,2028-05-15,CUST-027,锌精矿,477.1,17305.69,8256544.70,西南,已完成
ORD-03820,2028-05-18,CUST-014,钼精矿,63.7,340654.43,21699687.19,华北,进行中
ORD-03821,2028-05-22,CUST-039,金矿石,216.1,358936.31,77566136.59,华东,已完成
ORD-03822,2028-05-25,CUST-002,铜精矿,306.3,49689.25,15219817.28,华南,已完成
ORD-03823,2028-06-01,CUST-031,银精矿,40.3,4692445.88,189105568.96,西北,已完成
ORD-03824,2028-06-05,CUST-016,锌精矿,336.5,17871.86,6013880.89,华东,已完成
ORD-03825,2028-06-08,CUST-048,钼精矿,77.8,304331.10,23676959.58,东北,已完成
ORD-03826,2028-06-12,CUST-009,金矿石,209.4,420180.72,87985842.77,华北,已完成
ORD-03827,2028-06-15,CUST-025,铜精矿,321.9,45344.99,14596552.28,西南,进行中
ORD-03828,2028-06-18,CUST-041,银精矿,46.9,3869703.83,181489109.63,华南,已完成
ORD-03829,2028-06-22,CUST-006,锌精矿,436.1,16584.80,7232631.28,华东,已完成
ORD-03830,2028-06-25,CUST-034,钼精矿,110.7,364151.76,40311599.83,西北,已完成
ORD-03831,2028-07-01,CUST-020,金矿石,139.2,427278.07,59477107.34,东北,已完成
ORD-03832,2028-07-05,CUST-043,铜精矿,276.6,57529.13,15912557.36,华东,已取消
ORD-03833,2028-07-08,CUST-013,银精矿,65.1,3786459.12,246498488.71,华南,已完成
ORD-03834,2028-07-12,CUST-036,锌精矿,409.3,16628.80,6806167.84,华北,已完成
ORD-03835,2028-07-15,CUST-001,钼精矿,68.2,309946.69,21138364.26,西南,已完成
ORD-03836,2028-07-18,CUST-028,金矿石,242.4,442950.69,107371247.26,华东,进行中
ORD-03837,2028-07-22,CUST-047,铜精矿,323.9,54714.11,17721900.23,华南,已完成
ORD-03838,2028-07-25,CUST-010,银精矿,33.7,3778975.99,127351490.86,西北,已完成
ORD-03839,2028-08-01,CUST-023,锌精矿,378.3,21378.01,8087301.18,华东,已完成
ORD-03840,2028-08-05,CUST-038,钼精矿,93.1,297077.50,27657915.25,东北,已完成
ORD-03841,2028-08-08,CUST-017,金矿石,188.4,359610.27,67750574.87,华北,已完成
ORD-03842,2028-08-12,CUST-045,铜精矿,292.5,59545.51,17417061.68,西南,已完成
ORD-03843,2028-08-15,CUST-004,银精矿,55.3,4766735.20,263600456.56,华东,已完成
ORD-03844,2028-08-18,CUST-032,锌精矿,464.3,20217.39,9386934.18,华南,进行中
ORD-03845,2028-08-22,CUST-026,钼精矿,114.4,369244.56,42241577.66,华北,已完成
ORD-03846,2028-08-25,CUST-040,金矿石,182.6,369160.27,67408665.30,西南,已完成
ORD-03847,2028-09-01,CUST-024,铜精矿,241.6,55827.34,13487885.34,华东,已取消
ORD-03848,2028-09-05,CUST-049,银精矿,36.0,4516865.60,162607161.60,东北,已完成
ORD-03849,2028-09-08,CUST-030,锌精矿,447.8,19981.68,8947796.30,西北,已完成
ORD-03850,2028-09-12,CUST-007,钼精矿,97.8,357332.80,34947147.84,华南,已完成
ORD-03851,2028-09-15,CUST-015,金矿石,263.9,447737.70,118157979.03,华东,已完成
ORD-03852,2028-09-18,CUST-042,铜精矿,266.8,50176.03,13386964.80,华北,已完成
ORD-03853,2028-09-22,CUST-021,银精矿,32.8,3704738.74,121515430.67,西南,进行中
ORD-03854,2028-09-25,CUST-008,锌精矿,488.9,16200.63,7920488.01,华南,已完成
ORD-03855,2028-10-01,CUST-035,钼精矿,130.2,317978.24,41400766.85,华东,已完成
ORD-03856,2028-10-05,CUST-012,金矿石,169.7,391865.67,66499604.20,东北,已完成
ORD-03857,2028-10-08,CUST-044,铜精矿,252.7,57793.74,14604478.10,西北,已完成
ORD-03858,2028-10-12,CUST-003,银精矿,52.5,3917138.31,205649761.28,华东,已完成
ORD-03859,2028-10-15,CUST-018,锌精矿,423.2,16111.25,6818281.00,华北,已取消
ORD-03860,2028-10-18,CUST-029,钼精矿,90.0,370501.18,33345106.20,华南,已完成
ORD-03861,2028-10-22,CUST-046,金矿石,185.2,455255.15,84313253.78,西南,已完成
ORD-03862,2028-10-25,CUST-011,铜精矿,333.0,55663.36,18535898.88,华东,已完成
ORD-03863,2028-11-01,CUST-037,银精矿,47.0,3637553.43,170965011.21,华南,已完成
ORD-03864,2028-11-05,CUST-019,锌精矿,421.4,16004.91,6744469.07,西北,进行中
ORD-03865,2028-11-08,CUST-033,钼精矿,114.2,321123.40,36672292.28,东北,已完成
ORD-03866,2028-11-12,CUST-005,金矿石,268.7,362633.53,97439629.51,华北,已完成
ORD-03867,2028-11-15,CUST-027,铜精矿,236.2,52039.04,12291621.25,华东,已完成
ORD-03868,2028-11-18,CUST-048,银精矿,32.4,4495998.81,145670361.44,西南,已完成
ORD-03869,2028-11-22,CUST-014,锌精矿,409.4,15876.29,6499753.13,华南,已完成
ORD-03870,2028-11-25,CUST-039,钼精矿,107.7,370493.32,39902130.56,华东,已完成
ORD-03871,2028-12-01,CUST-002,金矿石,176.2,456001.19,80347409.68,华东,已完成
ORD-03872,2028-12-05,CUST-031,铜精矿,320.2,61488.64,19688662.53,东北,已取消
ORD-03873,2028-12-08,CUST-016,银精矿,52.0,3693866.80,192081073.60,华北,已完成
ORD-03874,2028-12-12,CUST-025,锌精矿,370.4,19689.48,7292983.39,西南,已完成
ORD-03875,2028-12-15,CUST-009,钼精矿,91.3,313012.70,28578059.51,华南,进行中
ORD-03876,2028-12-18,CUST-041,金矿石,256.6,386481.93,99171263.24,西北,已完成
ORD-03877,2028-12-22,CUST-006,铜精矿,218.2,60813.08,13269414.06,华东,已完成
ORD-03878,2028-12-25,CUST-034,银精矿,55.2,4332161.40,239135309.28,华南,已完成
ORD-03879,2029-01-01,CUST-020,锌精矿,489.6,20116.94,9849253.82,华北,已完成
ORD-03880,2029-01-05,CUST-043,钼精矿,69.6,287527.32,20011901.47,华东,已完成
ORD-03881,2029-01-08,CUST-013,金矿石,176.1,426194.21,75052800.38,东北,已完成
ORD-03882,2029-01-12,CUST-036,铜精矿,319.3,55881.82,17843065.13,西南,已完成
ORD-03883,2029-01-15,CUST-001,银精矿,67.4,4909297.95,330886681.83,华东,进行中
ORD-03884,2029-01-18,CUST-028,锌精矿,335.4,21390.54,7174387.12,华南,已完成
ORD-03885,2029-01-22,CUST-047,钼精矿,92.1,370500.46,34123092.37,西北,已完成
ORD-03886,2029-01-25,CUST-010,金矿石,255.8,385612.40,98639651.92,华北,已完成
ORD-03887,2029-02-01,CUST-023,铜精矿,338.0,60081.85,20307665.30,华东,已完成
ORD-03888,2029-02-05,CUST-038,银精矿,46.7,4493727.28,209857063.98,西南,已完成
ORD-03889,2029-02-08,CUST-017,锌精矿,400.9,18428.26,7387889.43,东北,已取消
ORD-03890,2029-02-12,CUST-045,钼精矿,85.9,350034.44,30067958.40,华南,已完成
ORD-03891,2029-02-15,CUST-004,金矿石,247.1,393595.08,97257344.27,华东,已完成
ORD-03892,2029-02-18,CUST-032,铜精矿,288.6,57989.58,16735792.79,华北,已完成
ORD-03893,2029-02-22,CUST-026,银精矿,46.5,4551254.76,211633346.34,西北,进行中
ORD-03894,2029-02-25,CUST-040,锌精矿,385.2,20201.89,7781768.03,华南,已完成
ORD-03895,2029-02-28,CUST-024,钼精矿,87.2,301831.38,26319696.34,西南,已完成
ORD-03896,2029-02-28,CUST-049,金矿石,163.1,435215.95,70983721.44,东北,已完成
ORD-03897,2029-02-28,CUST-030,铜精矿,322.1,61559.92,19828450.23,华东,已完成
ORD-03898,2029-02-28,CUST-007,银精矿,35.6,3883959.75,138268967.10,华北,已完成
ORD-03899,2029-02-28,CUST-015,锌精矿,335.2,20105.19,6739259.69,华南,已完成
ORD-03900,2029-02-28,CUST-042,钼精矿,87.2,379139.63,33060975.74,西南,已完成
ORD-03901,2028-04-05,CUST-012,金矿石,172.6,393531.99,67923621.47,华东,已完成
ORD-03902,2028-04-08,CUST-035,铜精矿,337.5,56785.14,19164984.75,华南,已完成
ORD-03903,2028-04-12,CUST-007,银精矿,46.0,3608669.40,165998792.40,华北,已完成
ORD-03904,2028-04-15,CUST-021,锌精矿,462.9,20367.24,9427995.40,西南,进行中
ORD-03905,2028-04-18,CUST-042,钼精矿,75.1,286414.40,21509721.44,华东,已完成
ORD-03906,2028-04-22,CUST-018,金矿石,180.5,442001.82,79781328.51,西北,已完成
ORD-03907,2028-04-25,CUST-003,铜精矿,208.9,50610.07,10572443.62,华南,已取消
ORD-03908,2028-05-01,CUST-029,银精矿,54.4,4010659.60,218179882.24,华东,已完成
ORD-03909,2028-05-05,CUST-015,锌精矿,414.9,20998.42,8712244.46,东北,已完成
ORD-03910,2028-05-08,CUST-037,钼精矿,109.6,311637.69,34155490.82,华北,已完成
ORD-03911,2028-05-12,CUST-008,金矿石,184.4,373218.36,68821465.58,华南,进行中
ORD-03912,2028-05-15,CUST-044,铜精矿,266.6,51055.66,13611438.96,西南,已完成
ORD-03913,2028-05-20,CUST-022,银精矿,32.3,4379527.25,141458730.17,华东,已完成
ORD-03914,2028-05-25,CUST-011,锌精矿,439.8,17078.11,7510952.78,华北,已完成
ORD-03915,2028-06-01,CUST-033,钼精矿,102.3,342194.39,35006486.10,西北,已完成
ORD-03916,2028-06-05,CUST-019,金矿石,276.1,434204.29,119883804.47,华东,已完成
ORD-03917,2028-06-08,CUST-046,铜精矿,364.9,47481.89,17326141.66,东北,已取消
ORD-03918,2028-06-12,CUST-005,银精矿,54.9,3620038.84,198740132.32,华南,已完成
ORD-03919,2028-06-15,CUST-027,锌精矿,404.5,17972.78,7269989.51,西南,已完成
ORD-03920,2028-06-18,CUST-014,钼精矿,60.3,322027.05,19418231.11,华北,进行中
ORD-03921,2028-06-22,CUST-039,金矿石,219.6,393788.37,86475926.05,华东,已完成
ORD-03922,2028-06-25,CUST-002,铜精矿,282.5,51622.47,14583347.78,华南,已完成
ORD-03923,2028-07-01,CUST-031,银精矿,39.3,3951721.94,155302672.24,西北,已完成
ORD-03924,2028-07-05,CUST-016,锌精矿,390.8,21079.55,8237888.14,华东,已完成
ORD-03925,2028-07-08,CUST-048,钼精矿,84.1,343165.21,28860194.16,东北,已完成
ORD-03926,2028-07-12,CUST-009,金矿石,220.5,364942.98,80469927.09,华北,已完成
ORD-03927,2028-07-15,CUST-025,铜精矿,301.8,50762.57,15320143.63,西南,进行中
ORD-03928,2028-07-18,CUST-041,银精矿,48.0,4452511.88,213720570.24,华南,已完成
ORD-03929,2028-07-22,CUST-006,锌精矿,499.1,17046.88,8508097.81,华东,已完成
ORD-03930,2028-07-25,CUST-034,钼精矿,112.1,331188.86,37126271.21,西北,已完成
ORD-03931,2028-08-01,CUST-020,金矿石,146.3,358505.61,52449370.74,东北,已完成
ORD-03932,2028-08-05,CUST-043,铜精矿,238.2,57486.40,13693260.48,华东,已取消
ORD-03933,2028-08-08,CUST-013,银精矿,73.8,4663223.91,344145924.56,华南,已完成
ORD-03934,2028-08-12,CUST-036,锌精矿,422.7,16672.26,7047364.30,华北,已完成
ORD-03935,2028-08-15,CUST-001,钼精矿,78.9,367837.43,29022373.23,西南,已完成
ORD-03936,2028-08-18,CUST-028,金矿石,262.1,409840.84,107419284.16,华东,进行中
ORD-03937,2028-08-22,CUST-047,铜精矿,258.7,57350.36,14836538.13,华南,已完成
ORD-03938,2028-08-25,CUST-010,银精矿,33.0,4840262.26,159728654.58,西北,已完成
ORD-03939,2028-09-01,CUST-023,锌精矿,362.0,19404.26,7024342.12,华东,已完成
ORD-03940,2028-09-05,CUST-038,钼精矿,81.2,314223.08,25514914.10,东北,已完成
ORD-03941,2028-09-08,CUST-017,金矿石,190.0,411279.20,78143048.00,华北,已完成
ORD-03942,2028-09-12,CUST-045,铜精矿,375.8,54117.83,20337480.51,西南,已完成
ORD-03943,2028-09-15,CUST-004,银精矿,55.3,4029216.88,222815693.46,华东,已完成
ORD-03944,2028-09-18,CUST-032,锌精矿,457.4,16845.83,7705282.64,华南,进行中
ORD-03945,2028-09-22,CUST-026,钼精矿,107.5,370022.66,39777435.95,华北,已完成
ORD-03946,2028-09-25,CUST-040,金矿石,216.0,336798.29,72748430.64,西南,已完成
ORD-03947,2028-10-01,CUST-024,铜精矿,311.7,54663.37,17038572.43,华东,已取消
ORD-03948,2028-10-05,CUST-049,银精矿,45.5,4766028.80,216854310.40,东北,已完成
ORD-03949,2028-10-08,CUST-030,锌精矿,347.9,16043.79,5581634.54,西北,已完成
ORD-03950,2028-10-12,CUST-007,钼精矿,84.1,330891.48,27827973.47,华南,已完成
ORD-03951,2028-10-15,CUST-015,金矿石,230.9,356776.26,82379638.43,华东,已完成
ORD-03952,2028-10-18,CUST-042,铜精矿,261.6,58520.02,15308837.23,华北,已完成
ORD-03953,2028-10-22,CUST-021,银精矿,35.3,4831184.33,170540806.85,西南,进行中
ORD-03954,2028-10-25,CUST-008,锌精矿,433.0,19117.63,8277933.79,华南,已完成
ORD-03955,2028-11-01,CUST-035,钼精矿,105.8,283943.36,30041207.49,华东,已完成
ORD-03956,2028-11-05,CUST-012,金矿石,186.2,347533.64,64710763.77,东北,已完成
ORD-03957,2028-11-08,CUST-044,铜精矿,224.1,51320.88,11501009.21,西北,已完成
ORD-03958,2028-11-12,CUST-003,银精矿,63.9,3993597.83,255190901.34,华东,已完成
ORD-03959,2028-11-15,CUST-018,锌精矿,413.6,17597.71,7278412.86,华北,已取消
ORD-03960,2028-11-18,CUST-029,钼精矿,79.7,316760.99,25245850.90,华南,已完成
ORD-03961,2028-11-22,CUST-046,金矿石,200.5,351842.64,70544449.32,西南,已完成
ORD-03962,2028-11-25,CUST-011,铜精矿,352.4,55391.73,19520045.65,华东,已完成
ORD-03963,2028-12-01,CUST-037,银精矿,53.8,3948152.56,212410607.73,华南,已完成
ORD-03964,2028-12-05,CUST-019,锌精矿,529.1,21565.01,11410046.79,西北,进行中
ORD-03965,2028-12-08,CUST-033,钼精矿,88.6,318302.72,28201620.99,东北,已完成
ORD-03966,2028-12-12,CUST-005,金矿石,250.0,384991.61,96247902.50,华北,已完成
ORD-03967,2028-12-15,CUST-027,铜精矿,213.3,53980.13,11513961.73,华东,已完成
ORD-03968,2028-12-18,CUST-048,银精矿,33.2,3877582.94,128735753.61,西南,已完成
ORD-03969,2028-12-22,CUST-014,锌精矿,484.9,17757.59,8610655.39,华南,已完成
ORD-03970,2028-12-25,CUST-039,钼精矿,105.1,272137.46,28601647.05,华东,已完成
ORD-03971,2029-01-01,CUST-002,金矿石,232.5,426971.07,99270773.78,华东,已完成
ORD-03972,2029-01-05,CUST-031,铜精矿,413.8,54127.64,22398017.43,东北,已取消
ORD-03973,2029-01-08,CUST-016,银精矿,44.0,4284052.82,188498324.08,华北,已完成
ORD-03974,2029-01-12,CUST-025,锌精矿,316.7,17175.78,5439569.53,西南,已完成
ORD-03975,2029-01-15,CUST-009,钼精矿,104.6,274965.76,28761418.50,华南,进行中
ORD-03976,2029-01-18,CUST-041,金矿石,260.7,393221.40,102512818.98,西北,已完成
ORD-03977,2029-01-22,CUST-006,铜精矿,255.9,53090.88,13585956.19,华东,已完成
ORD-03978,2029-01-25,CUST-034,银精矿,53.1,4202293.20,223141768.92,华南,已完成
ORD-03979,2029-02-01,CUST-020,锌精矿,402.3,17348.32,6979229.14,华北,已完成
ORD-03980,2029-02-05,CUST-043,钼精矿,89.5,300590.71,26902868.55,华东,已完成
ORD-03981,2029-02-08,CUST-013,金矿石,198.9,462484.04,91988075.56,东北,已完成
ORD-03982,2029-02-12,CUST-036,铜精矿,330.7,57443.29,18996496.00,西南,已完成
ORD-03983,2029-02-15,CUST-001,银精矿,63.4,4722718.09,299420326.91,华东,进行中
ORD-03984,2029-02-18,CUST-028,锌精矿,382.5,20236.57,7740488.02,华南,已完成
ORD-03985,2029-02-22,CUST-047,钼精矿,124.6,364315.12,45393663.95,西北,已完成
ORD-03986,2029-02-25,CUST-010,金矿石,243.5,403800.10,98325324.35,华北,已完成
ORD-03987,2029-03-01,CUST-023,铜精矿,275.9,50843.41,14027696.82,华东,已完成
ORD-03988,2029-03-05,CUST-038,银精矿,41.9,3690059.64,154613498.92,西南,已完成
ORD-03989,2029-03-08,CUST-017,锌精矿,395.6,20046.45,7930375.62,东北,已取消
ORD-03990,2029-03-12,CUST-045,钼精矿,80.0,332515.95,26601276.00,华南,已完成
ORD-03991,2029-03-15,CUST-004,金矿石,237.6,397441.97,94432212.07,华东,已完成
ORD-03992,2029-03-18,CUST-032,铜精矿,316.3,56741.02,17947184.63,华北,已完成
ORD-03993,2029-03-22,CUST-026,银精矿,42.5,4354334.85,185059231.12,西北,进行中
ORD-03994,2029-03-25,CUST-040,锌精矿,386.8,17626.23,6817825.76,华南,已完成
ORD-03995,2029-03-28,CUST-024,钼精矿,118.0,369149.31,43559618.58,西南,已完成
ORD-03996,2029-03-28,CUST-049,金矿石,131.6,415310.66,54654882.86,东北,已完成
ORD-03997,2029-03-28,CUST-030,铜精矿,303.2,60323.42,18290060.94,华东,已完成
ORD-03998,2029-03-28,CUST-007,银精矿,30.8,4325284.09,133218749.97,华北,已完成
ORD-03999,2029-03-28,CUST-015,锌精矿,337.1,18827.64,6346797.44,华南,已完成
ORD-04000,2029-03-28,CUST-042,钼精矿,86.6,382485.37,33123233.04,西南,已完成
ORD-04001,2028-05-05,CUST-012,金矿石,136.8,453207.37,61998768.22,华东,已完成
ORD-04002,2028-05-08,CUST-035,铜精矿,347.2,59405.48,20625582.66,华南,已完成
ORD-04003,2028-05-12,CUST-007,银精矿,52.5,4498620.00,236177550.00,华北,已完成
ORD-04004,2028-05-15,CUST-021,锌精矿,460.3,20139.53,9270225.66,西南,进行中
ORD-04005,2028-05-18,CUST-042,钼精矿,89.8,295126.40,26502350.72,华东,已完成
ORD-04006,2028-05-22,CUST-018,金矿石,173.0,393906.63,68145846.99,西北,已完成
ORD-04007,2028-05-25,CUST-003,铜精矿,157.0,47176.78,7406754.46,华南,已取消
ORD-04008,2028-06-01,CUST-029,银精矿,65.1,3889458.85,253203771.13,华东,已完成
ORD-04009,2028-06-05,CUST-015,锌精矿,427.6,21758.41,9303896.12,东北,已完成
ORD-04010,2028-06-08,CUST-037,钼精矿,106.4,326845.58,34776369.71,华北,已完成
ORD-04011,2028-06-12,CUST-008,金矿石,173.2,330875.54,57307643.53,华南,进行中
ORD-04012,2028-06-15,CUST-044,铜精矿,221.8,58144.27,12896399.09,西南,已完成
ORD-04013,2028-06-20,CUST-022,银精矿,39.3,3792861.50,149059456.95,华东,已完成
ORD-04014,2028-06-25,CUST-011,锌精矿,397.2,16856.53,6695413.72,华北,已完成
ORD-04015,2028-07-01,CUST-033,钼精矿,101.6,364913.90,37075252.24,西北,已完成
ORD-04016,2028-07-05,CUST-019,金矿石,259.1,345967.83,89640264.75,华东,已完成
ORD-04017,2028-07-08,CUST-046,铜精矿,338.9,45972.88,15580209.03,东北,已取消
ORD-04018,2028-07-12,CUST-005,银精矿,52.4,4510441.54,236347136.70,华南,已完成
ORD-04019,2028-07-15,CUST-027,锌精矿,404.8,21856.19,8847385.71,西南,已完成
ORD-04020,2028-07-18,CUST-014,钼精矿,59.5,313643.13,18661766.23,华北,进行中
ORD-04021,2028-07-22,CUST-039,金矿石,210.2,447235.00,94008797.00,华东,已完成
ORD-04022,2028-07-25,CUST-002,铜精矿,310.3,58527.34,18161033.60,华南,已完成
ORD-04023,2028-08-01,CUST-031,银精矿,43.8,4409191.04,193122567.55,西北,已完成
ORD-04024,2028-08-05,CUST-016,锌精矿,378.7,18421.96,6976396.25,华东,已完成
ORD-04025,2028-08-08,CUST-048,钼精矿,76.1,317826.72,24186613.39,东北,已完成
ORD-04026,2028-08-12,CUST-009,金矿石,255.6,407148.69,104067205.16,华北,已完成
ORD-04027,2028-08-15,CUST-025,铜精矿,332.8,48207.95,16043605.76,西南,进行中
ORD-04028,2028-08-18,CUST-041,银精矿,64.2,4164218.93,267342855.31,华南,已完成
ORD-04029,2028-08-22,CUST-006,锌精矿,408.5,20064.06,8196168.51,华东,已完成
ORD-04030,2028-08-25,CUST-034,钼精矿,89.0,362796.12,32288854.68,西北,已完成
ORD-04031,2028-09-01,CUST-020,金矿石,182.8,365091.15,66738662.22,东北,已完成
ORD-04032,2028-09-05,CUST-043,铜精矿,206.7,49655.64,10263820.79,华东,已取消
ORD-04033,2028-09-08,CUST-013,银精矿,59.8,4854322.62,290288492.68,华南,已完成
ORD-04034,2028-09-12,CUST-036,锌精矿,426.8,17685.37,7548115.92,华北,已完成
ORD-04035,2028-09-15,CUST-001,钼精矿,68.8,329077.64,22640541.63,西南,已完成
ORD-04036,2028-09-18,CUST-028,金矿石,284.5,346072.26,98457557.97,华东,进行中
ORD-04037,2028-09-22,CUST-047,铜精矿,307.1,55804.85,17137669.44,华南,已完成
ORD-04038,2028-09-25,CUST-010,银精矿,34.9,4372207.09,152590027.44,西北,已完成
ORD-04039,2028-10-01,CUST-023,锌精矿,398.9,16128.22,6433546.96,华东,已完成
ORD-04040,2028-10-05,CUST-038,钼精矿,85.5,315509.78,26976086.19,东北,已完成
ORD-04041,2028-10-08,CUST-017,金矿石,198.3,361895.26,71763830.06,华北,已完成
ORD-04042,2028-10-12,CUST-045,铜精矿,371.0,48770.94,18094018.74,西南,已完成
ORD-04043,2028-10-15,CUST-004,银精矿,51.4,3906786.88,200808845.63,华东,已完成
ORD-04044,2028-10-18,CUST-032,锌精矿,387.9,19278.13,7477986.63,华南,进行中
ORD-04045,2028-10-22,CUST-026,钼精矿,101.3,346754.07,35126187.29,华北,已完成
ORD-04046,2028-10-25,CUST-040,金矿石,215.2,440281.21,94748516.39,西南,已完成
ORD-04047,2028-11-01,CUST-024,铜精矿,289.5,59475.47,17218148.57,华东,已取消
ORD-04048,2028-11-05,CUST-049,银精矿,45.6,4358993.60,198770108.16,东北,已完成
ORD-04049,2028-11-08,CUST-030,锌精矿,455.2,20787.06,9462269.71,西北,已完成
ORD-04050,2028-11-12,CUST-007,钼精矿,81.1,360390.71,29227686.58,华南,已完成
ORD-04051,2028-11-15,CUST-015,金矿石,218.1,372635.21,81271739.30,华东,已完成
ORD-04052,2028-11-18,CUST-042,铜精矿,281.6,57817.03,16281275.65,华北,已完成
ORD-04053,2028-11-22,CUST-021,银精矿,44.7,4535625.61,202742464.77,西南,进行中
ORD-04054,2028-11-25,CUST-008,锌精矿,480.1,19881.74,9545223.37,华南,已完成
ORD-04055,2028-12-01,CUST-035,钼精矿,131.1,274534.40,35991459.84,华东,已完成
ORD-04056,2028-12-05,CUST-012,金矿石,179.5,411913.51,73938475.05,东北,已完成
ORD-04057,2028-12-08,CUST-044,铜精矿,280.7,57256.45,16071885.51,西北,已完成
ORD-04058,2028-12-12,CUST-003,银精矿,56.2,4804956.79,270038571.60,华东,已完成
ORD-04059,2028-12-15,CUST-018,锌精矿,427.1,18441.31,7876283.50,华北,已取消
ORD-04060,2028-12-18,CUST-029,钼精矿,81.2,372876.55,30277575.86,华南,已完成
ORD-04061,2028-12-22,CUST-046,金矿石,211.3,453030.12,95725264.36,西南,已完成
ORD-04062,2028-12-25,CUST-011,铜精矿,321.3,57619.85,18513257.80,华东,已完成
ORD-04063,2029-01-01,CUST-037,银精矿,53.0,4578670.20,242669520.60,华南,已完成
ORD-04064,2029-01-05,CUST-019,锌精矿,513.4,18180.15,9333689.01,西北,进行中
ORD-04065,2029-01-08,CUST-033,钼精矿,98.8,364731.25,36035447.50,东北,已完成
ORD-04066,2029-01-12,CUST-005,金矿石,268.0,436215.44,116905737.92,华北,已完成
ORD-04067,2029-01-15,CUST-027,铜精矿,231.3,57344.80,13263852.24,华东,已完成
ORD-04068,2029-01-18,CUST-048,银精矿,28.7,3684581.29,105747483.02,西南,已完成
ORD-04069,2029-01-22,CUST-014,锌精矿,378.6,18421.11,6974232.25,华南,已完成
ORD-04070,2029-01-25,CUST-039,钼精矿,119.6,356267.91,42609642.04,华东,已完成
ORD-04071,2029-02-01,CUST-002,金矿石,207.1,350552.23,72599366.83,华东,已完成
ORD-04072,2029-02-05,CUST-031,铜精矿,358.7,54569.13,19573946.93,东北,已取消
ORD-04073,2029-02-08,CUST-016,银精矿,46.8,3772223.65,176540066.82,华北,已完成
ORD-04074,2029-02-12,CUST-025,锌精矿,316.2,20165.98,6376482.88,西南,已完成
ORD-04075,2029-02-15,CUST-009,钼精矿,99.9,370886.61,37051572.34,华南,进行中
ORD-04076,2029-02-18,CUST-041,金矿石,263.1,460888.84,121259853.80,西北,已完成
ORD-04077,2029-02-22,CUST-006,铜精矿,262.9,50027.54,13152240.27,华东,已完成
ORD-04078,2029-02-25,CUST-034,银精矿,65.7,3639993.00,239147540.10,华南,已完成
ORD-04079,2029-03-01,CUST-020,锌精矿,419.6,18884.95,7924125.02,华北,已完成
ORD-04080,2029-03-05,CUST-043,钼精矿,85.9,345411.13,29670816.07,华东,已完成
ORD-04081,2029-03-08,CUST-013,金矿石,208.4,394648.06,82244655.70,东北,已完成
ORD-04082,2029-03-12,CUST-036,铜精矿,279.1,59696.44,16661276.40,西南,已完成
ORD-04083,2029-03-15,CUST-001,银精矿,64.8,4396375.98,284885163.50,华东,进行中
ORD-04084,2029-03-18,CUST-028,锌精矿,360.5,17253.58,6219915.59,华南,已完成
ORD-04085,2029-03-22,CUST-047,钼精矿,110.2,290059.23,31964527.15,西北,已完成
ORD-04086,2029-03-25,CUST-010,金矿石,214.0,344249.84,73669465.76,华北,已完成
ORD-04087,2029-04-01,CUST-023,铜精矿,284.4,59314.19,16868955.64,华东,已完成
ORD-04088,2029-04-05,CUST-038,银精矿,46.3,4399870.33,203713996.28,西南,已完成
ORD-04089,2029-04-08,CUST-017,锌精矿,376.1,19080.40,7176138.44,东北,已取消
ORD-04090,2029-04-12,CUST-045,钼精矿,88.7,340447.84,30197723.41,华南,已完成
ORD-04091,2029-04-15,CUST-004,金矿石,289.4,429836.17,124394587.60,华东,已完成
ORD-04092,2029-04-18,CUST-032,铜精矿,285.9,53964.74,15428519.17,华北,已完成
ORD-04093,2029-04-22,CUST-026,银精矿,43.2,3617983.74,156296897.57,西北,进行中
ORD-04094,2029-04-25,CUST-040,锌精矿,374.9,21510.33,8064222.72,华南,已完成
ORD-04095,2029-04-28,CUST-024,钼精矿,106.5,365848.90,38962907.85,西南,已完成
ORD-04096,2029-04-28,CUST-049,金矿石,134.1,433575.62,58142490.64,东北,已完成
ORD-04097,2029-04-28,CUST-030,铜精矿,287.3,56304.36,16176242.63,华东,已完成
ORD-04098,2029-04-28,CUST-007,银精矿,40.7,4346486.75,176902010.73,华北,已完成
ORD-04099,2029-04-28,CUST-015,锌精矿,352.6,15863.00,5593293.80,华南,已完成
ORD-04100,2029-04-28,CUST-042,钼精矿,102.6,351104.28,36023299.13,西南,已完成
ORD-04101,2028-06-05,CUST-012,金矿石,144.5,406973.88,58807725.66,华东,已完成
ORD-04102,2028-06-08,CUST-035,铜精矿,375.4,58181.97,21841511.54,华南,已完成
ORD-04103,2028-06-12,CUST-007,银精矿,46.0,4136181.00,190264326.00,华北,已完成
ORD-04104,2028-06-15,CUST-021,锌精矿,495.3,17213.40,8525797.02,西南,进行中
ORD-04105,2028-06-18,CUST-042,钼精矿,82.5,285759.68,23575173.60,华东,已完成
ORD-04106,2028-06-22,CUST-018,金矿石,231.7,354666.00,82176112.20,西北,已完成
ORD-04107,2028-06-25,CUST-003,铜精矿,171.3,55307.88,9474239.84,华南,已取消
ORD-04108,2028-07-01,CUST-029,银精矿,61.8,3892608.70,240563217.66,华东,已完成
ORD-04109,2028-07-05,CUST-015,锌精矿,454.6,18220.26,8282930.20,东北,已完成
ORD-04110,2028-07-08,CUST-037,钼精矿,88.4,305629.38,27017637.19,华北,已完成
ORD-04111,2028-07-12,CUST-008,金矿石,170.5,404741.81,69008478.61,华南,进行中
ORD-04112,2028-07-15,CUST-044,铜精矿,221.1,59515.77,13158936.75,西南,已完成
ORD-04113,2028-07-20,CUST-022,银精矿,34.6,4637867.75,160470224.15,华东,已完成
ORD-04114,2028-07-25,CUST-011,锌精矿,442.5,16713.51,7395728.17,华北,已完成
ORD-04115,2028-08-01,CUST-033,钼精矿,120.7,354094.59,42739217.01,西北,已完成
ORD-04116,2028-08-05,CUST-019,金矿石,262.3,420776.72,110369733.66,华东,已完成
ORD-04117,2028-08-08,CUST-046,铜精矿,377.6,56466.64,21321803.26,东北,已取消
ORD-04118,2028-08-12,CUST-005,银精矿,54.8,4262011.60,233558235.68,华南,已完成
ORD-04119,2028-08-15,CUST-027,锌精矿,517.5,16026.44,8293682.70,西南,已完成
ORD-04120,2028-08-18,CUST-014,钼精矿,73.7,285324.84,21028440.71,华北,进行中
ORD-04121,2028-08-22,CUST-039,金矿石,182.0,450619.32,82012716.24,华东,已完成
ORD-04122,2028-08-25,CUST-002,铜精矿,314.6,56110.37,17652322.40,华南,已完成
ORD-04123,2028-09-01,CUST-031,银精矿,36.7,3724171.10,136677079.37,西北,已完成
ORD-04124,2028-09-05,CUST-016,锌精矿,321.0,18486.20,5934070.20,华东,已完成
ORD-04125,2028-09-08,CUST-048,钼精矿,87.3,305625.92,26681142.82,东北,已完成
ORD-04126,2028-09-12,CUST-009,金矿石,235.2,385355.52,90635618.30,华北,已完成
ORD-04127,2028-09-15,CUST-025,铜精矿,350.9,48609.32,17057010.39,西南,进行中
ORD-04128,2028-09-18,CUST-041,银精矿,55.9,4136426.66,231226250.29,华南,已完成
ORD-04129,2028-09-22,CUST-006,锌精矿,426.2,20283.26,8644725.41,华东,已完成
ORD-04130,2028-09-25,CUST-034,钼精矿,95.7,277109.25,26519355.23,西北,已完成
ORD-04131,2028-10-01,CUST-020,金矿石,162.3,333207.94,54079648.66,东北,已完成
ORD-04132,2028-10-05,CUST-043,铜精矿,221.3,45565.04,10083543.35,华东,已取消
ORD-04133,2028-10-08,CUST-013,银精矿,64.9,4569698.61,296573439.79,华南,已完成
ORD-04134,2028-10-12,CUST-036,锌精矿,345.1,17670.06,6097937.71,华北,已完成
ORD-04135,2028-10-15,CUST-001,钼精矿,74.6,280021.46,20889600.92,西南,已完成
ORD-04136,2028-10-18,CUST-028,金矿石,212.8,363800.89,77416829.39,华东,进行中
ORD-04137,2028-10-22,CUST-047,铜精矿,264.9,62288.32,16500175.97,华南,已完成
ORD-04138,2028-10-25,CUST-010,银精矿,29.9,4202017.84,125640333.42,西北,已完成
ORD-04139,2028-11-01,CUST-023,锌精矿,383.4,17768.40,6812404.56,华东,已完成
ORD-04140,2028-11-05,CUST-038,钼精矿,78.2,291480.87,22793804.03,东北,已完成
ORD-04141,2028-11-08,CUST-017,金矿石,236.8,415207.32,98321093.38,华北,已完成
ORD-04142,2028-11-12,CUST-045,铜精矿,369.3,54276.04,20044141.57,西南,已完成
ORD-04143,2028-11-15,CUST-004,银精矿,47.7,4078188.88,194529609.58,华东,已完成
ORD-04144,2028-11-18,CUST-032,锌精矿,469.0,16540.16,7757335.04,华南,进行中
ORD-04145,2028-11-22,CUST-026,钼精矿,110.6,293640.27,32476613.86,华北,已完成
ORD-04146,2028-11-25,CUST-040,金矿石,157.5,402926.46,63460917.45,西南,已完成
ORD-04147,2028-12-01,CUST-024,铜精矿,303.7,61092.38,18553755.81,华东,已取消
ORD-04148,2028-12-05,CUST-049,银精矿,38.7,3578007.68,138468897.22,东北,已完成
ORD-04149,2028-12-08,CUST-030,锌精矿,391.9,20618.12,8080241.23,西北,已完成
ORD-04150,2028-12-12,CUST-007,钼精矿,94.1,285707.09,26885037.17,华南,已完成
ORD-04151,2028-12-15,CUST-015,金矿石,254.9,354494.21,90360574.13,华东,已完成
ORD-04152,2028-12-18,CUST-042,铜精矿,330.3,61911.78,20449460.93,华北,已完成
ORD-04153,2028-12-22,CUST-021,银精矿,33.7,4561236.08,153713655.90,西南,进行中
ORD-04154,2028-12-25,CUST-008,锌精矿,429.5,17664.92,7587083.14,华南,已完成
ORD-04155,2029-01-01,CUST-035,钼精矿,124.0,347451.20,43083948.80,华东,已完成
ORD-04156,2029-01-05,CUST-012,金矿石,180.8,427021.07,77205409.46,东北,已完成
ORD-04157,2029-01-08,CUST-044,铜精矿,259.9,47269.22,12285270.28,西北,已完成
ORD-04158,2029-01-12,CUST-003,银精矿,61.4,4539499.34,278725259.48,华东,已完成
ORD-04159,2029-01-15,CUST-018,锌精矿,336.9,21348.56,7192329.86,华北,已取消
ORD-04160,2029-01-18,CUST-029,钼精矿,70.2,322331.55,22627674.81,华南,已完成
ORD-04161,2029-01-22,CUST-046,金矿石,171.3,412634.41,70684274.43,西南,已完成
ORD-04162,2029-01-25,CUST-011,铜精矿,393.6,53626.98,21107579.33,华东,已完成
ORD-04163,2029-02-01,CUST-037,银精矿,59.8,3863304.61,231025615.68,华南,已完成
ORD-04164,2029-02-05,CUST-019,锌精矿,407.4,18706.15,7620885.51,西北,进行中
ORD-04165,2029-02-08,CUST-033,钼精矿,103.5,361052.57,37368940.99,东北,已完成
ORD-04166,2029-02-12,CUST-005,金矿石,245.3,450738.53,110566161.41,华北,已完成
ORD-04167,2029-02-15,CUST-027,铜精矿,228.7,49245.18,11262372.67,华东,已完成
ORD-04168,2029-02-18,CUST-048,银精矿,36.2,4047804.53,146530523.99,西南,已完成
ORD-04169,2029-02-22,CUST-014,锌精矿,368.5,18475.73,6808306.50,华南,已完成
ORD-04170,2029-02-25,CUST-039,钼精矿,130.9,320411.94,41941922.95,华东,已完成
ORD-04171,2029-03-01,CUST-002,金矿石,197.9,393871.32,77947134.23,华东,已完成
ORD-04172,2029-03-05,CUST-031,铜精矿,315.5,53737.17,16954077.13,东北,已取消
ORD-04173,2029-03-08,CUST-016,银精矿,48.8,4639028.88,226384609.34,华北,已完成
ORD-04174,2029-03-12,CUST-025,锌精矿,305.3,19005.85,5802486.00,西南,已完成
ORD-04175,2029-03-15,CUST-009,钼精矿,85.7,348164.87,29837729.36,华南,进行中
ORD-04176,2029-03-18,CUST-041,金矿石,309.8,415270.78,128650887.64,西北,已完成
ORD-04177,2029-03-22,CUST-006,铜精矿,237.7,49334.50,11726810.65,华东,已完成
ORD-04178,2029-03-25,CUST-034,银精矿,63.5,4630012.80,294005812.80,华南,已完成
ORD-04179,2029-04-01,CUST-020,锌精矿,532.2,19398.38,10323817.84,华北,已完成
ORD-04180,2029-04-05,CUST-043,钼精矿,81.8,321867.49,26328760.68,华东,已完成
ORD-04181,2029-04-08,CUST-013,金矿石,170.5,366747.88,62530513.54,东北,已完成
ORD-04182,2029-04-12,CUST-036,铜精矿,267.1,59016.86,15763403.31,西南,已完成
ORD-04183,2029-04-15,CUST-001,银精矿,61.2,4616377.24,282522287.09,华东,进行中
ORD-04184,2029-04-18,CUST-028,锌精矿,313.8,17644.01,5536690.34,华南,已完成
ORD-04185,2029-04-22,CUST-047,钼精矿,116.6,312392.23,36424934.02,西北,已完成
ORD-04186,2029-04-25,CUST-010,金矿石,230.0,374776.90,86198687.00,华北,已完成
ORD-04187,2029-05-01,CUST-023,铜精矿,329.8,48434.30,15973632.14,华东,已完成
ORD-04188,2029-05-05,CUST-038,银精矿,50.3,4033267.89,202873374.87,西南,已完成
ORD-04189,2029-05-08,CUST-017,锌精矿,350.3,19270.45,6750438.64,东北,已取消
ORD-04190,2029-05-12,CUST-045,钼精矿,81.5,285522.39,23270074.79,华南,已完成
ORD-04191,2029-05-15,CUST-004,金矿石,238.1,440314.74,104838939.59,华东,已完成
ORD-04192,2029-05-18,CUST-032,铜精矿,270.9,58964.11,15973377.40,华北,已完成
ORD-04193,2029-05-22,CUST-026,银精矿,52.3,4684874.07,245018913.86,西北,进行中
ORD-04194,2029-05-25,CUST-040,锌精矿,454.8,17359.12,7894927.78,华南,已完成
ORD-04195,2029-05-28,CUST-024,钼精矿,94.7,349179.20,33067270.24,西南,已完成
ORD-04196,2029-05-28,CUST-049,金矿石,152.5,438665.85,66896542.12,东北,已完成
ORD-04197,2029-05-28,CUST-030,铜精矿,304.6,54622.65,16638059.19,华东,已完成
ORD-04198,2029-05-28,CUST-007,银精矿,31.1,4601339.98,143101673.38,华北,已完成
ORD-04199,2029-05-28,CUST-015,锌精矿,375.7,18836.21,7076764.10,华南,已完成
ORD-04200,2029-05-28,CUST-042,钼精矿,106.1,323639.11,34338109.57,西南,已完成
ORD-04201,2028-07-05,CUST-012,金矿石,146.4,330146.74,48333482.74,华东,已完成
ORD-04202,2028-07-08,CUST-035,铜精矿,355.6,54748.25,19468477.70,华南,已完成
ORD-04203,2028-07-12,CUST-007,银精矿,48.5,4885314.00,236937729.00,华北,已完成
ORD-04204,2028-07-15,CUST-021,锌精矿,534.2,19662.11,10503499.16,西南,进行中
ORD-04205,2028-07-18,CUST-042,钼精矿,73.3,342963.20,25139202.56,华东,已完成
ORD-04206,2028-07-22,CUST-018,金矿石,198.6,435682.65,86526574.29,西北,已完成
ORD-04207,2028-07-25,CUST-003,铜精矿,156.3,61473.11,9608247.09,华南,已取消
ORD-04208,2028-08-01,CUST-029,银精矿,62.3,3893019.55,242535117.96,华东,已完成
ORD-04209,2028-08-05,CUST-015,锌精矿,459.5,21288.14,9781900.33,东北,已完成
ORD-04210,2028-08-08,CUST-037,钼精矿,91.6,292978.66,26836845.26,华北,已完成
ORD-04211,2028-08-12,CUST-008,金矿石,202.7,364345.19,73852770.01,华南,进行中
ORD-04212,2028-08-15,CUST-044,铜精矿,301.3,60187.07,18134364.19,西南,已完成
ORD-04213,2028-08-20,CUST-022,银精矿,36.8,4033250.00,148423600.00,华东,已完成
ORD-04214,2028-08-25,CUST-011,锌精矿,389.4,19732.80,7683952.32,华北,已完成
ORD-04215,2028-09-01,CUST-033,钼精矿,94.2,329465.17,31035619.01,西北,已完成
ORD-04216,2028-09-05,CUST-019,金矿石,249.5,436752.68,108969793.66,华东,已完成
ORD-04217,2028-09-08,CUST-046,铜精矿,359.7,45491.25,16363202.62,东北,已取消
ORD-04218,2028-09-12,CUST-005,银精矿,51.2,4890880.06,250413059.07,华南,已完成
ORD-04219,2028-09-15,CUST-027,锌精矿,398.2,20003.65,7965453.43,西南,已完成
ORD-04220,2028-09-18,CUST-014,钼精矿,82.4,336446.53,27723194.07,华北,进行中
ORD-04221,2028-09-22,CUST-039,金矿石,217.6,389229.12,84696256.51,华东,已完成
ORD-04222,2028-09-25,CUST-002,铜精矿,283.4,50190.65,14224030.21,华南,已完成
ORD-04223,2028-10-01,CUST-031,银精矿,35.7,4288591.88,153102730.12,西北,已完成
ORD-04224,2028-10-05,CUST-016,锌精矿,348.4,21541.71,7505131.76,华东,已完成
ORD-04225,2028-10-08,CUST-048,钼精矿,100.1,347407.59,34775499.76,东北,已完成
ORD-04226,2028-10-12,CUST-009,金矿石,194.1,427870.91,83049743.63,华北,已完成
ORD-04227,2028-10-15,CUST-025,铜精矿,293.5,55411.87,16263383.85,西南,进行中
ORD-04228,2028-10-18,CUST-041,银精矿,47.9,4626870.35,221627089.76,华南,已完成
ORD-04229,2028-10-22,CUST-006,锌精矿,555.2,18355.40,10190918.08,华东,已完成
ORD-04230,2028-10-25,CUST-034,钼精矿,94.5,272176.80,25720707.60,西北,已完成
ORD-04231,2028-11-01,CUST-020,金矿石,187.7,349576.27,65615465.88,东北,已完成
ORD-04232,2028-11-05,CUST-043,铜精矿,282.3,45269.31,12779526.21,华东,已取消
ORD-04233,2028-11-08,CUST-013,银精矿,67.6,4368828.60,295332813.36,华南,已完成
ORD-04234,2028-11-12,CUST-036,锌精矿,341.0,18697.86,6375970.26,华北,已完成
ORD-04235,2028-11-15,CUST-001,钼精矿,76.8,279311.73,21451140.86,西南,已完成
ORD-04236,2028-11-18,CUST-028,金矿石,219.2,441135.03,96696798.58,华东,进行中
ORD-04237,2028-11-22,CUST-047,铜精矿,266.5,47918.75,12770346.88,华南,已完成
ORD-04238,2028-11-25,CUST-010,银精矿,27.0,4640897.71,125304238.17,西北,已完成
ORD-04239,2028-12-01,CUST-023,锌精矿,327.9,20755.17,6805620.24,华东,已完成
ORD-04240,2028-12-05,CUST-038,钼精矿,101.8,358127.90,36457420.22,东北,已完成
ORD-04241,2028-12-08,CUST-017,金矿石,192.4,354013.34,68112166.62,华北,已完成
ORD-04242,2028-12-12,CUST-045,铜精矿,388.6,50396.72,19584165.39,西南,已完成
ORD-04243,2028-12-15,CUST-004,银精矿,50.7,4726997.92,239658794.54,华东,已完成
ORD-04244,2028-12-18,CUST-032,锌精矿,451.1,19536.77,8813036.95,华南,进行中
ORD-04245,2028-12-22,CUST-026,钼精矿,102.7,338248.18,34738088.09,华北,已完成
ORD-04246,2028-12-25,CUST-040,金矿石,217.6,399480.93,86927050.37,西南,已完成
ORD-04247,2029-01-01,CUST-024,铜精矿,233.2,48657.46,11346919.67,华东,已取消
ORD-04248,2029-01-05,CUST-049,银精矿,47.6,4184648.00,199189244.80,东北,已完成
ORD-04249,2029-01-08,CUST-030,锌精矿,421.6,19242.91,8112810.86,西北,已完成
ORD-04250,2029-01-12,CUST-007,钼精矿,82.7,284327.82,23513910.71,华南,已完成
ORD-04251,2029-01-15,CUST-015,金矿石,268.6,369635.22,99284020.09,华东,已完成
ORD-04252,2029-01-18,CUST-042,铜精矿,338.7,57876.04,19602614.75,华北,已完成
ORD-04253,2029-01-22,CUST-021,银精矿,38.7,3762881.44,145623511.73,西南,进行中
ORD-04254,2029-01-25,CUST-008,锌精矿,437.1,17308.74,7565650.25,华南,已完成
ORD-04255,2029-02-01,CUST-035,钼精矿,109.3,290057.60,31703295.68,华东,已完成
ORD-04256,2029-02-05,CUST-012,金矿石,164.2,420803.38,69095915.00,东北,已完成
ORD-04257,2029-02-08,CUST-044,铜精矿,247.0,55002.52,13585622.44,西北,已完成
ORD-04258,2029-02-12,CUST-003,银精矿,55.1,4561562.97,251342119.65,华东,已完成
ORD-04259,2029-02-15,CUST-018,锌精矿,396.2,16433.93,6511123.07,华北,已取消
ORD-04260,2029-02-18,CUST-029,钼精矿,81.5,311348.08,25374868.52,华南,已完成
ORD-04261,2029-02-22,CUST-046,金矿石,182.6,339911.90,62067912.94,西南,已完成
ORD-04262,2029-02-25,CUST-011,铜精矿,396.2,55940.33,22163558.75,华东,已完成
ORD-04263,2029-03-01,CUST-037,银精矿,60.4,4113258.33,248440803.13,华南,已完成
ORD-04264,2029-03-05,CUST-019,锌精矿,413.8,21413.43,8860877.33,西北,进行中
ORD-04265,2029-03-08,CUST-033,钼精矿,114.1,320394.10,36556966.81,东北,已完成
ORD-04266,2029-03-12,CUST-005,金矿石,265.3,457117.35,121273232.95,华北,已完成
ORD-04267,2029-03-15,CUST-027,铜精矿,232.1,55924.66,12980113.59,华东,已完成
ORD-04268,2029-03-18,CUST-048,银精矿,33.7,4726874.08,159295656.50,西南,已完成
ORD-04269,2029-03-22,CUST-014,锌精矿,410.1,20150.79,8263838.98,华南,已完成
ORD-04270,2029-03-25,CUST-039,钼精矿,125.6,300932.95,37797178.52,华东,已完成
ORD-04271,2029-04-01,CUST-002,金矿石,186.3,375125.12,69885809.86,华东,已完成
ORD-04272,2029-04-05,CUST-031,铜精矿,356.6,55824.98,19907187.87,东北,已取消
ORD-04273,2029-04-08,CUST-016,银精矿,42.0,4755169.90,199717135.80,华北,已完成
ORD-04274,2029-04-12,CUST-025,锌精矿,320.1,16387.64,5245683.56,西南,已完成
ORD-04275,2029-04-15,CUST-009,钼精矿,105.9,328380.47,34775491.77,华南,进行中
ORD-04276,2029-04-18,CUST-041,金矿石,243.7,449279.81,109489489.70,西北,已完成
ORD-04277,2029-04-22,CUST-006,铜精矿,199.8,59948.05,11977620.39,华东,已完成
ORD-04278,2029-04-25,CUST-034,银精矿,60.8,3670762.20,223182341.76,华南,已完成
ORD-04279,2029-05-01,CUST-020,锌精矿,536.3,17555.28,9414896.66,华北,已完成
ORD-04280,2029-05-05,CUST-043,钼精矿,66.5,376556.63,25041015.89,华东,已完成
ORD-04281,2029-05-08,CUST-013,金矿石,172.0,382442.54,65780116.88,东北,已完成
ORD-04282,2029-05-12,CUST-036,铜精矿,335.2,47090.57,15784759.06,西南,已完成
ORD-04283,2029-05-15,CUST-001,银精矿,61.3,3798381.33,232840775.53,华东,进行中
ORD-04284,2029-05-18,CUST-028,锌精矿,360.0,19749.62,7109863.20,华南,已完成
ORD-04285,2029-05-22,CUST-047,钼精矿,108.0,355434.97,38386976.76,西北,已完成
ORD-04286,2029-05-25,CUST-010,金矿石,196.8,407360.52,80168550.34,华北,已完成
ORD-04287,2029-06-01,CUST-023,铜精矿,273.8,58348.42,15975797.40,华东,已完成
ORD-04288,2029-06-05,CUST-038,银精矿,49.9,4481960.14,223649810.99,西南,已完成
ORD-04289,2029-06-08,CUST-017,锌精矿,418.8,16133.05,6756521.34,东北,已取消
ORD-04290,2029-06-12,CUST-045,钼精矿,96.0,380822.58,36558967.68,华南,已完成
ORD-04291,2029-06-15,CUST-004,金矿石,286.7,437581.76,125454690.59,华东,已完成
ORD-04292,2029-06-18,CUST-032,铜精矿,246.8,54543.63,13461367.88,华北,已完成
ORD-04293,2029-06-22,CUST-026,银精矿,51.5,4098242.64,211059495.96,西北,进行中
ORD-04294,2029-06-25,CUST-040,锌精矿,444.6,18456.47,8205746.56,华南,已完成
ORD-04295,2029-06-28,CUST-024,钼精矿,111.9,354428.42,39660540.20,西南,已完成
ORD-04296,2029-06-28,CUST-049,金矿石,153.2,383714.76,58785101.23,东北,已完成
ORD-04297,2029-06-28,CUST-030,铜精矿,269.4,53511.37,14415963.08,华东,已完成
ORD-04298,2029-06-28,CUST-007,银精矿,37.5,4482127.65,168079786.88,华北,已完成
ORD-04299,2029-06-28,CUST-015,锌精矿,376.4,20332.91,7653307.32,华南,已完成
ORD-04300,2029-06-28,CUST-042,钼精矿,97.2,302241.45,29377868.94,西南,已完成
ORD-04301,2028-08-05,CUST-012,金矿石,133.2,332903.72,44342775.50,华东,已完成
ORD-04302,2028-08-08,CUST-035,铜精矿,370.6,46496.01,17231421.31,华南,已完成
ORD-04303,2028-08-12,CUST-007,银精矿,42.2,3926340.60,165691573.32,华北,已完成
ORD-04304,2028-08-15,CUST-021,锌精矿,545.9,15798.26,8624270.13,西南,进行中
ORD-04305,2028-08-18,CUST-042,钼精矿,76.0,331062.08,25160718.08,华东,已完成
ORD-04306,2028-08-22,CUST-018,金矿石,182.7,382851.30,69946932.51,西北,已完成
ORD-04307,2028-08-25,CUST-003,铜精矿,172.3,46741.28,8053522.54,华南,已取消
ORD-04308,2028-09-01,CUST-029,银精矿,51.3,4489984.60,230336209.98,华东,已完成
ORD-04309,2028-09-05,CUST-015,锌精矿,410.0,18901.46,7749598.60,东北,已完成
ORD-04310,2028-09-08,CUST-037,钼精矿,85.7,281076.39,24088246.62,华北,已完成
ORD-04311,2028-09-12,CUST-008,金矿石,152.0,440464.97,66950675.44,华南,进行中
ORD-04312,2028-09-15,CUST-044,铜精矿,259.8,46494.20,12079193.16,西南,已完成
ORD-04313,2028-09-20,CUST-022,银精矿,33.2,4779520.25,158680072.30,华东,已完成
ORD-04314,2028-09-25,CUST-011,锌精矿,335.4,15926.62,5341788.35,华北,已完成
ORD-04315,2028-10-01,CUST-033,钼精矿,108.2,280531.65,30353524.53,西北,已完成
ORD-04316,2028-10-05,CUST-019,金矿石,245.4,374750.43,91963755.52,华东,已完成
ORD-04317,2028-10-08,CUST-046,铜精矿,331.0,53628.80,17751132.80,东北,已取消
ORD-04318,2028-10-12,CUST-005,银精矿,57.8,3881021.32,224323032.30,华南,已完成
ORD-04319,2028-10-15,CUST-027,锌精矿,506.9,22013.55,11158668.49,西南,已完成
ORD-04320,2028-10-18,CUST-014,钼精矿,63.8,315438.93,20125003.73,华北,进行中
ORD-04321,2028-10-22,CUST-039,金矿石,211.5,450644.86,95311387.89,华东,已完成
ORD-04322,2028-10-25,CUST-002,铜精矿,285.9,59242.37,16937393.58,华南,已完成
ORD-04323,2028-11-01,CUST-031,银精矿,37.8,4869166.82,184054505.80,西北,已完成
ORD-04324,2028-11-05,CUST-016,锌精矿,309.4,20588.07,6369948.86,华东,已完成
ORD-04325,2028-11-08,CUST-048,钼精矿,96.0,290740.75,27911112.00,东北,已完成
ORD-04326,2028-11-12,CUST-009,金矿石,236.5,456863.95,108048324.17,华北,已完成
ORD-04327,2028-11-15,CUST-025,铜精矿,269.4,50135.54,13506514.48,西南,进行中
ORD-04328,2028-11-18,CUST-041,银精矿,47.6,4406606.24,209754457.02,华南,已完成
ORD-04329,2028-11-22,CUST-006,锌精矿,487.5,18292.86,8917769.25,华东,已完成
ORD-04330,2028-11-25,CUST-034,钼精矿,91.2,347164.55,31661406.96,西北,已完成
ORD-04331,2028-12-01,CUST-020,金矿石,186.2,422246.56,78622309.47,东北,已完成
ORD-04332,2028-12-05,CUST-043,铜精矿,263.0,46101.79,12124770.77,华东,已取消
ORD-04333,2028-12-08,CUST-013,银精矿,74.1,4204810.35,311576446.93,华南,已完成
ORD-04334,2028-12-12,CUST-036,锌精矿,362.9,18937.21,6872313.51,华北,已完成
ORD-04335,2028-12-15,CUST-001,钼精矿,86.9,319745.21,27785858.75,西南,已完成
ORD-04336,2028-12-18,CUST-028,金矿石,262.0,378974.62,99291350.44,华东,进行中
ORD-04337,2028-12-22,CUST-047,铜精矿,240.1,51921.04,12466241.70,华南,已完成
ORD-04338,2028-12-25,CUST-010,银精矿,30.2,4699665.10,141929886.02,西北,已完成
ORD-04339,2029-01-01,CUST-023,锌精矿,359.8,20957.66,7540566.07,华东,已完成
ORD-04340,2029-01-05,CUST-038,钼精矿,100.0,282547.17,28254717.00,东北,已完成
ORD-04341,2029-01-08,CUST-017,金矿石,219.8,391715.61,86099091.08,华北,已完成
ORD-04342,2029-01-12,CUST-045,铜精矿,349.3,52078.04,18190859.37,西南,已完成
ORD-04343,2029-01-15,CUST-004,银精矿,49.1,4605127.60,226111765.16,华东,已完成
ORD-04344,2029-01-18,CUST-032,锌精矿,394.5,18521.40,7306692.30,华南,进行中
ORD-04345,2029-01-22,CUST-026,钼精矿,96.8,354034.16,34270506.69,华北,已完成
ORD-04346,2029-01-25,CUST-040,金矿石,187.2,349852.30,65492350.56,西南,已完成
ORD-04347,2029-02-01,CUST-024,铜精矿,310.7,60133.82,18683577.87,华东,已取消
ORD-04348,2029-02-05,CUST-049,银精矿,44.7,3827582.72,171092947.58,东北,已完成
ORD-04349,2029-02-08,CUST-030,锌精矿,447.9,15624.75,6998325.52,西北,已完成
ORD-04350,2029-02-12,CUST-007,钼精矿,103.7,321867.43,33377652.49,华南,已完成
ORD-04351,2029-02-15,CUST-015,金矿石,264.2,382468.54,101048188.27,华东,已完成
ORD-04352,2029-02-18,CUST-042,铜精矿,291.7,58277.01,16999403.82,华北,已完成
ORD-04353,2029-02-22,CUST-021,银精矿,35.5,3923604.47,139287958.69,西南,进行中
ORD-04354,2029-02-25,CUST-008,锌精矿,391.5,19387.96,7590386.34,华南,已完成
ORD-04355,2029-03-01,CUST-035,钼精矿,104.1,340840.64,35481510.62,华东,已完成
ORD-04356,2029-03-05,CUST-012,金矿石,165.8,410883.74,68124524.09,东北,已完成
ORD-04357,2029-03-08,CUST-044,铜精矿,292.6,59640.47,17450801.52,西北,已完成
ORD-04358,2029-03-12,CUST-003,银精矿,63.1,4919992.97,310451556.41,华东,已完成
ORD-04359,2029-03-15,CUST-018,锌精矿,328.6,18820.89,6184544.45,华北,已取消
ORD-04360,2029-03-18,CUST-029,钼精矿,89.4,276442.71,24713978.27,华南,已完成
ORD-04361,2029-03-22,CUST-046,金矿石,174.0,385857.39,67139185.86,西南,已完成
ORD-04362,2029-03-25,CUST-011,铜精矿,291.1,46266.17,13468082.09,华东,已完成
ORD-04363,2029-04-01,CUST-037,银精矿,45.9,4744332.34,217764854.41,华南,已完成
ORD-04364,2029-04-05,CUST-019,锌精矿,392.5,17562.36,6893226.30,西北,进行中
ORD-04365,2029-04-08,CUST-033,钼精矿,90.8,381751.83,34663066.16,东北,已完成
ORD-04366,2029-04-12,CUST-005,金矿石,213.6,387517.36,82773708.10,华北,已完成
ORD-04367,2029-04-15,CUST-027,铜精矿,218.1,50795.99,11078605.42,华东,已完成
ORD-04368,2029-04-18,CUST-048,银精矿,37.2,4973821.16,185026147.15,西南,已完成
ORD-04369,2029-04-22,CUST-014,锌精矿,415.2,17936.82,7447367.66,华南,已完成
ORD-04370,2029-04-25,CUST-039,钼精矿,108.7,334929.79,36406868.17,华东,已完成
ORD-04371,2029-05-01,CUST-002,金矿石,235.8,349609.11,82437828.14,华东,已完成
ORD-04372,2029-05-05,CUST-031,铜精矿,333.9,54261.32,18117854.75,东北,已取消
ORD-04373,2029-05-08,CUST-016,银精矿,44.1,3908720.73,172374584.19,华北,已完成
ORD-04374,2029-05-12,CUST-025,锌精矿,311.6,19537.08,6087754.13,西南,已完成
ORD-04375,2029-05-15,CUST-009,钼精矿,83.4,331371.01,27636342.23,华南,进行中
ORD-04376,2029-05-18,CUST-041,金矿石,230.2,345071.17,79435383.33,西北,已完成
ORD-04377,2029-05-22,CUST-006,铜精矿,205.5,60590.01,12451247.05,华东,已完成
ORD-04378,2029-05-25,CUST-034,银精矿,58.9,3889057.20,229065469.08,华南,已完成
ORD-04379,2029-06-01,CUST-020,锌精矿,434.9,17668.22,7683908.88,华北,已完成
ORD-04380,2029-06-05,CUST-043,钼精矿,74.8,305103.33,22821729.08,华东,已完成
ORD-04381,2029-06-08,CUST-013,金矿石,196.6,448631.96,88201043.34,东北,已完成
ORD-04382,2029-06-12,CUST-036,铜精矿,298.0,57616.21,17169630.58,西南,已完成
ORD-04383,2029-06-15,CUST-001,银精矿,65.7,3996285.79,262555976.40,华东,进行中
ORD-04384,2029-06-18,CUST-028,锌精矿,333.6,21931.95,7316498.52,华南,已完成
ORD-04385,2029-06-22,CUST-047,钼精矿,122.1,322768.32,39410011.87,西北,已完成
ORD-04386,2029-06-25,CUST-010,金矿石,242.5,339584.02,82349124.85,华北,已完成
ORD-04387,2029-07-01,CUST-023,铜精矿,278.8,60317.10,16816407.48,华东,已完成
ORD-04388,2029-07-05,CUST-038,银精矿,39.3,4803455.22,188775790.15,西南,已完成
ORD-04389,2029-07-08,CUST-017,锌精矿,420.6,21170.98,8904514.19,东北,已取消
ORD-04390,2029-07-12,CUST-045,钼精矿,100.1,290198.26,29048845.83,华南,已完成
ORD-04391,2029-07-15,CUST-004,金矿石,236.0,451168.94,106475869.84,华东,已完成
ORD-04392,2029-07-18,CUST-032,铜精矿,251.7,53295.07,13414369.12,华北,已完成
ORD-04393,2029-07-22,CUST-026,银精矿,58.7,4555245.45,267392907.92,西北,进行中
ORD-04394,2029-07-25,CUST-040,锌精矿,483.3,18992.53,9179089.75,华南,已完成
ORD-04395,2029-07-28,CUST-024,钼精矿,94.8,362401.80,34355690.64,西南,已完成
ORD-04396,2029-07-28,CUST-049,金矿石,131.4,361101.63,47448754.18,东北,已完成
ORD-04397,2029-07-28,CUST-030,铜精矿,274.0,57172.17,15665174.58,华东,已完成
ORD-04398,2029-07-28,CUST-007,银精矿,33.5,4833586.39,161925144.06,华北,已完成
ORD-04399,2029-07-28,CUST-015,锌精矿,439.3,16117.04,7080215.67,华南,已完成
ORD-04400,2029-07-28,CUST-042,钼精矿,97.0,332094.90,32213205.30,西南,已完成
ORD-04401,2028-09-05,CUST-012,金矿石,169.1,369201.91,62432042.98,华东,已完成
ORD-04402,2028-09-08,CUST-035,铜精矿,313.7,44503.73,13960820.10,华南,已完成
ORD-04403,2028-09-12,CUST-007,银精矿,52.9,3924816.00,207622766.40,华北,已完成
ORD-04404,2028-09-15,CUST-021,锌精矿,474.6,19809.86,9401759.56,西南,进行中
ORD-04405,2028-09-18,CUST-042,钼精矿,90.1,274893.44,24767898.94,华东,已完成
ORD-04406,2028-09-22,CUST-018,金矿石,185.7,367909.23,68320744.01,西北,已完成
ORD-04407,2028-09-25,CUST-003,铜精矿,186.0,55453.05,10314267.30,华南,已取消
ORD-04408,2028-10-01,CUST-029,银精矿,68.3,4750052.65,324428596.00,华东,已完成
ORD-04409,2028-10-05,CUST-015,锌精矿,429.8,16772.87,7208979.53,东北,已完成
ORD-04410,2028-10-08,CUST-037,钼精矿,107.2,293456.84,31458573.25,华北,已完成
ORD-04411,2028-10-12,CUST-008,金矿石,199.2,384805.98,76653351.22,华南,进行中
ORD-04412,2028-10-15,CUST-044,铜精矿,257.0,50292.58,12925193.06,西南,已完成
ORD-04413,2028-10-20,CUST-022,银精矿,40.5,4477842.50,181352621.25,华东,已完成
ORD-04414,2028-10-25,CUST-011,锌精矿,330.1,15989.84,5278246.18,华北,已完成
ORD-04415,2028-11-01,CUST-033,钼精矿,94.8,285789.14,27092810.47,西北,已完成
ORD-04416,2028-11-05,CUST-019,金矿石,310.8,426222.78,132470040.02,华东,已完成
ORD-04417,2028-11-08,CUST-046,铜精矿,315.2,53782.99,16952398.45,东北,已取消
ORD-04418,2028-11-12,CUST-005,银精矿,48.3,4243941.46,204982372.52,华南,已完成
ORD-04419,2028-11-15,CUST-027,锌精矿,490.3,20496.10,10049237.83,西南,已完成
ORD-04420,2028-11-18,CUST-014,钼精矿,78.6,301614.50,23706899.70,华北,进行中
ORD-04421,2028-11-22,CUST-039,金矿石,175.8,372090.44,65413499.35,华东,已完成
ORD-04422,2028-11-25,CUST-002,铜精矿,306.8,51119.30,15683401.24,华南,已完成
ORD-04423,2028-12-01,CUST-031,银精矿,37.1,4319507.60,160253731.96,西北,已完成
ORD-04424,2028-12-05,CUST-016,锌精矿,334.4,20405.33,6823542.35,华东,已完成
ORD-04425,2028-12-08,CUST-048,钼精矿,94.5,330417.01,31224407.45,东北,已完成
ORD-04426,2028-12-12,CUST-009,金矿石,208.0,364052.67,75722955.36,华北,已完成
ORD-04427,2028-12-15,CUST-025,铜精矿,295.7,56125.02,16596168.41,西南,进行中
ORD-04428,2028-12-18,CUST-041,银精矿,59.1,4009909.61,236985657.95,华南,已完成
ORD-04429,2028-12-22,CUST-006,锌精矿,417.0,21193.45,8837668.65,华东,已完成
ORD-04430,2028-12-25,CUST-034,钼精矿,92.4,295180.97,27274721.63,西北,已完成
ORD-04431,2029-01-01,CUST-020,金矿石,144.2,425978.79,61426141.52,东北,已完成
ORD-04432,2029-01-05,CUST-043,铜精矿,276.6,44260.77,12242528.98,华东,已取消
ORD-04433,2029-01-08,CUST-013,银精矿,72.0,3911252.58,281610185.76,华南,已完成
ORD-04434,2029-01-12,CUST-036,锌精矿,444.2,20626.13,9162126.95,华北,已完成
ORD-04435,2029-01-15,CUST-001,钼精矿,67.1,333865.68,22402387.13,西南,已完成
ORD-04436,2029-01-18,CUST-028,金矿石,224.1,420203.07,94167507.99,华东,进行中
ORD-04437,2029-01-22,CUST-047,铜精矿,270.4,47810.72,12928018.69,华南,已完成
ORD-04438,2029-01-25,CUST-010,银精矿,33.8,4671740.17,157904817.75,西北,已完成
ORD-04439,2029-02-01,CUST-023,锌精矿,362.7,19838.15,7195297.00,华东,已完成
ORD-04440,2029-02-05,CUST-038,钼精矿,80.8,272787.06,22041194.45,东北,已完成
ORD-04441,2029-02-08,CUST-017,金矿石,240.7,407646.33,98120471.63,华北,已完成
ORD-04442,2029-02-12,CUST-045,铜精矿,309.3,58552.54,18110300.62,西南,已完成
ORD-04443,2029-02-15,CUST-004,银精矿,44.4,3831230.08,170106615.55,华东,已完成
ORD-04444,2029-02-18,CUST-032,锌精矿,478.7,19646.91,9404975.82,华南,进行中
ORD-04445,2029-02-22,CUST-026,钼精矿,118.0,277896.93,32791837.74,华北,已完成
ORD-04446,2029-02-25,CUST-040,金矿石,199.5,358888.69,71598293.66,西南,已完成
ORD-04447,2029-03-01,CUST-024,铜精矿,308.7,46575.32,14377801.28,华东,已取消
ORD-04448,2029-03-05,CUST-049,银精矿,39.4,3851057.60,151731669.44,东北,已完成
ORD-04449,2029-03-08,CUST-030,锌精矿,409.3,19932.03,8158179.88,西北,已完成
ORD-04450,2029-03-12,CUST-007,钼精矿,95.5,280542.85,26791842.17,华南,已完成
ORD-04451,2029-03-15,CUST-015,金矿石,250.5,350942.93,87911203.97,华东,已完成
ORD-04452,2029-03-18,CUST-042,铜精矿,330.9,52130.54,17249995.69,华北,已完成
ORD-04453,2029-03-22,CUST-021,银精矿,43.8,4910507.59,215080232.44,西南,进行中
ORD-04454,2029-03-25,CUST-008,锌精矿,419.7,17171.14,7206727.46,华南,已完成
ORD-04455,2029-04-01,CUST-035,钼精矿,101.6,292401.92,29708035.07,华东,已完成
ORD-04456,2029-04-05,CUST-012,金矿石,149.3,390379.68,58283686.22,东北,已完成
ORD-04457,2029-04-08,CUST-044,铜精矿,248.4,53708.29,13341139.24,西北,已完成
ORD-04458,2029-04-12,CUST-003,银精矿,57.5,4592368.81,264061206.57,华东,已完成
ORD-04459,2029-04-15,CUST-018,锌精矿,417.7,20474.94,8552382.44,华北,已取消
ORD-04460,2029-04-18,CUST-029,钼精矿,76.4,298924.67,22837844.79,华南,已完成
ORD-04461,2029-04-22,CUST-046,金矿石,165.8,392519.67,65079761.29,西南,已完成
ORD-04462,2029-04-25,CUST-011,铜精矿,395.5,55198.21,21830892.05,华东,已完成
ORD-04463,2029-05-01,CUST-037,银精矿,61.1,4075146.30,248991438.93,华南,已完成
ORD-04464,2029-05-05,CUST-019,锌精矿,475.9,20834.90,9915328.91,西北,进行中
ORD-04465,2029-05-08,CUST-033,钼精矿,84.6,306172.75,25902214.65,东北,已完成
ORD-04466,2029-05-12,CUST-005,金矿石,209.9,390906.51,82051276.45,华北,已完成
ORD-04467,2029-05-15,CUST-027,铜精矿,217.4,59689.93,12976590.78,华东,已完成
ORD-04468,2029-05-18,CUST-048,银精矿,30.6,4901567.83,149987975.60,西南,已完成
ORD-04469,2029-05-22,CUST-014,锌精矿,429.5,16321.91,7010260.34,华南,已完成
ORD-04470,2029-05-25,CUST-039,钼精矿,127.4,285370.64,36356219.54,华东,已完成
ORD-04471,2029-06-01,CUST-002,金矿石,175.0,379440.23,66402040.25,华东,已完成
ORD-04472,2029-06-05,CUST-031,铜精矿,421.4,55153.08,23241507.91,东北,已取消
ORD-04473,2029-06-08,CUST-016,银精矿,54.7,4333827.55,237060366.99,华北,已完成
ORD-04474,2029-06-12,CUST-025,锌精矿,392.2,20039.08,7859327.18,西南,已完成
ORD-04475,2029-06-15,CUST-009,钼精矿,80.4,276594.06,22238162.42,华南,进行中
ORD-04476,2029-06-18,CUST-041,金矿石,276.8,393000.65,108782579.92,西北,已完成
ORD-04477,2029-06-22,CUST-006,铜精矿,223.2,58480.24,13052789.57,华东,已完成
ORD-04478,2029-06-25,CUST-034,银精矿,55.0,4801461.00,264080355.00,华南,已完成
ORD-04479,2029-07-01,CUST-020,锌精矿,553.9,21060.77,11665560.50,华北,已完成
ORD-04480,2029-07-05,CUST-043,钼精矿,80.5,334235.02,26905919.11,华东,已完成
ORD-04481,2029-07-08,CUST-013,金矿石,195.7,425749.90,83319255.43,东北,已完成
ORD-04482,2029-07-12,CUST-036,铜精矿,256.5,56853.63,14582956.09,西南,已完成
ORD-04483,2029-07-15,CUST-001,银精矿,66.7,4036750.56,269251262.35,华东,进行中
ORD-04484,2029-07-18,CUST-028,锌精矿,378.6,20671.56,7826252.62,华南,已完成
ORD-04485,2029-07-22,CUST-047,钼精矿,126.7,349175.36,44240518.11,西北,已完成
ORD-04486,2029-07-25,CUST-010,金矿石,256.7,410214.00,105301933.80,华北,已完成
ORD-04487,2029-08-01,CUST-023,铜精矿,357.2,46345.35,16554559.02,华东,已完成
ORD-04488,2029-08-05,CUST-038,银精矿,43.6,4000347.92,174415169.31,西南,已完成
ORD-04489,2029-08-08,CUST-017,锌精矿,442.8,16940.62,7501306.54,东北,已取消
ORD-04490,2029-08-12,CUST-045,钼精矿,91.0,280878.55,25559948.05,华南,已完成
ORD-04491,2029-08-15,CUST-004,金矿石,255.4,349686.10,89309829.94,华东,已完成
ORD-04492,2029-08-18,CUST-032,铜精矿,297.6,59781.07,17790846.43,华北,已完成
ORD-04493,2029-08-22,CUST-026,银精矿,50.1,4166772.42,208755298.24,西北,进行中
ORD-04494,2029-08-25,CUST-040,锌精矿,463.7,19912.62,9233481.89,华南,已完成
ORD-04495,2029-08-28,CUST-024,钼精矿,111.3,355916.23,39613476.40,西南,已完成
ORD-04496,2029-08-28,CUST-049,金矿石,151.6,454978.03,68974669.35,东北,已完成
ORD-04497,2029-08-28,CUST-030,铜精矿,280.4,58356.50,16363162.60,华东,已完成
ORD-04498,2029-08-28,CUST-007,银精矿,39.7,4913201.70,195054107.49,华北,已完成
ORD-04499,2029-08-28,CUST-015,锌精矿,449.7,15787.09,7099454.37,华南,已完成
ORD-04500,2029-08-28,CUST-042,钼精矿,85.8,353557.11,30335200.04,西南,已完成
ORD-04501,2028-10-05,CUST-012,金矿石,146.9,428877.29,63002073.90,华东,已完成
ORD-04502,2028-10-08,CUST-035,铜精矿,304.3,47124.06,14339851.46,华南,已完成
ORD-04503,2028-10-12,CUST-007,银精矿,46.0,3824053.80,175906474.80,华北,已完成
ORD-04504,2028-10-15,CUST-021,锌精矿,546.0,17840.99,9741180.54,西南,进行中
ORD-04505,2028-10-18,CUST-042,钼精矿,68.7,283605.44,19483693.73,华东,已完成
ORD-04506,2028-10-22,CUST-018,金矿石,220.2,448514.04,98762791.61,西北,已完成
ORD-04507,2028-10-25,CUST-003,铜精矿,161.1,57007.91,9183974.30,华南,已取消
ORD-04508,2028-11-01,CUST-029,银精矿,68.0,4238270.50,288202394.00,华东,已完成
ORD-04509,2028-11-05,CUST-015,锌精矿,401.1,17532.86,7032430.15,东北,已完成
ORD-04510,2028-11-08,CUST-037,钼精矿,91.8,308664.72,28335421.30,华北,已完成
ORD-04511,2028-11-12,CUST-008,金矿石,195.5,378980.16,74090621.28,华南,进行中
ORD-04512,2028-11-15,CUST-044,铜精矿,257.2,52534.22,13511801.38,西南,已完成
ORD-04513,2028-11-20,CUST-022,银精矿,33.7,3891176.75,131132656.48,华东,已完成
ORD-04514,2028-11-25,CUST-011,锌精矿,376.7,17516.36,6598412.81,华北,已完成
ORD-04515,2028-12-01,CUST-033,钼精矿,113.4,278663.72,31600465.85,西北,已完成
ORD-04516,2028-12-05,CUST-019,金矿石,257.1,337934.58,86882980.52,华东,已完成
ORD-04517,2028-12-08,CUST-046,铜精矿,376.6,52273.99,19686384.63,东北,已取消
ORD-04518,2028-12-12,CUST-005,银精矿,55.4,4147797.28,229787969.31,华南,已完成
ORD-04519,2028-12-15,CUST-027,锌精矿,407.0,16453.48,6696566.36,西南,已完成
ORD-04520,2028-12-18,CUST-014,钼精矿,60.6,293188.08,17767197.65,华北,进行中
ORD-04521,2028-12-22,CUST-039,金矿石,182.6,425537.07,77703068.98,华东,已完成
ORD-04522,2028-12-25,CUST-002,铜精矿,290.0,63052.32,18285172.80,华南,已完成
ORD-04523,2029-01-01,CUST-031,银精矿,40.7,4380921.26,178303495.28,西北,已完成
ORD-04524,2029-01-05,CUST-016,锌精矿,347.4,17745.25,6164699.85,华东,已完成
ORD-04525,2029-01-08,CUST-048,钼精矿,79.6,305078.52,24284250.19,东北,已完成
ORD-04526,2029-01-12,CUST-009,金矿石,245.4,443006.13,108713704.30,华北,已完成
ORD-04527,2029-01-15,CUST-025,铜精矿,333.5,48671.33,16231888.55,西南,进行中
ORD-04528,2029-01-18,CUST-041,银精矿,51.3,3721063.58,190890561.65,华南,已完成
ORD-04529,2029-01-22,CUST-006,锌精矿,466.8,19867.93,9274349.72,华东,已完成
ORD-04530,2029-01-25,CUST-034,钼精矿,106.3,297089.30,31580592.59,西北,已完成
ORD-04531,2029-02-01,CUST-020,金矿石,148.2,432615.29,64113585.98,东北,已完成
ORD-04532,2029-02-05,CUST-043,铜精矿,251.5,53517.17,13459568.25,华东,已取消
ORD-04533,2029-02-08,CUST-013,银精矿,60.4,4499903.61,271794178.04,华南,已完成
ORD-04534,2029-02-12,CUST-036,锌精矿,443.9,19895.84,8831763.38,华北,已完成
ORD-04535,2029-02-15,CUST-001,钼精矿,82.7,295148.27,24408761.93,西南,已完成
ORD-04536,2029-02-18,CUST-028,金矿石,224.7,356382.62,80079174.71,华东,进行中
ORD-04537,2029-02-22,CUST-047,铜精矿,320.9,51227.56,16438924.00,华南,已完成
ORD-04538,2029-02-25,CUST-010,银精矿,31.3,3808012.36,119190786.87,西北,已完成
ORD-04539,2029-03-01,CUST-023,锌精矿,380.2,16564.58,6297853.32,华东,已完成
ORD-04540,2029-03-05,CUST-038,钼精矿,103.5,274031.92,28362303.72,东北,已完成
ORD-04541,2029-03-08,CUST-017,金矿石,218.5,394822.16,86268641.96,华北,已完成
ORD-04542,2029-03-12,CUST-045,铜精矿,327.1,48412.46,15835715.67,西南,已完成
ORD-04543,2029-03-15,CUST-004,银精矿,50.7,3709359.76,188064539.83,华东,已完成
ORD-04544,2029-03-18,CUST-032,锌精矿,435.1,17651.44,7680141.54,华南,进行中
ORD-04545,2029-03-22,CUST-026,钼精矿,99.8,330861.50,33019977.70,华北,已完成
ORD-04546,2029-03-25,CUST-040,金矿石,166.2,462371.61,76846161.58,西南,已完成
ORD-04547,2029-04-01,CUST-024,铜精矿,309.3,51394.45,15896303.38,华东,已取消
ORD-04548,2029-04-05,CUST-049,银精矿,35.9,3834446.72,137656637.25,东北,已完成
ORD-04549,2029-04-08,CUST-030,锌精矿,400.7,16895.19,6769902.63,西北,已完成
ORD-04550,2029-04-12,CUST-007,钼精矿,100.8,310042.08,31252241.66,华南,已完成
ORD-04551,2029-04-15,CUST-015,金矿石,201.1,366853.17,73774172.49,华东,已完成
ORD-04552,2029-04-18,CUST-042,铜精矿,306.4,56364.16,17269978.62,华北,已完成
ORD-04553,2029-04-22,CUST-021,银精矿,34.9,4220685.99,147301941.05,西南,进行中
ORD-04554,2029-04-25,CUST-008,锌精矿,489.5,17935.24,8779299.98,华南,已完成
ORD-04555,2029-05-01,CUST-035,钼精矿,132.4,283035.20,37473860.48,华东,已完成
ORD-04556,2029-05-05,CUST-012,金矿石,176.2,361481.09,63692968.06,东北,已完成
ORD-04557,2029-05-08,CUST-044,铜精矿,221.8,54831.87,12161708.77,西北,已完成
ORD-04558,2029-05-12,CUST-003,银精矿,51.0,4016077.76,204819965.76,华东,已完成
ORD-04559,2029-05-15,CUST-018,锌精矿,370.9,16848.54,6249123.49,华北,已取消
ORD-04560,2029-05-18,CUST-029,钼精矿,77.9,325064.29,25322508.19,华南,已完成
ORD-04561,2029-05-22,CUST-046,金矿石,181.1,365832.16,66252204.18,西南,已完成
ORD-04562,2029-05-25,CUST-011,铜精矿,338.1,57426.34,19415845.55,华东,已完成
ORD-04563,2029-06-01,CUST-037,银精矿,47.2,3711412.88,175178687.94,华南,已完成
ORD-04564,2029-06-05,CUST-019,锌精矿,473.6,15727.72,7448648.19,西北,进行中
ORD-04565,2029-06-08,CUST-033,钼精矿,91.8,352601.27,32368796.59,东北,已完成
ORD-04566,2029-06-12,CUST-005,金矿石,282.8,442130.35,125034462.98,华北,已完成
ORD-04567,2029-06-15,CUST-027,铜精矿,215.5,50765.04,10939866.12,华东,已完成
ORD-04568,2029-06-18,CUST-048,银精矿,32.5,4309984.91,140074509.58,西南,已完成
ORD-04569,2029-06-22,CUST-014,锌精矿,445.5,16985.43,7567009.07,华南,已完成
ORD-04570,2029-06-25,CUST-039,钼精矿,109.9,369501.09,40608169.79,华东,已完成
ORD-04571,2029-07-01,CUST-002,金矿石,195.7,339867.81,66512130.42,华东,已完成
ORD-04572,2029-07-05,CUST-031,铜精矿,309.5,50578.18,15653946.71,东北,已取消
ORD-04573,2029-07-08,CUST-016,银精矿,51.3,3821998.38,196068516.89,华北,已完成
ORD-04574,2029-07-12,CUST-025,锌精矿,345.3,16808.77,5804068.28,西南,已完成
ORD-04575,2029-07-15,CUST-009,钼精矿,93.3,342247.64,31931704.81,华南,进行中
ORD-04576,2029-07-18,CUST-041,金矿石,241.5,460616.15,111238800.23,西北,已完成
ORD-04577,2029-07-22,CUST-006,铜精矿,196.1,55416.90,10867254.09,华东,已完成
ORD-04578,2029-07-25,CUST-034,银精矿,56.0,4633893.60,259498041.60,华南,已完成
ORD-04579,2029-08-01,CUST-020,锌精矿,483.6,20861.14,10088447.30,华北,已完成
ORD-04580,2029-08-05,CUST-043,钼精矿,78.0,273578.27,21339105.06,华东,已完成
ORD-04581,2029-08-08,CUST-013,金矿石,168.8,357913.91,60415868.01,东北,已完成
ORD-04582,2029-08-12,CUST-036,铜精矿,268.1,46739.54,12530870.67,西南,已完成
ORD-04583,2029-08-15,CUST-001,银精矿,72.4,4698687.83,340184998.89,华东,进行中
ORD-04584,2029-08-18,CUST-028,锌精矿,389.2,17686.09,6883426.23,华南,已完成
ORD-04585,2029-08-22,CUST-047,钼精矿,121.9,274919.47,33512683.39,西北,已完成
ORD-04586,2029-08-25,CUST-010,金矿石,242.8,387270.50,94029277.40,华北,已完成
ORD-04587,2029-09-01,CUST-023,铜精矿,351.3,49785.66,17489702.36,华东,已完成
ORD-04588,2029-09-05,CUST-038,银精矿,45.6,4709598.27,214757681.11,西南,已完成
ORD-04589,2029-09-08,CUST-017,锌精矿,374.7,15974.57,5985671.38,东北,已取消
ORD-04590,2029-09-12,CUST-045,钼精矿,74.8,365161.62,27314089.18,华南,已完成
ORD-04591,2029-09-15,CUST-004,金矿石,277.8,382132.11,106156300.16,华东,已完成
ORD-04592,2029-09-18,CUST-032,铜精矿,282.7,56997.93,16113314.81,华北,已完成
ORD-04593,2029-09-22,CUST-026,银精矿,50.6,3822334.59,193410130.25,西北,进行中
ORD-04594,2029-09-25,CUST-040,锌精矿,453.7,15889.43,7209034.39,华南,已完成
ORD-04595,2029-09-28,CUST-024,钼精矿,106.5,352657.73,37558048.24,西南,已完成
ORD-04596,2029-09-28,CUST-049,金矿石,132.3,343005.91,45379681.89,东北,已完成
ORD-04597,2029-09-28,CUST-030,铜精矿,343.0,59290.40,20336607.20,华东,已完成
ORD-04598,2029-09-28,CUST-007,银精矿,37.9,4534502.44,171857642.48,华北,已完成
ORD-04599,2029-09-28,CUST-015,锌精矿,440.7,18946.39,8349674.07,华南,已完成
ORD-04600,2029-09-28,CUST-042,钼精矿,95.6,322132.99,30795913.84,西南,已完成
ORD-04601,2028-11-05,CUST-012,金矿石,150.9,382135.60,57664262.04,华东,已完成
ORD-04602,2028-11-08,CUST-035,铜精矿,330.2,55990.64,18488109.33,华南,已完成
ORD-04603,2028-11-12,CUST-007,银精矿,53.0,4127449.20,218754807.60,华北,已完成
ORD-04604,2028-11-15,CUST-021,锌精矿,571.2,17681.65,10099758.48,西南,进行中
ORD-04605,2028-11-18,CUST-042,钼精矿,85.7,365139.20,31292429.44,华东,已完成
ORD-04606,2028-11-22,CUST-018,金矿石,217.7,407626.05,88740191.08,西北,已完成
ORD-04607,2028-11-25,CUST-003,铜精矿,166.0,45543.22,7560174.52,华南,已取消
ORD-04608,2028-12-01,CUST-029,银精矿,60.6,4295652.55,260316544.53,华东,已完成
ORD-04609,2028-12-05,CUST-015,锌精矿,373.9,19459.20,7275794.88,东北,已完成
ORD-04610,2028-12-08,CUST-037,钼精矿,89.0,352562.81,31378090.09,华北,已完成
ORD-04611,2028-12-12,CUST-008,金矿石,202.5,384677.94,77897282.85,华南,进行中
ORD-04612,2028-12-15,CUST-044,铜精矿,269.8,56686.10,15293909.78,西南,已完成
ORD-04613,2028-12-20,CUST-022,银精矿,29.8,4206599.00,125356650.20,华东,已完成
ORD-04614,2028-12-25,CUST-011,锌精矿,429.0,21920.38,9403843.02,华北,已完成
ORD-04615,2029-01-01,CUST-033,钼精矿,98.2,305580.83,30008037.51,西北,已完成
ORD-04616,2029-01-05,CUST-019,金矿石,253.8,385991.82,97964723.92,华东,已完成
ORD-04617,2029-01-08,CUST-046,铜精矿,401.6,61367.88,24645340.61,东北,已取消
ORD-04618,2029-01-12,CUST-005,银精矿,44.1,4352914.06,191963510.05,华南,已完成
ORD-04619,2029-01-15,CUST-027,锌精矿,394.1,16945.30,6678142.73,西南,已完成
ORD-04620,2029-01-18,CUST-014,钼精矿,75.5,362331.47,27356025.98,华北,进行中
ORD-04621,2029-01-22,CUST-039,金矿石,222.1,365985.90,81285468.39,华东,已完成
ORD-04622,2029-01-25,CUST-002,铜精矿,282.5,49138.41,13881600.83,华南,已完成
ORD-04623,2029-02-01,CUST-031,银精矿,46.2,4617802.52,213342476.42,西北,已完成
ORD-04624,2029-02-05,CUST-016,锌精矿,393.8,18345.87,7224603.61,华东,已完成
ORD-04625,2029-02-08,CUST-048,钼精矿,88.8,315194.97,27989313.34,东北,已完成
ORD-04626,2029-02-12,CUST-009,金矿石,214.4,378994.35,81256388.64,华北,已完成
ORD-04627,2029-02-15,CUST-025,铜精矿,308.9,55418.76,17118854.96,西南,进行中
ORD-04628,2029-02-18,CUST-041,银精矿,57.3,3842049.83,220149455.26,华南,已完成
ORD-04629,2029-02-22,CUST-006,锌精矿,443.3,17454.31,7737495.62,华东,已完成
ORD-04630,2029-02-25,CUST-034,钼精矿,99.4,343045.49,34098721.71,西北,已完成
ORD-04631,2029-03-01,CUST-020,金矿石,174.5,358696.68,62592570.66,东北,已完成
ORD-04632,2029-03-05,CUST-043,铜精矿,275.5,45946.24,12658189.12,华东,已取消
ORD-04633,2029-03-08,CUST-013,银精矿,61.5,3780875.52,232523844.48,华南,已完成
ORD-04634,2029-03-12,CUST-036,锌精矿,383.4,20659.19,7920733.45,华北,已完成
ORD-04635,2029-03-15,CUST-001,钼精矿,86.1,348674.69,30020890.81,西南,已完成
ORD-04636,2029-03-18,CUST-028,金矿石,238.3,336812.40,80262394.92,华东,进行中
ORD-04637,2029-03-22,CUST-047,铜精矿,287.0,49932.96,14330759.52,华南,已完成
ORD-04638,2029-03-25,CUST-010,银精矿,26.4,3984592.39,105193239.10,西北,已完成
ORD-04639,2029-04-01,CUST-023,锌精矿,369.9,16410.10,6070095.99,华东,已完成
ORD-04640,2029-04-05,CUST-038,钼精矿,93.5,337331.43,31540488.70,东北,已完成
ORD-04641,2029-04-08,CUST-017,金矿石,181.6,393397.26,71440942.42,华北,已完成
ORD-04642,2029-04-12,CUST-045,铜精矿,328.4,52046.06,17091926.10,西南,已完成
ORD-04643,2029-04-15,CUST-004,银精矿,44.7,4902177.76,219127345.87,华东,已完成
ORD-04644,2029-04-18,CUST-032,锌精矿,392.1,17480.04,6853923.68,华南,进行中
ORD-04645,2029-04-22,CUST-026,钼精矿,96.7,294972.64,28523854.29,华北,已完成
ORD-04646,2029-04-25,CUST-040,金矿石,190.2,425432.93,80917343.29,西南,已完成
ORD-04647,2029-05-01,CUST-024,铜精矿,289.9,45869.57,13297588.34,华东,已取消
ORD-04648,2029-05-05,CUST-049,银精矿,46.9,3650354.24,171201613.86,东北,已完成
ORD-04649,2029-05-08,CUST-030,锌精矿,436.0,17980.94,7839689.84,西北,已完成
ORD-04650,2029-05-12,CUST-007,钼精矿,92.2,298569.56,27528113.43,华南,已完成
ORD-04651,2029-05-15,CUST-015,金矿石,260.5,440660.79,114792135.80,华东,已完成
ORD-04652,2029-05-18,CUST-042,铜精矿,333.7,46162.86,15404546.38,华北,已完成
ORD-04653,2029-05-22,CUST-021,银精矿,36.4,4069099.66,148115227.62,西南,进行中
ORD-04654,2029-05-25,CUST-008,锌精矿,483.6,21125.01,10216054.84,华南,已完成
ORD-04655,2029-06-01,CUST-035,钼精矿,124.3,317048.96,39409185.73,华东,已完成
ORD-04656,2029-06-05,CUST-012,金矿石,183.2,438270.28,80291115.30,东北,已完成
ORD-04657,2029-06-08,CUST-044,铜精矿,214.5,57266.59,12283683.55,西北,已完成
ORD-04658,2029-06-12,CUST-003,银精矿,60.5,4624284.76,279769227.98,华东,已完成
ORD-04659,2029-06-15,CUST-018,锌精矿,413.8,16446.44,6805536.87,华北,已取消
ORD-04660,2029-06-18,CUST-029,钼精矿,93.7,340819.52,31934789.02,华南,已完成
ORD-04661,2029-06-22,CUST-046,金矿石,189.8,385793.45,73223596.81,西南,已完成
ORD-04662,2029-06-25,CUST-011,铜精矿,398.0,47666.96,18971450.08,华东,已完成
ORD-04663,2029-07-01,CUST-037,银精矿,60.8,4466559.63,271566825.50,华南,已完成
ORD-04664,2029-07-05,CUST-019,锌精矿,492.7,16434.88,8097465.38,西北,进行中
ORD-04665,2029-07-08,CUST-033,钼精矿,106.5,294096.40,31321266.60,东北,已完成
ORD-04666,2029-07-12,CUST-005,金矿石,238.4,407272.37,97093733.01,华北,已完成
ORD-04667,2029-07-15,CUST-027,铜精矿,246.9,48779.25,12043596.83,华东,已完成
ORD-04668,2029-07-18,CUST-048,银精矿,36.9,4210898.62,155382159.08,西南,已完成
ORD-04669,2029-07-22,CUST-014,锌精矿,473.3,20172.89,9547828.84,华南,已完成
ORD-04670,2029-07-25,CUST-039,钼精矿,104.4,354868.35,37048255.74,华东,已完成
ORD-04671,2029-08-01,CUST-002,金矿石,203.0,395537.93,80294199.79,华东,已完成
ORD-04672,2029-08-05,CUST-031,铜精矿,405.2,46080.67,18671887.48,东北,已取消
ORD-04673,2029-08-08,CUST-016,银精矿,42.1,4823767.00,203080590.70,华北,已完成
ORD-04674,2029-08-12,CUST-025,锌精矿,348.1,17047.02,5934067.66,西南,已完成
ORD-04675,2029-08-15,CUST-009,钼精矿,82.1,315652.04,25915032.48,华南,进行中
ORD-04676,2029-08-18,CUST-041,金矿石,283.5,373080.89,105768432.31,西北,已完成
ORD-04677,2029-08-22,CUST-006,铜精矿,264.5,51372.75,13588092.38,华东,已完成
ORD-04678,2029-08-25,CUST-034,银精矿,65.6,4601599.80,301864946.88,华南,已完成
ORD-04679,2029-09-01,CUST-020,锌精矿,455.7,21118.16,9623545.51,华北,已完成
ORD-04680,2029-09-05,CUST-043,钼精矿,67.6,323543.91,21871568.32,华东,已完成
ORD-04681,2029-09-08,CUST-013,金矿石,183.7,387617.47,71205329.24,东北,已完成
ORD-04682,2029-09-12,CUST-036,铜精矿,308.1,50970.89,15704131.21,西南,已完成
ORD-04683,2029-09-15,CUST-001,银精矿,61.8,4925870.55,304418799.99,华东,进行中
ORD-04684,2029-09-18,CUST-028,锌精矿,404.4,20791.59,8408119.00,华南,已完成
ORD-04685,2029-09-22,CUST-047,钼精矿,113.5,280447.02,31830736.77,西北,已完成
ORD-04686,2029-09-25,CUST-010,金矿石,207.0,436717.92,90400609.44,华北,已完成
ORD-04687,2029-10-01,CUST-023,铜精矿,279.7,53813.22,15051557.63,华东,已完成
ORD-04688,2029-10-05,CUST-038,银精矿,38.9,3972611.08,154534571.01,西南,已完成
ORD-04689,2029-10-08,CUST-017,锌精矿,437.1,18763.44,8201499.62,东北,已取消
ORD-04690,2029-10-12,CUST-045,钼精矿,89.1,293240.78,26127753.50,华南,已完成
ORD-04691,2029-10-15,CUST-004,金矿石,264.4,431416.38,114066490.87,华东,已完成
ORD-04692,2029-10-18,CUST-032,铜精矿,289.4,50412.60,14589406.44,华北,已完成
ORD-04693,2029-10-22,CUST-026,银精矿,54.8,3739906.20,204946859.76,西北,进行中
ORD-04694,2029-10-25,CUST-040,锌精矿,431.5,20837.03,8991178.45,华南,已完成
ORD-04695,2029-10-28,CUST-024,钼精矿,88.5,293700.83,25992523.46,西南,已完成
ORD-04696,2029-10-28,CUST-049,金矿石,161.5,445526.60,71952545.90,东北,已完成
ORD-04697,2029-10-28,CUST-030,铜精矿,339.9,60766.89,20654665.91,华东,已完成
ORD-04698,2029-10-28,CUST-007,银精矿,39.6,4619734.35,182941480.26,华北,已完成
ORD-04699,2029-10-28,CUST-015,锌精矿,411.3,16926.91,6962038.08,华南,已完成
ORD-04700,2029-10-28,CUST-042,钼精矿,96.0,328103.68,31497953.28,西南,已完成
ORD-04701,2028-12-05,CUST-012,金矿石,129.4,331226.66,42860729.80,华东,已完成
ORD-04702,2028-12-08,CUST-035,铜精矿,304.5,51280.22,15614826.99,华南,已完成
ORD-04703,2028-12-12,CUST-007,银精矿,47.6,4297234.20,204548347.92,华北,已完成
ORD-04704,2028-12-15,CUST-021,锌精矿,559.4,19405.09,10855207.35,西南,进行中
ORD-04705,2028-12-18,CUST-042,钼精矿,78.8,330428.48,26037764.22,华东,已完成
ORD-04706,2028-12-22,CUST-018,金矿石,186.1,459402.06,85494723.37,西北,已完成
ORD-04707,2028-12-25,CUST-003,铜精矿,160.7,55633.20,8940255.24,华南,已取消
ORD-04708,2029-01-01,CUST-029,银精矿,54.6,4693218.40,256249724.64,华东,已完成
ORD-04709,2029-01-05,CUST-015,锌精矿,438.3,21747.86,9532087.04,东北,已完成
ORD-04710,2029-01-08,CUST-037,钼精矿,89.1,294756.21,26262778.31,华北,已完成
ORD-04711,2029-01-12,CUST-008,金矿石,169.6,389709.92,66094802.43,华南,进行中
ORD-04712,2029-01-15,CUST-044,铜精矿,252.3,51477.13,12987679.90,西南,已完成
ORD-04713,2029-01-20,CUST-022,银精矿,36.5,4681345.25,170869101.62,华东,已完成
ORD-04714,2029-01-25,CUST-011,锌精矿,439.1,20972.06,9208831.55,华北,已完成
ORD-04715,2029-02-01,CUST-033,钼精矿,120.0,276795.79,33215494.80,西北,已完成
ORD-04716,2029-02-05,CUST-019,金矿石,251.6,385254.46,96930022.14,华东,已完成
ORD-04717,2029-02-08,CUST-046,铜精矿,389.7,54481.19,21231319.74,东北,已取消
ORD-04718,2029-02-12,CUST-005,银精矿,53.7,4270012.12,229299650.84,华南,已完成
ORD-04719,2029-02-15,CUST-027,锌精矿,484.0,19587.11,9480161.24,西南,已完成
ORD-04720,2029-02-18,CUST-014,钼精矿,71.4,353905.05,25268820.57,华北,进行中
ORD-04721,2029-02-22,CUST-039,金矿石,162.8,361196.77,58802834.16,华东,已完成
ORD-04722,2029-02-25,CUST-002,铜精矿,257.0,47258.15,12145344.55,华南,已完成
ORD-04723,2029-03-01,CUST-031,银精矿,46.6,3587417.78,167173668.55,西北,已完成
ORD-04724,2029-03-05,CUST-016,锌精矿,377.6,19178.51,7241805.38,华东,已完成
ORD-04725,2029-03-08,CUST-048,钼精矿,75.0,357903.01,26842725.75,东北,已完成
ORD-04726,2029-03-12,CUST-009,金矿石,215.2,411084.11,88465300.47,华北,已完成
ORD-04727,2029-03-15,CUST-025,铜精矿,297.0,52292.24,15530795.28,西南,进行中
ORD-04728,2029-03-18,CUST-041,银精矿,54.2,4484590.52,243064806.18,华南,已完成
ORD-04729,2029-03-22,CUST-006,锌精矿,447.0,16896.30,7552646.10,华东,已完成
ORD-04730,2029-03-25,CUST-034,钼精矿,98.7,288559.19,28480792.05,西北,已完成
ORD-04731,2029-04-01,CUST-020,金矿石,176.4,346175.22,61065308.81,东北,已完成
ORD-04732,2029-04-05,CUST-043,铜精矿,210.5,46614.61,9812375.40,华东,已取消
ORD-04733,2029-04-08,CUST-013,银精矿,56.1,4403028.15,247009879.22,华南,已完成
ORD-04734,2029-04-12,CUST-036,锌精矿,351.9,19576.30,6888899.97,华北,已完成
ORD-04735,2029-04-15,CUST-001,钼精矿,81.0,373345.79,30241008.99,西南,已完成
ORD-04736,2029-04-18,CUST-028,金矿石,238.1,423224.84,100769834.40,华东,进行中
ORD-04737,2029-04-22,CUST-047,铜精矿,244.3,53015.27,12951630.46,华南,已完成
ORD-04738,2029-04-25,CUST-010,银精矿,27.8,4836927.94,134466596.73,西北,已完成
ORD-04739,2029-05-01,CUST-023,锌精矿,412.9,21939.92,9058992.97,华东,已完成
ORD-04740,2029-05-05,CUST-038,钼精矿,89.8,359330.91,32267915.72,东北,已完成
ORD-04741,2029-05-08,CUST-017,金矿石,200.1,391869.65,78413116.97,华北,已完成
ORD-04742,2029-05-12,CUST-045,铜精矿,303.4,49688.18,15075393.81,西南,已完成
ORD-04743,2029-05-15,CUST-004,银精矿,51.2,3983323.12,203946143.74,华东,已完成
ORD-04744,2029-05-18,CUST-032,锌精矿,436.3,21266.17,9278429.97,华南,进行中
ORD-04745,2029-05-22,CUST-026,钼精矿,101.0,370960.65,37467025.65,华北,已完成
ORD-04746,2029-05-25,CUST-040,金矿石,163.2,432805.06,70633785.79,西南,已完成
ORD-04747,2029-06-01,CUST-024,铜精矿,245.5,47570.75,11678619.12,华东,已取消
ORD-04748,2029-06-05,CUST-049,银精矿,43.0,3699637.76,159084423.68,东北,已完成
ORD-04749,2029-06-08,CUST-030,锌精矿,447.9,21212.77,9501199.68,西北,已完成
ORD-04750,2029-06-12,CUST-007,钼精矿,75.7,298131.19,22568531.08,华南,已完成
ORD-04751,2029-06-15,CUST-015,金矿石,258.4,393391.60,101652389.44,华东,已完成
ORD-04752,2029-06-18,CUST-042,铜精矿,264.5,51951.76,13741240.52,华北,已完成
ORD-04753,2029-06-22,CUST-021,银精矿,34.7,4752553.25,164913597.78,西南,进行中
ORD-04754,2029-06-25,CUST-008,锌精矿,517.9,19268.63,9979223.48,华南,已完成
ORD-04755,2029-07-01,CUST-035,钼精矿,125.0,306668.48,38333560.00,华东,已完成
ORD-04756,2029-07-05,CUST-012,金矿石,162.8,435858.80,70957812.64,东北,已完成
ORD-04757,2029-07-08,CUST-044,铜精矿,271.4,47982.23,13022377.22,西北,已完成
ORD-04758,2029-07-12,CUST-003,银精矿,62.7,4159005.71,260769658.02,华东,已完成
ORD-04759,2029-07-15,CUST-018,锌精矿,341.6,19243.63,6573624.01,华北,已取消
ORD-04760,2029-07-18,CUST-029,钼精矿,88.5,361241.43,31969866.55,华南,已完成
ORD-04761,2029-07-22,CUST-046,金矿石,219.7,426010.14,93594427.76,西南,已完成
ORD-04762,2029-07-25,CUST-011,铜精矿,344.1,52025.57,17901998.64,华东,已完成
ORD-04763,2029-08-01,CUST-037,银精矿,55.4,3831312.76,212254726.90,华南,已完成
ORD-04764,2029-08-05,CUST-019,锌精矿,458.5,17105.82,7843018.47,西北,进行中
ORD-04765,2029-08-08,CUST-033,钼精矿,89.8,336921.33,30255535.43,东北,已完成
ORD-04766,2029-08-12,CUST-005,金矿石,245.3,423651.11,103921617.28,华北,已完成
ORD-04767,2029-08-15,CUST-027,铜精矿,244.4,57377.47,14023053.67,华东,已完成
ORD-04768,2029-08-18,CUST-048,银精矿,38.1,4522692.02,172314565.96,西南,已完成
ORD-04769,2029-08-22,CUST-014,锌精矿,406.4,18940.99,7697618.34,华南,已完成
ORD-04770,2029-08-25,CUST-039,钼精矿,114.7,371652.66,42628560.10,华东,已完成
ORD-04771,2029-09-01,CUST-002,金矿石,203.6,350797.70,71422411.72,华东,已完成
ORD-04772,2029-09-05,CUST-031,铜精矿,364.4,53494.44,19493373.94,东北,已取消
ORD-04773,2029-09-08,CUST-016,银精矿,47.3,4171397.42,197307097.97,华北,已完成
ORD-04774,2029-09-12,CUST-025,锌精矿,342.8,20355.70,6977933.96,西南,已完成
ORD-04775,2029-09-15,CUST-009,钼精矿,101.0,338905.90,34229495.90,华南,进行中
ORD-04776,2029-09-18,CUST-041,金矿石,267.2,361952.32,96713659.90,西北,已完成
ORD-04777,2029-09-22,CUST-006,铜精矿,248.3,45258.00,11237561.40,华东,已完成
ORD-04778,2029-09-25,CUST-034,银精矿,59.1,4928557.20,291277730.52,华南,已完成
ORD-04779,2029-10-01,CUST-020,锌精矿,449.4,15809.86,7104951.08,华北,已完成
ORD-04780,2029-10-05,CUST-043,钼精矿,86.0,285323.72,24537839.92,华东,已完成
ORD-04781,2029-10-08,CUST-013,金矿石,188.7,396725.87,74862171.67,东北,已完成
ORD-04782,2029-10-12,CUST-036,铜精矿,287.1,50733.99,14565728.53,西南,已完成
ORD-04783,2029-10-15,CUST-001,银精矿,57.4,4357016.05,250092721.27,华东,进行中
ORD-04784,2029-10-18,CUST-028,锌精矿,399.8,18538.72,7411780.26,华南,已完成
ORD-04785,2029-10-22,CUST-047,钼精矿,119.1,371869.08,44289607.43,西北,已完成
ORD-04786,2029-10-25,CUST-010,金矿石,211.7,444005.85,93996038.44,华北,已完成
ORD-04787,2029-11-01,CUST-023,铜精矿,301.2,46414.33,13979996.20,华东,已完成
ORD-04788,2029-11-05,CUST-038,银精矿,42.3,4083418.32,172728594.94,西南,已完成
ORD-04789,2029-11-08,CUST-017,锌精矿,356.9,20012.45,7142443.41,东北,已取消
ORD-04790,2029-11-12,CUST-045,钼精矿,81.7,314495.70,25694298.69,华南,已完成
ORD-04791,2029-11-15,CUST-004,金矿石,267.1,353817.95,94504774.45,华东,已完成
ORD-04792,2029-11-18,CUST-032,铜精矿,242.7,57713.84,14007148.97,华北,已完成
ORD-04793,2029-11-22,CUST-026,银精矿,56.1,3804995.73,213460260.45,西北,进行中
ORD-04794,2029-11-25,CUST-040,锌精矿,471.5,16390.40,7728073.60,华南,已完成
ORD-04795,2029-11-28,CUST-024,钼精矿,114.6,287257.17,32919671.68,西南,已完成
ORD-04796,2029-11-28,CUST-049,金矿石,130.3,441660.11,57548312.33,东北,已完成
ORD-04797,2029-11-28,CUST-030,铜精矿,324.4,47537.56,15421184.46,华东,已完成
ORD-04798,2029-11-28,CUST-007,银精矿,40.0,4429752.85,177190114.00,华北,已完成
ORD-04799,2029-11-28,CUST-015,锌精矿,399.0,19008.83,7584523.17,华南,已完成
ORD-04800,2029-11-28,CUST-042,钼精矿,101.7,347457.32,35336409.44,西南,已完成
ORD-04801,2029-01-05,CUST-012,金矿石,147.4,452902.45,66757821.13,华东,已完成
ORD-04802,2029-01-08,CUST-035,铜精矿,339.5,53680.90,18224665.55,华南,已完成
ORD-04803,2029-01-12,CUST-007,银精矿,38.6,4311232.80,166413586.08,华北,已完成
ORD-04804,2029-01-15,CUST-021,锌精矿,526.4,18522.92,9750465.09,西南,进行中
ORD-04805,2029-01-18,CUST-042,钼精矿,93.1,377325.44,35128998.46,华东,已完成
ORD-04806,2029-01-22,CUST-018,金矿石,212.6,397098.39,84423117.71,西北,已完成
ORD-04807,2029-01-25,CUST-003,铜精矿,192.9,62106.25,11980295.62,华南,已取消
ORD-04808,2029-02-01,CUST-029,银精矿,67.0,3603507.25,241434985.75,华东,已完成
ORD-04809,2029-02-05,CUST-015,锌精矿,487.1,16343.55,7960943.21,东北,已完成
ORD-04810,2029-02-08,CUST-037,钼精矿,89.1,282188.65,25143008.71,华北,已完成
ORD-04811,2029-02-12,CUST-008,金矿石,198.2,347367.09,68848157.24,华南,进行中
ORD-04812,2029-02-15,CUST-044,铜精矿,241.8,52420.36,12675243.05,西南,已完成
ORD-04813,2029-02-20,CUST-022,银精矿,32.9,3926379.50,129177885.55,华东,已完成
ORD-04814,2029-02-25,CUST-011,锌精矿,444.1,18491.69,8212159.53,华北,已完成
ORD-04815,2029-03-01,CUST-033,钼精矿,104.4,286250.88,29884591.87,西北,已完成
ORD-04816,2029-03-05,CUST-019,金矿石,297.1,460115.10,136700196.21,华东,已完成
ORD-04817,2029-03-08,CUST-046,铜精矿,362.6,55051.19,19961561.49,东北,已取消
ORD-04818,2029-03-12,CUST-005,银精矿,55.7,4131934.18,230148733.83,华南,已完成
ORD-04819,2029-03-15,CUST-027,锌精矿,389.9,18000.55,7018414.44,西南,已完成
ORD-04820,2029-03-18,CUST-014,钼精矿,81.9,279724.94,22909472.59,华北,进行中
ORD-04821,2029-03-22,CUST-039,金矿石,203.2,428333.92,87037452.54,华东,已完成
ORD-04822,2029-03-25,CUST-002,铜精矿,303.0,58823.95,17823656.85,华南,已完成
ORD-04823,2029-04-01,CUST-031,银精矿,40.2,4031517.92,162067020.38,西北,已完成
ORD-04824,2029-04-05,CUST-016,锌精矿,337.7,18127.58,6121683.77,华东,已完成
ORD-04825,2029-04-08,CUST-048,钼精矿,86.4,352776.36,30479877.50,东北,已完成
ORD-04826,2029-04-12,CUST-009,金矿石,250.8,409522.84,102708328.27,华北,已完成
ORD-04827,2029-04-15,CUST-025,铜精矿,337.6,52934.77,17870778.35,西南,进行中
ORD-04828,2029-04-18,CUST-041,银精矿,60.2,3753833.57,225980780.91,华南,已完成
ORD-04829,2029-04-22,CUST-006,锌精矿,509.5,17640.12,8987641.14,华东,已完成
ORD-04830,2029-04-25,CUST-034,钼精矿,110.4,332680.06,36727878.62,西北,已完成
ORD-04831,2029-05-01,CUST-020,金矿石,159.6,417164.10,66579390.36,东北,已完成
ORD-04832,2029-05-05,CUST-043,铜精矿,206.7,55877.85,11549951.59,华东,已取消
ORD-04833,2029-05-08,CUST-013,银精矿,58.9,3930795.18,231523836.10,华南,已完成
ORD-04834,2029-05-12,CUST-036,锌精矿,349.6,20550.23,7184360.41,华北,已完成
ORD-04835,2029-05-15,CUST-001,钼精矿,77.5,374924.15,29056621.62,西南,已完成
ORD-04836,2029-05-18,CUST-028,金矿石,252.0,357796.24,90164652.48,华东,进行中
ORD-04837,2029-05-22,CUST-047,铜精矿,243.6,57993.30,14127167.88,华南,已完成
ORD-04838,2029-05-25,CUST-010,银精矿,33.7,4382210.05,147680478.69,西北,已完成
ORD-04839,2029-06-01,CUST-023,锌精矿,317.6,21608.19,6862761.14,华东,已完成
ORD-04840,2029-06-05,CUST-038,钼精矿,99.2,349068.67,34627612.06,东北,已完成
ORD-04841,2029-06-08,CUST-017,金矿石,233.7,391779.79,91558936.92,华北,已完成
ORD-04842,2029-06-12,CUST-045,铜精矿,372.8,59205.54,22071825.31,西南,已完成
ORD-04843,2029-06-15,CUST-004,银精矿,43.7,4644445.12,202962251.74,华东,已完成
ORD-04844,2029-06-18,CUST-032,锌精矿,405.2,17877.28,7243873.86,华南,进行中
ORD-04845,2029-06-22,CUST-026,钼精矿,117.1,300110.28,35142913.79,华北,已完成
ORD-04846,2029-06-25,CUST-040,金矿石,192.8,446002.09,85989202.95,西南,已完成
ORD-04847,2029-07-01,CUST-024,铜精矿,282.7,61989.49,17524428.82,华东,已取消
ORD-04848,2029-07-05,CUST-049,银精矿,42.6,3703344.32,157762468.03,东北,已完成
ORD-04849,2029-07-08,CUST-030,锌精矿,356.7,19135.12,6825497.30,西北,已完成
ORD-04850,2029-07-12,CUST-007,钼精矿,88.5,287599.57,25452561.95,华南,已完成
ORD-04851,2029-07-15,CUST-015,金矿石,241.2,395506.99,95396285.99,华东,已完成
ORD-04852,2029-07-18,CUST-042,铜精矿,263.3,55664.63,14656497.08,华北,已完成
ORD-04853,2029-07-22,CUST-021,银精矿,36.2,4299732.37,155650311.79,西南,进行中
ORD-04854,2029-07-25,CUST-008,锌精矿,484.1,21718.03,10513698.32,华南,已完成
ORD-04855,2029-08-01,CUST-035,钼精矿,103.2,308917.76,31880312.83,华东,已完成
ORD-04856,2029-08-05,CUST-012,金矿石,159.5,405135.31,64619081.95,东北,已完成
ORD-04857,2029-08-08,CUST-044,铜精矿,226.6,55674.98,12615950.47,西北,已完成
ORD-04858,2029-08-12,CUST-003,银精矿,61.8,3791417.23,234309584.81,华东,已完成
ORD-04859,2029-08-15,CUST-018,锌精矿,397.5,20147.26,8008535.85,华北,已取消
ORD-04860,2029-08-18,CUST-029,钼精矿,89.0,338654.36,30140238.04,华南,已完成
ORD-04861,2029-08-22,CUST-046,金矿石,169.1,423056.22,71538806.80,西南,已完成
ORD-04862,2029-08-25,CUST-011,铜精矿,332.4,61838.20,20555017.68,华东,已完成
ORD-04863,2029-09-01,CUST-037,银精矿,45.6,4711088.64,214825641.98,华南,已完成
ORD-04864,2029-09-05,CUST-019,锌精矿,478.3,17788.83,8508397.39,西北,进行中
ORD-04865,2029-09-08,CUST-033,钼精矿,95.6,294632.65,28166881.34,东北,已完成
ORD-04866,2029-09-12,CUST-005,金矿石,280.8,431988.67,121302418.54,华北,已完成
ORD-04867,2029-09-15,CUST-027,铜精矿,216.9,46850.20,10161808.38,华东,已完成
ORD-04868,2029-09-18,CUST-048,银精矿,38.6,3696879.73,142699557.58,西南,已完成
ORD-04869,2029-09-22,CUST-014,锌精矿,461.6,20046.45,9253441.32,华南,已完成
ORD-04870,2029-09-25,CUST-039,钼精矿,133.9,350335.43,46909914.08,华东,已完成
ORD-04871,2029-10-01,CUST-002,金矿石,222.1,423004.79,93949363.86,华东,已完成
ORD-04872,2029-10-05,CUST-031,铜精矿,342.3,54104.78,18520066.19,东北,已取消
ORD-04873,2029-10-08,CUST-016,银精矿,45.0,4177113.85,187970123.25,华北,已完成
ORD-04874,2029-10-12,CUST-025,锌精矿,356.1,17145.30,6105441.33,西南,已完成
ORD-04875,2029-10-15,CUST-009,钼精矿,103.5,369950.07,38289832.24,华南,进行中
ORD-04876,2029-10-18,CUST-041,金矿石,230.4,429204.22,98888652.29,西北,已完成
ORD-04877,2029-10-22,CUST-006,铜精矿,234.2,46799.03,10960332.83,华东,已完成
ORD-04878,2029-10-25,CUST-034,银精矿,63.9,4195501.80,268092565.02,华南,已完成
ORD-04879,2029-11-01,CUST-020,锌精矿,546.0,20071.76,10959180.96,华北,已完成
ORD-04880,2029-11-05,CUST-043,钼精矿,68.2,338410.25,23079579.05,华东,已完成
ORD-04881,2029-11-08,CUST-013,金矿石,170.8,400397.98,68387974.98,东北,已完成
ORD-04882,2029-11-12,CUST-036,铜精矿,335.9,58160.91,19536249.67,西南,已完成
ORD-04883,2029-11-15,CUST-001,银精矿,59.9,4777545.78,286174992.22,华东,进行中
ORD-04884,2029-11-18,CUST-028,锌精矿,319.0,17367.43,5540210.17,华南,已完成
ORD-04885,2029-11-22,CUST-047,钼精矿,98.0,357026.39,34988586.22,西北,已完成
ORD-04886,2029-11-25,CUST-010,金矿石,237.0,407077.75,96477426.75,华北,已完成
ORD-04887,2029-12-01,CUST-023,铜精矿,342.7,62724.44,21495665.59,华东,已完成
ORD-04888,2029-12-05,CUST-038,银精矿,46.0,4555644.86,209559663.56,西南,已完成
ORD-04889,2029-12-08,CUST-017,锌精矿,430.0,21698.64,9330415.20,东北,已取消
ORD-04890,2029-12-12,CUST-045,钼精矿,90.8,351294.15,31897508.82,华南,已完成
ORD-04891,2029-12-15,CUST-004,金矿石,223.6,399682.75,89369062.90,华东,已完成
ORD-04892,2029-12-18,CUST-032,铜精矿,323.7,59459.08,19246904.20,华北,已完成
ORD-04893,2029-12-22,CUST-026,银精矿,55.7,4614280.14,257015403.80,西北,进行中
ORD-04894,2029-12-25,CUST-040,锌精矿,436.1,21859.91,9533106.75,华南,已完成
ORD-04895,2029-12-28,CUST-024,钼精矿,100.2,284292.04,28486062.41,西南,已完成
ORD-04896,2029-12-28,CUST-049,金矿石,138.5,347653.52,48150012.52,东北,已完成
ORD-04897,2029-12-28,CUST-030,铜精矿,329.3,46634.97,15356895.62,华东,已完成
ORD-04898,2029-12-28,CUST-007,银精矿,35.0,4927243.19,172453511.65,华北,已完成
ORD-04899,2029-12-28,CUST-015,锌精矿,390.9,17101.99,6685167.89,华南,已完成
ORD-04900,2029-12-28,CUST-042,钼精矿,99.0,280273.61,27747087.39,西南,已完成
ORD-04901,2029-02-05,CUST-012,金矿石,171.8,428623.20,73637465.76,华东,已完成
ORD-04902,2029-02-08,CUST-035,铜精矿,275.8,49931.44,13771091.15,华南,已完成
ORD-04903,2029-02-12,CUST-007,银精矿,38.9,4853574.60,188804051.94,华北,已完成
ORD-04904,2029-02-15,CUST-021,锌精矿,447.1,20900.82,9344756.62,西南,进行中
ORD-04905,2029-02-18,CUST-042,钼精矿,74.8,293616.32,21962500.74,华东,已完成
ORD-04906,2029-02-22,CUST-018,金矿石,170.8,412632.48,70477627.58,西北,已完成
ORD-04907,2029-02-25,CUST-003,铜精矿,186.2,50228.79,9352600.70,华南,已取消
ORD-04908,2029-03-01,CUST-029,银精矿,58.9,4721977.90,278124498.31,华东,已完成
ORD-04909,2029-03-05,CUST-015,锌精矿,370.4,18066.41,6691798.26,东北,已完成
ORD-04910,2029-03-08,CUST-037,钼精矿,102.8,275941.26,28366761.53,华北,已完成
ORD-04911,2029-03-12,CUST-008,金矿石,175.9,454831.06,80004783.45,华南,进行中
ORD-04912,2029-03-15,CUST-044,铜精矿,232.0,48108.72,11161223.04,西南,已完成
ORD-04913,2029-03-20,CUST-022,银精矿,39.7,4553717.75,180782594.68,华东,已完成
ORD-04914,2029-03-25,CUST-011,锌精矿,343.1,17680.86,6066303.07,华北,已完成
ORD-04915,2029-04-01,CUST-033,钼精矿,123.7,288360.17,35670153.03,西北,已完成
ORD-04916,2029-04-05,CUST-019,金矿石,239.8,408461.65,97949103.67,华东,已完成
ORD-04917,2029-04-08,CUST-046,铜精矿,308.8,55316.26,17081661.09,东北,已取消
ORD-04918,2029-04-12,CUST-005,银精矿,47.8,4660382.32,222766274.90,华南,已完成
ORD-04919,2029-04-15,CUST-027,锌精矿,459.7,18667.63,8581509.51,西南,已完成
ORD-04920,2029-04-18,CUST-014,钼精矿,65.0,322133.31,20938665.15,华北,进行中
ORD-04921,2029-04-22,CUST-039,金矿石,223.7,453582.19,101466335.90,华东,已完成
ORD-04922,2029-04-25,CUST-002,铜精矿,284.1,55107.57,15656060.64,华南,已完成
ORD-04923,2029-05-01,CUST-031,银精矿,46.6,3885712.70,181074211.82,西北,已完成
ORD-04924,2029-05-05,CUST-016,锌精矿,398.6,16335.69,6511406.03,华东,已完成
ORD-04925,2029-05-08,CUST-048,钼精矿,98.1,312784.29,30684138.85,东北,已完成
ORD-04926,2029-05-12,CUST-009,金矿石,239.6,366052.64,87706212.54,华北,已完成
ORD-04927,2029-05-15,CUST-025,铜精矿,282.5,54162.98,15301041.85,西南,进行中
ORD-04928,2029-05-18,CUST-041,银精矿,64.3,4841050.58,311279552.29,华南,已完成
ORD-04929,2029-05-22,CUST-006,锌精矿,461.0,21220.78,9782779.58,华东,已完成
ORD-04930,2029-05-25,CUST-034,钼精矿,105.2,345266.66,36322052.63,西北,已完成
ORD-04931,2029-06-01,CUST-020,金矿石,159.1,340443.12,54164500.39,东北,已完成
ORD-04932,2029-06-05,CUST-043,铜精矿,263.7,47493.24,12523967.39,华东,已取消
ORD-04933,2029-06-08,CUST-013,银精矿,71.1,4843295.01,344358275.21,华南,已完成
ORD-04934,2029-06-12,CUST-036,锌精矿,356.0,19281.24,6864121.44,华北,已完成
ORD-04935,2029-06-15,CUST-001,钼精矿,74.6,289936.51,21629263.65,西南,已完成
ORD-04936,2029-06-18,CUST-028,金矿石,255.2,342739.23,87467051.50,华东,进行中
ORD-04937,2029-06-22,CUST-047,铜精矿,278.9,56085.37,15642209.69,华南,已完成
ORD-04938,2029-06-25,CUST-010,银精矿,28.9,4849987.36,140164634.70,西北,已完成
ORD-04939,2029-07-01,CUST-023,锌精矿,344.2,20461.61,7042886.16,华东,已完成
ORD-04940,2029-07-05,CUST-038,钼精矿,100.5,329391.53,33103848.77,东北,已完成
ORD-04941,2029-07-08,CUST-017,金矿石,236.0,440573.23,103975282.28,华北,已完成
ORD-04942,2029-07-12,CUST-045,铜精矿,294.1,53831.72,15831908.85,西南,已完成
ORD-04943,2029-07-15,CUST-004,银精矿,48.3,4327806.16,209033037.53,华东,已完成
ORD-04944,2029-07-18,CUST-032,锌精矿,418.7,19544.81,8183411.95,华南,进行中
ORD-04945,2029-07-22,CUST-026,钼精矿,114.0,311291.57,35487238.98,华北,已完成
ORD-04946,2029-07-25,CUST-040,金矿石,182.7,456910.77,83477597.68,西南,已完成
ORD-04947,2029-08-01,CUST-024,铜精矿,295.9,59786.21,17690739.54,华东,已取消
ORD-04948,2029-08-05,CUST-049,银精矿,37.3,4176548.48,155785258.30,东北,已完成
ORD-04949,2029-08-08,CUST-030,锌精矿,440.8,21252.73,9368203.38,西北,已完成
ORD-04950,2029-08-12,CUST-007,钼精矿,81.0,286305.84,23190773.04,华南,已完成
ORD-04951,2029-08-15,CUST-015,金矿石,195.8,433571.05,84893211.59,华东,已完成
ORD-04952,2029-08-18,CUST-042,铜精矿,298.0,45845.21,13661872.58,华北,已完成
ORD-04953,2029-08-22,CUST-021,银精矿,37.4,4750615.17,177673007.36,西南,进行中
ORD-04954,2029-08-25,CUST-008,锌精矿,487.5,19910.35,9706295.62,华南,已完成
ORD-04955,2029-09-01,CUST-035,钼精矿,107.6,320671.04,34504203.90,华东,已完成
ORD-04956,2029-09-05,CUST-012,金矿石,178.6,399803.99,71404992.61,东北,已完成
ORD-04957,2029-09-08,CUST-044,铜精矿,266.3,46796.13,12461809.42,西北,已完成
ORD-04958,2029-09-12,CUST-003,银精矿,60.3,3614769.38,217970593.61,华东,已完成
ORD-04959,2029-09-15,CUST-018,锌精矿,431.0,16781.00,7232611.00,华北,已取消
ORD-04960,2029-09-18,CUST-029,钼精矿,95.9,281887.15,27032977.69,华南,已完成
ORD-04961,2029-09-22,CUST-046,金矿石,193.7,358313.11,69405249.41,西南,已完成
ORD-04962,2029-09-25,CUST-011,铜精矿,295.1,59379.28,17522825.53,华东,已完成
ORD-04963,2029-10-01,CUST-037,银精矿,51.8,4173764.66,216201009.39,华南,已完成
ORD-04964,2029-10-05,CUST-019,锌精矿,395.6,19203.76,7597007.46,西北,进行中
ORD-04965,2029-10-08,CUST-033,钼精矿,110.3,280657.97,30956574.09,东北,已完成
ORD-04966,2029-10-12,CUST-005,金矿石,230.3,390429.71,89915962.21,华北,已完成
ORD-04967,2029-10-15,CUST-027,铜精矿,258.4,44307.35,11449019.24,华东,已完成
ORD-04968,2029-10-18,CUST-048,银精矿,32.7,4507318.97,147389330.32,西南,已完成
ORD-04969,2029-10-22,CUST-014,锌精矿,419.2,17292.33,7248944.74,华南,已完成
ORD-04970,2029-10-25,CUST-039,钼精矿,140.9,311137.22,43839234.30,华东,已完成
ORD-04971,2029-11-01,CUST-002,金矿石,197.7,426015.03,84223171.43,华东,已完成
ORD-04972,2029-11-05,CUST-031,铜精矿,381.0,48235.33,18377660.73,东北,已取消
ORD-04973,2029-11-08,CUST-016,银精矿,42.0,4082444.27,171462659.34,华北,已完成
ORD-04974,2029-11-12,CUST-025,锌精矿,346.1,20324.60,7034344.06,西南,已完成
ORD-04975,2029-11-15,CUST-009,钼精矿,85.1,364426.61,31012704.51,华南,进行中
ORD-04976,2029-11-18,CUST-041,金矿石,274.7,362393.82,99549582.35,西北,已完成
ORD-04977,2029-11-22,CUST-006,铜精矿,236.3,44171.61,10437751.44,华东,已完成
ORD-04978,2029-11-25,CUST-034,银精矿,49.1,4770830.40,234247772.64,华南,已完成
ORD-04979,2029-12-01,CUST-020,锌精矿,551.9,20184.70,11139935.93,华北,已完成
ORD-04980,2029-12-05,CUST-043,钼精矿,72.2,309299.64,22331434.01,华东,已完成
ORD-04981,2029-12-08,CUST-013,金矿石,171.9,365179.72,62774393.87,东北,已完成
ORD-04982,2029-12-12,CUST-036,铜精矿,272.2,58920.03,16038032.17,西南,已完成
ORD-04983,2029-12-15,CUST-001,银精矿,70.2,4420820.56,310341603.31,华东,进行中
ORD-04984,2029-12-18,CUST-028,锌精矿,390.3,19133.96,7467984.59,华南,已完成
ORD-04985,2029-12-22,CUST-047,钼精矿,103.1,347106.51,35786681.18,西北,已完成
ORD-04986,2029-12-25,CUST-010,金矿石,263.2,335188.12,88221513.18,华北,已完成
ORD-04987,2030-01-01,CUST-023,铜精矿,311.2,58863.14,18318209.17,华东,已完成
ORD-04988,2030-01-05,CUST-038,银精矿,38.4,4007492.25,153887702.40,西南,已完成
ORD-04989,2030-01-08,CUST-017,锌精矿,444.5,20820.02,9254498.89,东北,已取消
ORD-04990,2030-01-12,CUST-045,钼精矿,97.3,350856.45,34138332.59,华南,已完成
ORD-04991,2030-01-15,CUST-004,金矿石,293.4,357936.84,105018668.86,华东,已完成
ORD-04992,2030-01-18,CUST-032,铜精矿,246.7,59662.89,14718834.96,华北,已完成
ORD-04993,2030-01-22,CUST-026,银精矿,57.5,3717200.55,213739031.62,西北,进行中
ORD-04994,2030-01-25,CUST-040,锌精矿,426.2,16842.14,7178120.07,华南,已完成
ORD-04995,2030-01-28,CUST-024,钼精矿,111.4,351274.70,39132001.58,西南,已完成
ORD-04996,2030-01-28,CUST-049,金矿石,142.6,441686.15,62984444.99,东北,已完成
ORD-04997,2030-01-28,CUST-030,铜精矿,336.7,61092.11,20569713.44,华东,已完成
ORD-04998,2030-01-28,CUST-007,银精矿,33.0,4260974.02,140612142.66,华北,已完成
ORD-04999,2030-01-28,CUST-015,锌精矿,417.7,16823.46,7027159.24,华南,已完成
ORD-05000,2030-01-28,CUST-042,钼精矿,106.8,285340.63,30474379.28,西南,已完成
ORD-05001,2029-03-05,CUST-012,金矿石,165.5,427822.78,70804670.09,华东,已完成
ORD-05002,2029-03-08,CUST-035,铜精矿,374.8,53416.64,20020556.67,华南,已完成
ORD-05003,2029-03-12,CUST-007,银精矿,43.2,4870899.60,210422862.72,华北,已完成
ORD-05004,2029-03-15,CUST-021,锌精矿,427.9,19413.03,8306835.54,西南,进行中
ORD-05005,2029-03-18,CUST-042,钼精矿,74.8,319731.20,23915893.76,华东,已完成
ORD-05006,2029-03-22,CUST-018,金矿石,214.2,391100.97,83773827.77,西北,已完成
ORD-05007,2029-03-25,CUST-003,铜精矿,154.6,55610.46,8597377.12,华南,已取消
ORD-05008,2029-04-01,CUST-029,银精矿,56.6,3552287.95,201059497.97,华东,已完成
ORD-05009,2029-04-05,CUST-015,锌精矿,439.4,17878.42,7855777.75,东北,已完成
ORD-05010,2029-04-08,CUST-037,钼精矿,108.7,273935.02,29776736.67,华北,已完成
ORD-05011,2029-04-12,CUST-008,金矿石,156.1,438813.26,68498749.89,华南,进行中
ORD-05012,2029-04-15,CUST-044,铜精矿,242.2,48888.80,11840867.36,西南,已完成
ORD-05013,2029-04-20,CUST-022,银精矿,34.7,3895244.00,135164966.80,华东,已完成
ORD-05014,2029-04-25,CUST-011,锌精矿,371.1,19747.53,7328308.38,华北,已完成
ORD-05015,2029-05-01,CUST-033,钼精矿,115.9,337944.32,39167746.69,西北,已完成
ORD-05016,2029-05-05,CUST-019,金矿石,240.7,354272.74,85273448.52,华东,已完成
ORD-05017,2029-05-08,CUST-046,铜精矿,314.5,53793.39,16918021.16,东北,已取消
ORD-05018,2029-05-12,CUST-005,银精矿,54.4,4534443.10,246673704.64,华南,已完成
ORD-05019,2029-05-15,CUST-027,锌精矿,461.0,21282.28,9811131.08,西南,已完成
ORD-05020,2029-05-18,CUST-014,钼精矿,71.1,369344.63,26260403.19,华北,进行中
ORD-05021,2029-05-22,CUST-039,金矿石,208.2,385653.24,80293004.57,华东,已完成
ORD-05022,2029-05-25,CUST-002,铜精矿,271.6,51843.16,14080602.26,华南,已完成
ORD-05023,2029-06-01,CUST-031,银精矿,38.5,4060205.48,156317910.98,西北,已完成
ORD-05024,2029-06-05,CUST-016,锌精矿,344.0,20957.93,7209527.92,华东,已完成
ORD-05025,2029-06-08,CUST-048,钼精矿,87.0,328290.56,28561278.72,东北,已完成
ORD-05026,2029-06-12,CUST-009,金矿石,237.5,344156.24,81737107.00,华北,已完成
ORD-05027,2029-06-15,CUST-025,铜精矿,321.1,53882.20,17301574.42,西南,进行中
ORD-05028,2029-06-18,CUST-041,银精矿,51.2,3723137.63,190624646.66,华南,已完成
ORD-05029,2029-06-22,CUST-006,锌精矿,516.1,17155.57,8853989.68,华东,已完成
ORD-05030,2029-06-25,CUST-034,钼精矿,95.7,272593.92,26087238.14,西北,已完成
ORD-05031,2029-07-01,CUST-020,金矿石,184.3,427125.21,78719176.20,东北,已完成
ORD-05032,2029-07-05,CUST-043,铜精矿,224.2,56742.81,12721738.00,华东,已取消
ORD-05033,2029-07-08,CUST-013,银精矿,71.7,4157768.52,298112002.88,华南,已完成
ORD-05034,2029-07-12,CUST-036,锌精矿,341.8,21856.56,7470572.21,华北,已完成
ORD-05035,2029-07-15,CUST-001,钼精矿,69.3,284481.11,19714540.92,西南,已完成
ORD-05036,2029-07-18,CUST-028,金矿石,278.0,408453.15,113549975.70,华东,进行中
ORD-05037,2029-07-22,CUST-047,铜精矿,291.2,59111.92,17213391.10,华南,已完成
ORD-05038,2029-07-25,CUST-010,银精矿,32.1,4099626.43,131598008.40,西北,已完成
ORD-05039,2029-08-01,CUST-023,锌精矿,316.9,20425.29,6472774.40,华东,已完成
ORD-05040,2029-08-05,CUST-038,钼精矿,99.9,325405.89,32508048.41,东北,已完成
ORD-05041,2029-08-08,CUST-017,金矿石,223.4,445515.48,99528158.23,华北,已完成
ORD-05042,2029-08-12,CUST-045,铜精矿,284.0,45051.51,12794628.84,西南,已完成
ORD-05043,2029-08-15,CUST-004,银精矿,50.3,3868448.80,194582974.64,华东,已完成
ORD-05044,2029-08-18,CUST-032,锌精矿,470.7,18185.42,8559877.19,华南,进行中
ORD-05045,2029-08-22,CUST-026,钼精矿,94.9,341573.79,32415352.67,华北,已完成
ORD-05046,2029-08-25,CUST-040,金矿石,193.8,447432.31,86712381.68,西南,已完成
ORD-05047,2029-09-01,CUST-024,铜精矿,232.3,54064.71,12559232.13,华东,已取消
ORD-05048,2029-09-05,CUST-049,银精矿,38.3,4370250.56,167380596.45,东北,已完成
ORD-05049,2029-09-08,CUST-030,锌精矿,341.4,19935.66,6806034.32,西北,已完成
ORD-05050,2029-09-12,CUST-007,钼精矿,81.5,276030.83,22496512.64,华南,已完成
ORD-05051,2029-09-15,CUST-015,金矿石,249.8,449327.44,112241994.51,华东,已完成
ORD-05052,2029-09-18,CUST-042,铜精矿,259.8,45253.31,11756809.94,华北,已完成
ORD-05053,2029-09-22,CUST-021,银精矿,34.3,4665477.64,160025883.05,西南,进行中
ORD-05054,2029-09-25,CUST-008,锌精矿,436.1,16514.80,7202104.28,华南,已完成
ORD-05055,2029-10-01,CUST-035,钼精矿,134.6,311431.04,41918617.98,华东,已完成
ORD-05056,2029-10-05,CUST-012,金矿石,158.2,341654.85,54049797.27,东北,已完成
ORD-05057,2029-10-08,CUST-044,铜精矿,228.4,49284.92,11256675.73,西北,已完成
ORD-05058,2029-10-12,CUST-003,银精矿,57.3,3619071.09,207372773.46,华东,已完成
ORD-05059,2029-10-15,CUST-018,锌精矿,388.1,17309.42,6717785.90,华北,已取消
ORD-05060,2029-10-18,CUST-029,钼精矿,89.6,277294.06,24845547.78,华南,已完成
ORD-05061,2029-10-22,CUST-046,金矿石,210.7,335308.40,70649479.88,西南,已完成
ORD-05062,2029-10-25,CUST-011,铜精矿,319.1,57318.04,18290186.56,华东,已完成
ORD-05063,2029-11-01,CUST-037,银精矿,52.7,3951908.13,208265558.45,华南,已完成
ORD-05064,2029-11-05,CUST-019,锌精矿,472.0,19157.26,9042226.72,西北,进行中
ORD-05065,2029-11-08,CUST-033,钼精矿,94.7,341071.90,32299508.93,东北,已完成
ORD-05066,2029-11-12,CUST-005,金矿石,273.2,351035.68,95902947.78,华北,已完成
ORD-05067,2029-11-15,CUST-027,铜精矿,207.3,55195.68,11442064.46,华东,已完成
ORD-05068,2029-11-18,CUST-048,银精矿,33.0,3688214.92,121711092.36,西南,已完成
ORD-05069,2029-11-22,CUST-014,锌精矿,492.6,19065.60,9391714.56,华南,已完成
ORD-05070,2029-11-25,CUST-039,钼精矿,138.9,290989.78,40418480.44,华东,已完成
ORD-05071,2029-12-01,CUST-002,金矿石,179.9,350836.46,63115479.15,华东,已完成
ORD-05072,2029-12-05,CUST-031,铜精矿,324.6,51392.55,16682021.73,东北,已取消
ORD-05073,2029-12-08,CUST-016,银精矿,45.6,4011198.10,182910633.36,华北,已完成
ORD-05074,2029-12-12,CUST-025,锌精矿,351.8,17417.76,6127567.97,西南,已完成
ORD-05075,2029-12-15,CUST-009,钼精矿,94.4,360307.97,34013072.37,华南,进行中
ORD-05076,2029-12-18,CUST-041,金矿石,281.7,403466.96,113656642.63,西北,已完成
ORD-05077,2029-12-22,CUST-006,铜精矿,197.3,49091.00,9685654.30,华东,已完成
ORD-05078,2029-12-25,CUST-034,银精矿,55.9,4137567.00,231289995.30,华南,已完成
ORD-05079,2030-01-01,CUST-020,锌精矿,532.7,18029.03,9604064.28,华北,已完成
ORD-05080,2030-01-05,CUST-043,钼精矿,89.2,357072.24,31850843.81,华东,已完成
ORD-05081,2030-01-08,CUST-013,金矿石,204.9,396346.90,81211479.81,东北,已完成
ORD-05082,2030-01-12,CUST-036,铜精矿,298.1,47021.40,14017079.34,西南,已完成
ORD-05083,2030-01-15,CUST-001,银精矿,66.7,4857922.89,324023456.76,华东,进行中
ORD-05084,2030-01-18,CUST-028,锌精矿,385.2,16952.87,6530245.52,华南,已完成
ORD-05085,2030-01-22,CUST-047,钼精矿,104.2,304254.74,31703343.91,西北,已完成
ORD-05086,2030-01-25,CUST-010,金矿石,248.1,332193.25,82417145.33,华北,已完成
ORD-05087,2030-02-01,CUST-023,铜精矿,336.7,60371.93,20327228.83,华东,已完成
ORD-05088,2030-02-05,CUST-038,银精矿,46.3,4462908.58,206632667.25,西南,已完成
ORD-05089,2030-02-08,CUST-017,锌精矿,341.5,17148.28,5856137.62,东北,已取消
ORD-05090,2030-02-12,CUST-045,钼精矿,81.0,365193.65,29580685.65,华南,已完成
ORD-05091,2030-02-15,CUST-004,金矿石,234.8,410329.70,96345413.56,华东,已完成
ORD-05092,2030-02-18,CUST-032,铜精矿,238.8,45158.03,10783737.56,华北,已完成
ORD-05093,2030-02-22,CUST-026,银精矿,44.5,4427405.76,197019556.32,西北,进行中
ORD-05094,2030-02-25,CUST-040,锌精矿,478.0,21090.59,10081302.02,华南,已完成
ORD-05095,2030-02-28,CUST-024,钼精矿,101.9,369432.20,37645141.18,西南,已完成
ORD-05096,2030-02-28,CUST-049,金矿石,149.5,390692.68,58408555.66,东北,已完成
ORD-05097,2030-02-28,CUST-030,铜精矿,330.7,59340.83,19624012.48,华东,已完成
ORD-05098,2030-02-28,CUST-007,银精矿,41.5,4835973.45,200692898.18,华北,已完成
ORD-05099,2030-02-28,CUST-015,锌精矿,426.3,20151.72,8590678.24,华南,已完成
ORD-05100,2030-02-28,CUST-042,钼精矿,108.5,340884.18,36985933.53,西南,已完成
ORD-05101,2029-04-05,CUST-012,金矿石,134.1,451924.16,60603029.86,华东,已完成
ORD-05102,2029-04-08,CUST-035,铜精矿,370.7,57162.66,21190198.06,华南,已完成
ORD-05103,2029-04-12,CUST-007,银精矿,50.1,4472979.00,224096247.90,华北,已完成
ORD-05104,2029-04-15,CUST-021,锌精矿,453.1,18821.46,8528003.53,西南,进行中
ORD-05105,2029-04-18,CUST-042,钼精矿,72.8,293806.40,21389105.92,华东,已完成
ORD-05106,2029-04-22,CUST-018,金矿石,192.9,413224.50,79711006.05,西北,已完成
ORD-05107,2029-04-25,CUST-003,铜精矿,159.5,49469.72,7890420.34,华南,已取消
ORD-05108,2029-05-01,CUST-029,银精矿,69.0,3945471.40,272237526.60,华东,已完成
ORD-05109,2029-05-05,CUST-015,锌精矿,451.8,20216.71,9133909.58,东北,已完成
ORD-05110,2029-05-08,CUST-037,钼精矿,97.0,272344.59,26417425.23,华北,已完成
ORD-05111,2029-05-12,CUST-008,金矿石,163.2,361899.63,59062019.62,华南,进行中
ORD-05112,2029-05-15,CUST-044,铜精矿,254.8,54175.94,13804029.51,西南,已完成
ORD-05113,2029-05-20,CUST-022,银精矿,34.2,5000554.25,171018955.35,华东,已完成
ORD-05114,2029-05-25,CUST-011,锌精矿,387.6,19751.82,7655805.43,华北,已完成
ORD-05115,2029-06-01,CUST-033,钼精矿,100.7,293712.11,29576809.48,西北,已完成
ORD-05116,2029-06-05,CUST-019,金矿石,263.7,373612.06,98521500.22,华东,已完成
ORD-05117,2029-06-08,CUST-046,铜精矿,306.7,50510.30,15491509.01,东北,已取消
ORD-05118,2029-06-12,CUST-005,银精矿,43.1,4436091.88,191195560.03,华南,已完成
ORD-05119,2029-06-15,CUST-027,锌精矿,448.1,15906.72,7127801.23,西南,已完成
ORD-05120,2029-06-18,CUST-014,钼精矿,69.5,315353.92,21917097.44,华北,进行中
ORD-05121,2029-06-22,CUST-039,金矿石,167.2,452177.38,75604057.94,华东,已完成
ORD-05122,2029-06-25,CUST-002,铜精矿,264.1,56459.94,14911070.15,华南,已完成
ORD-05123,2029-07-01,CUST-031,银精矿,44.0,4569479.30,201057089.20,西北,已完成
ORD-05124,2029-07-05,CUST-016,锌精矿,424.3,21321.54,9046729.42,华东,已完成
ORD-05125,2029-07-08,CUST-048,钼精矿,88.2,368640.55,32514096.51,东北,已完成
ORD-05126,2029-07-12,CUST-009,金矿石,206.6,407419.65,84172899.69,华北,已完成
ORD-05127,2029-07-15,CUST-025,铜精矿,296.5,51913.27,15392284.55,西南,进行中
ORD-05128,2029-07-18,CUST-041,银精矿,62.3,3909940.40,243589286.92,华南,已完成
ORD-05129,2029-07-22,CUST-006,锌精矿,447.6,19764.71,8846684.20,华东,已完成
ORD-05130,2029-07-25,CUST-034,钼精矿,88.8,298695.21,26524134.65,西北,已完成
ORD-05131,2029-08-01,CUST-020,金矿石,172.8,357741.33,61817701.82,东北,已完成
ORD-05132,2029-08-05,CUST-043,铜精矿,225.6,58450.50,13186432.80,华东,已取消
ORD-05133,2029-08-08,CUST-013,银精矿,72.8,4969763.55,361798786.44,华南,已完成
ORD-05134,2029-08-12,CUST-036,锌精矿,413.3,21145.85,8739579.80,华北,已完成
ORD-05135,2029-08-15,CUST-001,钼精矿,79.8,340846.47,27199548.31,西南,已完成
ORD-05136,2029-08-18,CUST-028,金矿石,268.1,384680.98,103132970.74,华东,进行中
ORD-05137,2029-08-22,CUST-047,铜精矿,257.5,53635.56,13811156.70,华南,已完成
ORD-05138,2029-08-25,CUST-010,银精矿,27.2,4316218.30,117401137.76,西北,已完成
ORD-05139,2029-09-01,CUST-023,锌精矿,339.6,17348.66,5891604.94,华东,已完成
ORD-05140,2029-09-05,CUST-038,钼精矿,81.4,308908.89,25145183.65,东北,已完成
ORD-05141,2029-09-08,CUST-017,金矿石,186.5,447890.32,83531544.68,华北,已完成
ORD-05142,2029-09-12,CUST-045,铜精矿,285.3,44147.74,12595350.22,西南,已完成
ORD-05143,2029-09-15,CUST-004,银精矿,48.7,4516698.16,219963200.39,华东,已完成
ORD-05144,2029-09-18,CUST-032,锌精矿,389.2,21476.55,8358673.26,华南,进行中
ORD-05145,2029-09-22,CUST-026,钼精矿,91.9,334677.42,30756854.90,华北,已完成
ORD-05146,2029-09-25,CUST-040,金矿石,174.2,418814.91,72957557.32,西南,已完成
ORD-05147,2029-10-01,CUST-024,铜精矿,276.6,49192.92,13606761.67,华东,已取消
ORD-05148,2029-10-05,CUST-049,银精矿,49.3,3951683.84,194818013.31,东北,已完成
ORD-05149,2029-10-08,CUST-030,锌精矿,376.8,21442.87,8079673.42,西北,已完成
ORD-05150,2029-10-12,CUST-007,钼精矿,81.1,298687.18,24223530.30,华南,已完成
ORD-05151,2029-10-15,CUST-015,金矿石,211.8,407391.59,86285538.76,华东,已完成
ORD-05152,2029-10-18,CUST-042,铜精矿,287.1,53875.02,15467518.24,华北,已完成
ORD-05153,2029-10-22,CUST-021,银精矿,35.9,3949076.52,141771847.07,西南,进行中
ORD-05154,2029-10-25,CUST-008,锌精矿,471.5,21604.18,10186370.87,华南,已完成
ORD-05155,2029-11-01,CUST-035,钼精矿,115.7,372182.72,43061540.70,华东,已完成
ORD-05156,2029-11-05,CUST-012,金矿石,165.3,428507.06,70832217.02,东北,已完成
ORD-05157,2029-11-08,CUST-044,铜精矿,221.1,52030.52,11503947.97,西北,已完成
ORD-05158,2029-11-12,CUST-003,银精矿,53.1,3961959.41,210380044.67,华东,已完成
ORD-05159,2029-11-15,CUST-018,锌精矿,396.2,21947.64,8695654.97,华北,已取消
ORD-05160,2029-11-18,CUST-029,钼精矿,78.3,294857.11,23087311.71,华南,已完成
ORD-05161,2029-11-22,CUST-046,金矿石,173.4,404987.49,70224830.77,西南,已完成
ORD-05162,2029-11-25,CUST-011,铜精矿,347.0,63011.74,21865073.78,华东,已完成
ORD-05163,2029-12-01,CUST-037,银精矿,49.1,4876750.78,239448463.30,华南,已完成
ORD-05164,2029-12-05,CUST-019,锌精矿,491.0,18823.31,9242245.21,西北,进行中
ORD-05165,2029-12-08,CUST-033,钼精矿,86.3,348032.43,30035198.71,东北,已完成
ORD-05166,2029-12-12,CUST-005,金矿石,206.3,357517.59,73755878.82,华北,已完成
ORD-05167,2029-12-15,CUST-027,铜精矿,238.7,55156.13,13165768.23,华东,已完成
ORD-05168,2029-12-18,CUST-048,银精矿,37.4,4328712.08,161893831.79,西南,已完成
ORD-05169,2029-12-22,CUST-014,锌精矿,419.0,18089.04,7579307.76,华南,已完成
ORD-05170,2029-12-25,CUST-039,钼精矿,122.1,315294.14,38497414.49,华东,已完成
ORD-05171,2030-01-01,CUST-002,金矿石,187.2,454308.74,85046596.13,华东,已完成
ORD-05172,2030-01-05,CUST-031,铜精矿,420.3,62324.12,26194827.64,东北,已取消
ORD-05173,2030-01-08,CUST-016,银精矿,40.8,4425150.92,180546157.54,华北,已完成
ORD-05174,2030-01-12,CUST-025,锌精矿,322.6,18178.53,5864393.78,西南,已完成
ORD-05175,2030-01-15,CUST-009,钼精矿,83.2,372153.07,30963135.42,华南,进行中
ORD-05176,2030-01-18,CUST-041,金矿石,236.3,352446.93,83283209.56,西北,已完成
ORD-05177,2030-01-22,CUST-006,铜精矿,244.1,46054.91,11242003.53,华东,已完成
ORD-05178,2030-01-25,CUST-034,银精矿,65.6,4783858.80,313821137.28,华南,已完成
ORD-05179,2030-02-01,CUST-020,锌精矿,504.8,20554.67,10375997.42,华北,已完成
ORD-05180,2030-02-05,CUST-043,钼精矿,86.1,340445.14,29312326.55,华东,已完成
ORD-05181,2030-02-08,CUST-013,金矿石,203.0,371164.86,75346466.58,东北,已完成
ORD-05182,2030-02-12,CUST-036,铜精矿,244.0,61199.11,14932582.84,西南,已完成
ORD-05183,2030-02-15,CUST-001,银精矿,56.0,3783051.67,211850893.52,华东,进行中
ORD-05184,2030-02-18,CUST-028,锌精矿,316.7,19224.30,6088335.81,华南,已完成
ORD-05185,2030-02-22,CUST-047,钼精矿,121.3,370383.75,44927548.88,西北,已完成
ORD-05186,2030-02-25,CUST-010,金矿石,212.2,355522.36,75441844.79,华北,已完成
ORD-05187,2030-03-01,CUST-023,铜精矿,265.1,55718.22,14770900.12,华东,已完成
ORD-05188,2030-03-05,CUST-038,银精矿,43.7,4927850.70,215347075.59,西南,已完成
ORD-05189,2030-03-08,CUST-017,锌精矿,366.9,18717.90,6867597.51,东北,已取消
ORD-05190,2030-03-12,CUST-045,钼精矿,95.4,359290.10,34276275.54,华南,已完成
ORD-05191,2030-03-15,CUST-004,金矿石,221.4,439459.88,97296417.43,华东,已完成
ORD-05192,2030-03-18,CUST-032,铜精矿,310.4,48102.17,14930913.57,华北,已完成
ORD-05193,2030-03-22,CUST-026,银精矿,48.7,4215073.53,205274080.91,西北,进行中
ORD-05194,2030-03-25,CUST-040,锌精矿,455.8,21862.98,9965146.28,华南,已完成
ORD-05195,2030-03-28,CUST-024,钼精矿,93.5,293417.94,27434577.39,西南,已完成
ORD-05196,2030-03-28,CUST-049,金矿石,119.3,404531.35,48260590.05,东北,已完成
ORD-05197,2030-03-28,CUST-030,铜精矿,327.7,53735.71,17609192.17,华东,已完成
ORD-05198,2030-03-28,CUST-007,银精矿,31.3,4816736.59,150763855.27,华北,已完成
ORD-05199,2030-03-28,CUST-015,锌精矿,433.1,20313.94,8797967.41,华南,已完成
ORD-05200,2030-03-28,CUST-042,钼精矿,100.2,332180.96,33284532.19,西南,已完成
ORD-05201,2029-05-05,CUST-012,金矿石,154.2,410569.39,63309799.94,华东,已完成
ORD-05202,2029-05-08,CUST-035,铜精矿,361.2,45670.61,16496224.33,华南,已完成
ORD-05203,2029-05-12,CUST-007,银精矿,44.7,3850526.40,172118530.08,华北,已完成
ORD-05204,2029-05-15,CUST-021,锌精矿,538.4,16415.48,8838094.43,西南,进行中
ORD-05205,2029-05-18,CUST-042,钼精矿,78.6,330903.68,26009029.25,华东,已完成
ORD-05206,2029-05-22,CUST-018,金矿石,191.2,419492.19,80206906.73,西北,已完成
ORD-05207,2029-05-25,CUST-003,铜精矿,205.4,50317.99,10335315.15,华南,已取消
ORD-05208,2029-06-01,CUST-029,银精矿,62.7,4299761.05,269595017.83,华东,已完成
ORD-05209,2029-06-05,CUST-015,锌精矿,360.9,19537.37,7051036.83,东北,已完成
ORD-05210,2029-06-08,CUST-037,钼精矿,98.3,363560.72,35738018.78,华北,已完成
ORD-05211,2029-06-12,CUST-008,金矿石,181.1,399863.49,72415278.04,华南,进行中
ORD-05212,2029-06-15,CUST-044,铜精矿,291.0,48484.31,14108934.21,西南,已完成
ORD-05213,2029-06-20,CUST-022,银精矿,34.7,4164804.50,144518716.15,华东,已完成
ORD-05214,2029-06-25,CUST-011,锌精矿,418.3,18125.87,7582051.42,华北,已完成
ORD-05215,2029-07-01,CUST-033,钼精矿,108.9,298633.80,32521220.82,西北,已完成
ORD-05216,2029-07-05,CUST-019,金矿石,330.0,433984.38,143214845.40,华东,已完成
ORD-05217,2029-07-08,CUST-046,铜精矿,336.3,53685.98,18054595.07,东北,已取消
ORD-05218,2029-07-12,CUST-005,银精矿,49.2,3655765.30,179863652.76,华南,已完成
ORD-05219,2029-07-15,CUST-027,锌精矿,526.0,17509.33,9209907.58,西南,已完成
ORD-05220,2029-07-18,CUST-014,钼精矿,72.9,357464.76,26059181.00,华北,进行中
ORD-05221,2029-07-22,CUST-039,金矿石,172.2,452905.33,77990297.83,华东,已完成
ORD-05222,2029-07-25,CUST-002,铜精矿,326.3,47461.19,15486586.30,华南,已完成
ORD-05223,2029-08-01,CUST-031,银精矿,37.8,4723918.64,178564124.59,西北,已完成
ORD-05224,2029-08-05,CUST-016,锌精矿,330.7,16658.14,5508846.90,华东,已完成
ORD-05225,2029-08-08,CUST-048,钼精矿,93.0,330164.36,30705285.48,东北,已完成
ORD-05226,2029-08-12,CUST-009,金矿石,213.5,352181.91,75190837.78,华北,已完成
ORD-05227,2029-08-15,CUST-025,铜精矿,306.3,52528.23,16089396.85,西南,进行中
ORD-05228,2029-08-18,CUST-041,银精矿,53.3,3674743.13,195863808.83,华南,已完成
ORD-05229,2029-08-22,CUST-006,锌精矿,509.6,17564.82,8951032.27,华东,已完成
ORD-05230,2029-08-25,CUST-034,钼精矿,91.7,284586.12,26096547.20,西北,已完成
ORD-05231,2029-09-01,CUST-020,金矿石,151.8,413648.41,62791828.64,东北,已完成
ORD-05232,2029-09-05,CUST-043,铜精矿,260.5,53081.27,13827670.83,华东,已取消
ORD-05233,2029-09-08,CUST-013,银精矿,60.4,3823031.70,230911114.68,华南,已完成
ORD-05234,2029-09-12,CUST-036,锌精矿,354.8,16654.51,5909020.15,华北,已完成
ORD-05235,2029-09-15,CUST-001,钼精矿,67.0,323272.68,21659269.56,西南,已完成
ORD-05236,2029-09-18,CUST-028,金矿石,278.4,374033.43,104130906.91,华东,进行中
ORD-05237,2029-09-22,CUST-047,铜精矿,304.1,55546.97,16891833.58,华南,已完成
ORD-05238,2029-09-25,CUST-010,银精矿,25.7,4201601.05,107981146.98,西北,已完成
ORD-05239,2029-10-01,CUST-023,锌精矿,331.0,17853.94,5909654.14,华东,已完成
ORD-05240,2029-10-05,CUST-038,钼精矿,85.2,342666.54,29195189.21,东北,已完成
ORD-05241,2029-10-08,CUST-017,金矿石,184.8,445951.93,82411916.66,华北,已完成
ORD-05242,2029-10-12,CUST-045,铜精矿,351.2,56519.47,19849637.86,西南,已完成
ORD-05243,2029-10-15,CUST-004,银精矿,48.5,4199499.52,203675726.72,华东,已完成
ORD-05244,2029-10-18,CUST-032,锌精矿,418.4,17810.46,7451896.46,华南,进行中
ORD-05245,2029-10-22,CUST-026,钼精矿,121.4,274571.32,33332958.25,华北,已完成
ORD-05246,2029-10-25,CUST-040,金矿石,172.5,339437.70,58553003.25,西南,已完成
ORD-05247,2029-11-01,CUST-024,铜精矿,246.6,54679.17,13483883.32,华东,已取消
ORD-05248,2029-11-05,CUST-049,银精矿,45.4,3808226.24,172893471.30,东北,已完成
ORD-05249,2029-11-08,CUST-030,锌精矿,336.3,18425.42,6196468.75,西北,已完成
ORD-05250,2029-11-12,CUST-007,钼精矿,77.2,291577.00,22509744.40,华南,已完成
ORD-05251,2029-11-15,CUST-015,金矿石,225.4,331353.20,74687011.28,华东,已完成
ORD-05252,2029-11-18,CUST-042,铜精矿,276.5,49978.15,13818958.47,华北,已完成
ORD-05253,2029-11-22,CUST-021,银精矿,43.1,3759835.87,162048926.00,西南,进行中
ORD-05254,2029-11-25,CUST-008,锌精矿,386.2,19991.33,7720651.65,华南,已完成
ORD-05255,2029-12-01,CUST-035,钼精矿,111.5,328981.76,36681466.24,华东,已完成
ORD-05256,2029-12-05,CUST-012,金矿石,194.6,361702.68,70387341.53,东北,已完成
ORD-05257,2029-12-08,CUST-044,铜精矿,247.7,45368.42,11237757.63,西北,已完成
ORD-05258,2029-12-12,CUST-003,银精矿,64.4,4307067.96,277375176.62,华东,已完成
ORD-05259,2029-12-15,CUST-018,锌精矿,413.8,21040.26,8706459.59,华北,已取消
ORD-05260,2029-12-18,CUST-029,钼精矿,90.2,299345.09,27000927.12,华南,已完成
ORD-05261,2029-12-22,CUST-046,金矿石,169.2,432723.58,73216829.74,西南,已完成
ORD-05262,2029-12-25,CUST-011,铜精矿,363.8,49815.20,18122769.76,华东,已完成
ORD-05263,2030-01-01,CUST-037,银精矿,51.8,4512460.98,233745478.76,华南,已完成
ORD-05264,2030-01-05,CUST-019,锌精矿,407.6,19699.57,8029544.73,西北,进行中
ORD-05265,2030-01-08,CUST-033,钼精矿,103.8,350874.55,36420778.29,东北,已完成
ORD-05266,2030-01-12,CUST-005,金矿石,215.5,337607.95,72754513.23,华北,已完成
ORD-05267,2030-01-15,CUST-027,铜精矿,199.1,51671.11,10287718.00,华东,已完成
ORD-05268,2030-01-18,CUST-048,银精矿,34.4,3936699.31,135422456.26,西南,已完成
ORD-05269,2030-01-22,CUST-014,锌精矿,402.6,17505.32,7047641.83,华南,已完成
ORD-05270,2030-01-25,CUST-039,钼精矿,119.3,352800.33,42089079.37,华东,已完成
ORD-05271,2030-02-01,CUST-002,金矿石,222.3,389052.34,86486335.18,华东,已完成
ORD-05272,2030-02-05,CUST-031,铜精矿,403.6,51283.50,20698020.60,东北,已取消
ORD-05273,2030-02-08,CUST-016,银精矿,47.5,4763256.55,226254686.12,华北,已完成
ORD-05274,2030-02-12,CUST-025,锌精矿,293.9,20362.54,5984550.51,西南,已完成
ORD-05275,2030-02-15,CUST-009,钼精矿,105.0,298134.48,31304120.40,华南,进行中
ORD-05276,2030-02-18,CUST-041,金矿石,239.7,376483.09,90242996.67,西北,已完成
ORD-05277,2030-02-22,CUST-006,铜精矿,225.1,55170.00,12418767.00,华东,已完成
ORD-05278,2030-02-25,CUST-034,银精矿,53.1,3833478.60,203557713.66,华南,已完成
ORD-05279,2030-03-01,CUST-020,锌精矿,467.9,21202.41,9920607.64,华北,已完成
ORD-05280,2030-03-05,CUST-043,钼精矿,85.5,353213.32,30199738.86,华东,已完成
ORD-05281,2030-03-08,CUST-013,金矿石,205.5,338664.74,69595604.07,东北,已完成
ORD-05282,2030-03-12,CUST-036,铜精矿,288.6,49950.67,14415763.36,西南,已完成
ORD-05283,2030-03-15,CUST-001,银精矿,60.7,3615806.52,219479455.76,华东,进行中
ORD-05284,2030-03-18,CUST-028,锌精矿,345.3,16261.11,5614961.28,华南,已完成
ORD-05285,2030-03-22,CUST-047,钼精矿,127.1,326343.72,41478286.81,西北,已完成
ORD-05286,2030-03-25,CUST-010,金矿石,249.5,358697.17,89494943.91,华北,已完成
ORD-05287,2030-04-01,CUST-023,铜精矿,270.4,49670.69,13430954.58,华东,已完成
ORD-05288,2030-04-05,CUST-038,银精矿,49.3,3819918.44,188321979.09,西南,已完成
ORD-05289,2030-04-08,CUST-017,锌精矿,396.6,17528.39,6951759.47,东北,已取消
ORD-05290,2030-04-12,CUST-045,钼精矿,80.5,290016.78,23346350.79,华南,已完成
ORD-05291,2030-04-15,CUST-004,金矿石,260.0,405330.04,105385810.40,华东,已完成
ORD-05292,2030-04-18,CUST-032,铜精矿,249.3,60397.64,15057131.65,华北,已完成
ORD-05293,2030-04-22,CUST-026,银精矿,55.0,3672477.30,201986251.50,西北,进行中
ORD-05294,2030-04-25,CUST-040,锌精矿,403.1,15919.58,6417182.70,华南,已完成
ORD-05295,2030-04-28,CUST-024,钼精矿,91.5,347785.69,31822390.64,西南,已完成
ORD-05296,2030-04-28,CUST-049,金矿石,156.4,439043.39,68666386.20,东北,已完成
ORD-05297,2030-04-28,CUST-030,铜精矿,272.9,55142.64,15048426.46,华东,已完成
ORD-05298,2030-04-28,CUST-007,银精矿,40.7,4599795.42,187211673.59,华北,已完成
ORD-05299,2030-04-28,CUST-015,锌精矿,443.9,17652.92,7836131.19,华南,已完成
ORD-05300,2030-04-28,CUST-042,钼精矿,102.1,364487.23,37214146.18,西南,已完成
ORD-05301,2029-06-05,CUST-012,金矿石,161.8,447883.97,72467626.35,华东,已完成
ORD-05302,2029-06-08,CUST-035,铜精矿,334.4,59081.15,19756736.56,华南,已完成
ORD-05303,2029-06-12,CUST-007,银精矿,38.7,4548100.20,176011477.74,华北,已完成
ORD-05304,2029-06-15,CUST-021,锌精矿,493.1,21147.46,10427812.53,西南,进行中
ORD-05305,2029-06-18,CUST-042,钼精矿,81.9,375435.20,30748142.88,华东,已完成
ORD-05306,2029-06-22,CUST-018,金矿石,209.8,380251.56,79776777.29,西北,已完成
ORD-05307,2029-06-25,CUST-003,铜精矿,185.9,53719.79,9986508.96,华南,已取消
ORD-05308,2029-07-01,CUST-029,银精矿,70.7,4009290.10,283456810.07,华东,已完成
ORD-05309,2029-07-05,CUST-015,锌精矿,440.9,21766.47,9596836.62,东北,已完成
ORD-05310,2029-07-08,CUST-037,钼精矿,107.4,313404.84,33659679.82,华北,已完成
ORD-05311,2029-07-12,CUST-008,金矿石,202.4,420260.26,85060676.62,华南,进行中
ORD-05312,2029-07-15,CUST-044,铜精矿,243.3,51079.45,12427630.19,西南,已完成
ORD-05313,2029-07-20,CUST-022,银精矿,35.2,4776434.75,168130503.20,华东,已完成
ORD-05314,2029-07-25,CUST-011,锌精矿,379.8,17216.83,6538952.03,华北,已完成
ORD-05315,2029-08-01,CUST-033,钼精矿,121.2,367065.17,44488298.60,西北,已完成
ORD-05316,2029-08-05,CUST-019,金矿石,315.7,406340.14,128281582.20,华东,已完成
ORD-05317,2029-08-08,CUST-046,铜精矿,304.6,61352.29,18687907.53,东北,已取消
ORD-05318,2029-08-12,CUST-005,银精矿,49.1,4162143.04,204361223.26,华南,已完成
ORD-05319,2029-08-15,CUST-027,锌精矿,467.0,21444.58,10014618.86,西南,已完成
ORD-05320,2029-08-18,CUST-014,钼精矿,71.5,275421.41,19692630.81,华北,进行中
ORD-05321,2029-08-22,CUST-039,金矿石,199.0,398871.22,79375372.78,华东,已完成
ORD-05322,2029-08-25,CUST-002,铜精矿,318.7,57303.85,18262736.99,华南,已完成
ORD-05323,2029-09-01,CUST-031,银精矿,37.3,4522409.42,168685871.37,西北,已完成
ORD-05324,2029-09-05,CUST-016,锌精矿,318.0,18019.68,5730258.24,华东,已完成
ORD-05325,2029-09-08,CUST-048,钼精矿,72.3,281582.26,20358397.40,东北,已完成
ORD-05326,2029-09-12,CUST-009,金矿石,223.2,384065.22,85723357.10,华北,已完成
ORD-05327,2029-09-15,CUST-025,铜精矿,347.8,51303.47,17843346.87,西南,进行中
ORD-05328,2029-09-18,CUST-041,银精矿,57.8,4078353.26,235728818.43,华南,已完成
ORD-05329,2029-09-22,CUST-006,锌精矿,480.8,20329.41,9774380.33,华东,已完成
ORD-05330,2029-09-25,CUST-034,钼精矿,107.0,360574.96,38581520.72,西北,已完成
ORD-05331,2029-10-01,CUST-020,金矿石,146.9,334074.12,49075488.23,东北,已完成
ORD-05332,2029-10-05,CUST-043,铜精矿,219.2,51807.77,11356263.18,华东,已取消
ORD-05333,2029-10-08,CUST-013,银精矿,58.3,4532288.49,264232418.97,华南,已完成
ORD-05334,2029-10-12,CUST-036,锌精矿,360.0,17452.14,6282770.40,华北,已完成
ORD-05335,2029-10-15,CUST-001,钼精矿,78.1,303537.92,23706311.55,西南,已完成
ORD-05336,2029-10-18,CUST-028,金矿石,263.8,441563.01,116484322.04,华东,进行中
ORD-05337,2029-10-22,CUST-047,铜精矿,325.7,58378.37,19013835.11,华南,已完成
ORD-05338,2029-10-25,CUST-010,银精矿,32.3,4420415.80,142779430.34,西北,已完成
ORD-05339,2029-11-01,CUST-023,锌精矿,351.4,19750.14,6940199.20,华东,已完成
ORD-05340,2029-11-05,CUST-038,钼精矿,103.4,284158.17,29381954.78,东北,已完成
ORD-05341,2029-11-08,CUST-017,金矿石,247.0,380752.81,94045944.07,华北,已完成
ORD-05342,2029-11-12,CUST-045,铜精矿,374.1,48291.29,18065771.59,西南,已完成
ORD-05343,2029-11-15,CUST-004,银精矿,48.4,4574625.04,221411851.94,华东,已完成
ORD-05344,2029-11-18,CUST-032,锌精矿,399.5,16319.89,6519796.05,华南,进行中
ORD-05345,2029-11-22,CUST-026,钼精矿,98.6,340156.15,33539396.39,华北,已完成
ORD-05346,2029-11-25,CUST-040,金矿石,209.8,452282.06,94888776.19,西南,已完成
ORD-05347,2029-12-01,CUST-024,铜精矿,310.1,56043.27,17379018.03,华东,已取消
ORD-05348,2029-12-05,CUST-049,银精矿,46.1,3705952.64,170844416.70,东北,已完成
ORD-05349,2029-12-08,CUST-030,锌精矿,348.7,20833.69,7264707.70,西北,已完成
ORD-05350,2029-12-12,CUST-007,钼精矿,78.3,324668.74,25421562.34,华南,已完成
ORD-05351,2029-12-15,CUST-015,金矿石,265.9,330237.82,87810236.34,华东,已完成
ORD-05352,2029-12-18,CUST-042,铜精矿,276.0,47546.30,13122778.80,华北,已完成
ORD-05353,2029-12-22,CUST-021,银精矿,38.5,3942708.50,151794277.25,西南,进行中
ORD-05354,2029-12-25,CUST-008,锌精矿,434.6,17618.64,7657060.94,华南,已完成
ORD-05355,2030-01-01,CUST-035,钼精矿,130.3,377230.40,49153121.12,华东,已完成
ORD-05356,2030-01-05,CUST-012,金矿石,177.5,365130.89,64810732.98,东北,已完成
ORD-05357,2030-01-08,CUST-044,铜精矿,239.6,51709.49,12389593.80,西北,已完成
ORD-05358,2030-01-12,CUST-003,银精矿,64.0,3872872.28,247863825.92,华东,已完成
ORD-05359,2030-01-15,CUST-018,锌精矿,346.7,17153.71,5947191.26,华北,已取消
ORD-05360,2030-01-18,CUST-029,钼精矿,81.1,314385.62,25496673.78,华南,已完成
ORD-05361,2030-01-22,CUST-046,金矿石,198.0,383530.06,75938951.88,西南,已完成
ORD-05362,2030-01-25,CUST-011,铜精矿,385.6,45964.35,17723853.36,华东,已完成
ORD-05363,2030-02-01,CUST-037,银精矿,57.2,3859409.96,220758249.71,华南,已完成
ORD-05364,2030-02-05,CUST-019,锌精矿,444.8,18505.66,8231317.57,西北,进行中
ORD-05365,2030-02-08,CUST-033,钼精矿,89.1,330207.47,29421485.58,东北,已完成
ORD-05366,2030-02-12,CUST-005,金矿石,224.3,441821.07,99100466.00,华北,已完成
ORD-05367,2030-02-15,CUST-027,铜精矿,228.1,46872.55,10691628.66,华东,已完成
ORD-05368,2030-02-18,CUST-048,银精矿,35.8,4970746.55,177952726.49,西南,已完成
ORD-05369,2030-02-22,CUST-014,锌精矿,473.6,17491.20,8283832.32,华南,已完成
ORD-05370,2030-02-25,CUST-039,钼精矿,128.2,269818.78,34590767.60,华东,已完成
ORD-05371,2030-03-01,CUST-002,金矿石,208.8,362709.48,75733739.42,华东,已完成
ORD-05372,2030-03-05,CUST-031,铜精矿,422.7,49579.13,20957098.25,东北,已取消
ORD-05373,2030-03-08,CUST-016,银精矿,42.1,4523584.97,190442927.24,华北,已完成
ORD-05374,2030-03-12,CUST-025,锌精矿,341.2,17311.39,5906646.27,西南,已完成
ORD-05375,2030-03-15,CUST-009,钼精矿,90.8,340119.14,30882817.91,华南,进行中
ORD-05376,2030-03-18,CUST-041,金矿石,286.2,417088.75,119370800.25,西北,已完成
ORD-05377,2030-03-22,CUST-006,铜精矿,241.7,45840.36,11079615.01,华东,已完成
ORD-05378,2030-03-25,CUST-034,银精矿,51.5,4277968.80,220315393.20,华南,已完成
ORD-05379,2030-04-01,CUST-020,锌精矿,412.2,17310.47,7135375.73,华北,已完成
ORD-05380,2030-04-05,CUST-043,钼精矿,91.5,305883.55,27988344.82,华东,已完成
ORD-05381,2030-04-08,CUST-013,金矿石,153.8,449599.00,69148326.20,东北,已完成
ORD-05382,2030-04-12,CUST-036,铜精矿,254.5,59148.28,15053237.26,西南,已完成
ORD-05383,2030-04-15,CUST-001,银精矿,62.1,4458937.54,276900021.23,华东,进行中
ORD-05384,2030-04-18,CUST-028,锌精矿,343.7,19987.84,6869820.61,华南,已完成
ORD-05385,2030-04-22,CUST-047,钼精矿,112.4,327797.22,36844407.53,西北,已完成
ORD-05386,2030-04-25,CUST-010,金矿石,222.5,443723.07,98728383.08,华北,已完成
ORD-05387,2030-05-01,CUST-023,铜精矿,358.6,61403.14,22019166.00,华东,已完成
ORD-05388,2030-05-05,CUST-038,银精矿,50.2,3720037.83,186745899.07,西南,已完成
ORD-05389,2030-05-08,CUST-017,锌精矿,342.0,19214.59,6571389.78,东北,已取消
ORD-05390,2030-05-12,CUST-045,钼精矿,82.7,335014.01,27705658.63,华南,已完成
ORD-05391,2030-05-15,CUST-004,金矿石,277.3,421404.09,116855354.16,华东,已完成
ORD-05392,2030-05-18,CUST-032,铜精矿,267.3,49009.90,13100346.27,华北,已完成
ORD-05393,2030-05-22,CUST-026,银精矿,45.1,4096453.71,184750062.32,西北,进行中
ORD-05394,2030-05-25,CUST-040,锌精矿,461.5,19655.98,9071234.77,华南,已完成
ORD-05395,2030-05-28,CUST-024,钼精矿,93.1,366320.39,34104428.31,西南,已完成
ORD-05396,2030-05-28,CUST-049,金矿石,123.0,342068.58,42074435.34,东北,已完成
ORD-05397,2030-05-28,CUST-030,铜精矿,266.9,55575.68,14833148.99,华东,已完成
ORD-05398,2030-05-28,CUST-007,银精矿,40.3,3796481.20,152998192.36,华北,已完成
ORD-05399,2030-05-28,CUST-015,锌精矿,347.3,19813.20,6881124.36,华南,已完成
ORD-05400,2030-05-28,CUST-042,钼精矿,97.9,322046.92,31528393.47,西南,已完成
ORD-05401,2029-07-05,CUST-012,金矿石,140.7,393824.20,55411064.94,华东,已完成
ORD-05402,2029-07-08,CUST-035,铜精矿,359.7,56224.01,20223776.40,华南,已完成
ORD-05403,2029-07-12,CUST-007,银精矿,52.9,3784830.00,200217507.00,华北,已完成
ORD-05404,2029-07-15,CUST-021,锌精矿,516.2,20343.43,10501278.57,西南,进行中
ORD-05405,2029-07-18,CUST-042,钼精矿,82.1,282095.36,23160029.06,华东,已完成
ORD-05406,2029-07-22,CUST-018,金矿石,200.2,338539.89,67775685.98,西北,已完成
ORD-05407,2029-07-25,CUST-003,铜精矿,212.2,53644.59,11383382.00,华南,已取消
ORD-05408,2029-08-01,CUST-029,银精矿,61.1,4202526.55,256774372.20,华东,已完成
ORD-05409,2029-08-05,CUST-015,锌精矿,492.2,20546.14,10112810.11,东北,已完成
ORD-05410,2029-08-08,CUST-037,钼精矿,82.5,361793.56,29847968.70,华北,已完成
ORD-05411,2029-08-12,CUST-008,金矿石,152.1,338481.11,51482976.83,华南,进行中
ORD-05412,2029-08-15,CUST-044,铜精矿,232.9,47345.65,11026801.88,西南,已完成
ORD-05413,2029-08-20,CUST-022,银精矿,31.3,4537589.00,142026535.70,华东,已完成
ORD-05414,2029-08-25,CUST-011,锌精矿,386.8,16091.73,6224281.16,华北,已完成
ORD-05415,2029-09-01,CUST-033,钼精矿,101.6,345458.03,35098535.85,西北,已完成
ORD-05416,2029-09-05,CUST-019,金矿石,278.4,400376.65,111464859.36,华东,已完成
ORD-05417,2029-09-08,CUST-046,铜精矿,315.1,61603.50,19411262.85,东北,已取消
ORD-05418,2029-09-12,CUST-005,银精矿,58.7,3905988.46,229281522.60,华南,已完成
ORD-05419,2029-09-15,CUST-027,锌精矿,471.9,21195.89,10002340.49,西南,已完成
ORD-05420,2029-09-18,CUST-014,钼精矿,69.2,293049.95,20279056.54,华北,进行中
ORD-05421,2029-09-22,CUST-039,金矿石,182.9,442305.40,80897657.66,华东,已完成
ORD-05422,2029-09-25,CUST-002,铜精矿,251.9,56045.05,14117748.10,华南,已完成
ORD-05423,2029-10-01,CUST-031,银精矿,44.3,4253498.36,188429977.35,西北,已完成
ORD-05424,2029-10-05,CUST-016,锌精矿,395.8,21893.48,8665439.38,华东,已完成
ORD-05425,2029-10-08,CUST-048,钼精矿,81.2,299951.87,24356091.84,东北,已完成
ORD-05426,2029-10-12,CUST-009,金矿石,211.0,354736.70,74849443.70,华北,已完成
ORD-05427,2029-10-15,CUST-025,铜精矿,342.8,58133.57,19928187.80,西南,进行中
ORD-05428,2029-10-18,CUST-041,银精矿,57.6,4511276.63,259849533.89,华南,已完成
ORD-05429,2029-10-22,CUST-006,锌精矿,486.8,19295.34,9392971.51,华东,已完成
ORD-05430,2029-10-25,CUST-034,钼精矿,89.6,309258.77,27709585.79,西北,已完成
ORD-05431,2029-11-01,CUST-020,金矿石,153.4,407916.31,62574361.95,东北,已完成
ORD-05432,2029-11-05,CUST-043,铜精矿,252.7,49953.07,12623140.79,华东,已取消
ORD-05433,2029-11-08,CUST-013,银精矿,70.2,3976301.52,279136366.70,华南,已完成
ORD-05434,2029-11-12,CUST-036,锌精矿,431.5,17618.03,7602179.94,华北,已完成
ORD-05435,2029-11-15,CUST-001,钼精矿,69.7,370623.39,25832450.28,西南,已完成
ORD-05436,2029-11-18,CUST-028,金矿石,277.0,353101.46,97809104.42,华东,进行中
ORD-05437,2029-11-22,CUST-047,铜精矿,327.0,46545.73,15220453.71,华南,已完成
ORD-05438,2029-11-25,CUST-010,银精矿,27.3,4681465.27,127804001.87,西北,已完成
ORD-05439,2029-12-01,CUST-023,锌精矿,384.4,20393.29,7839180.68,华东,已完成
ORD-05440,2029-12-05,CUST-038,钼精矿,93.7,279335.65,26173750.41,东北,已完成
ORD-05441,2029-12-08,CUST-017,金矿石,243.3,447312.66,108831170.18,华北,已完成
ORD-05442,2029-12-12,CUST-045,铜精矿,363.4,58279.89,21178912.03,西南,已完成
ORD-05443,2029-12-15,CUST-004,银精矿,48.3,4130938.72,199524340.18,华东,已完成
ORD-05444,2029-12-18,CUST-032,锌精矿,476.0,16158.39,7691393.64,华南,进行中
ORD-05445,2029-12-22,CUST-026,钼精矿,115.0,317058.09,36461680.35,华北,已完成
ORD-05446,2029-12-25,CUST-040,金矿石,176.4,338371.53,59688737.89,西南,已完成
ORD-05447,2030-01-01,CUST-024,铜精矿,250.9,53130.73,13330500.16,华东,已取消
ORD-05448,2030-01-05,CUST-049,银精矿,47.5,4745299.52,225401727.20,东北,已完成
ORD-05449,2030-01-08,CUST-030,锌精矿,454.4,19080.62,8670233.73,西北,已完成
ORD-05450,2030-01-12,CUST-007,钼精矿,78.3,342962.75,26853983.32,华南,已完成
ORD-05451,2030-01-15,CUST-015,金矿石,239.8,427840.29,102596101.54,华东,已完成
ORD-05452,2030-01-18,CUST-042,铜精矿,266.3,55397.32,14752306.32,华北,已完成
ORD-05453,2030-01-22,CUST-021,银精矿,38.7,4716975.46,182546950.30,西南,进行中
ORD-05454,2030-01-25,CUST-008,锌精矿,465.6,18460.68,8595292.61,华南,已完成
ORD-05455,2030-02-01,CUST-035,钼精矿,117.9,329129.60,38804379.84,华东,已完成
ORD-05456,2030-02-05,CUST-012,金矿石,200.1,442545.76,88553406.58,东北,已完成
ORD-05457,2030-02-08,CUST-044,铜精矿,241.3,49170.02,11864725.83,西北,已完成
ORD-05458,2030-02-12,CUST-003,银精矿,59.5,4101418.23,244034384.69,华东,已完成
ORD-05459,2030-02-15,CUST-018,锌精矿,402.3,19152.95,7705231.79,华北,已取消
ORD-05460,2030-02-18,CUST-029,钼精矿,73.9,272627.40,20147164.86,华南,已完成
ORD-05461,2030-02-22,CUST-046,金矿石,207.3,409424.75,84873750.68,西南,已完成
ORD-05462,2030-02-25,CUST-011,铜精矿,361.5,59185.76,21395652.24,华东,已完成
ORD-05463,2030-03-01,CUST-037,银精矿,56.8,4300758.39,244283076.55,华南,已完成
ORD-05464,2030-03-05,CUST-019,锌精矿,528.7,18468.82,9764465.13,西北,进行中
ORD-05465,2030-03-08,CUST-033,钼精矿,109.5,366940.60,40179995.70,东北,已完成
ORD-05466,2030-03-12,CUST-005,金矿石,233.3,406963.09,94944488.90,华北,已完成
ORD-05467,2030-03-15,CUST-027,铜精矿,199.4,51433.85,10255909.69,华东,已完成
ORD-05468,2030-03-18,CUST-048,银精矿,36.5,4133753.85,150882015.53,西南,已完成
ORD-05469,2030-03-22,CUST-014,锌精矿,386.7,15856.65,6131766.55,华南,已完成
ORD-05470,2030-03-25,CUST-039,钼精矿,104.8,324370.41,33994018.97,华东,已完成
ORD-05471,2030-04-01,CUST-002,金矿石,220.9,367941.88,81278361.29,华东,已完成
ORD-05472,2030-04-05,CUST-031,铜精矿,398.5,47811.43,19052854.86,东北,已取消
ORD-05473,2030-04-08,CUST-016,银精矿,50.8,4244874.40,215639619.52,华北,已完成
ORD-05474,2030-04-12,CUST-025,锌精矿,345.1,17479.96,6032334.20,西南,已完成
ORD-05475,2030-04-15,CUST-009,钼精矿,91.0,366140.05,33318744.55,华南,进行中
ORD-05476,2030-04-18,CUST-041,金矿石,241.0,362173.07,87283709.87,西北,已完成
ORD-05477,2030-04-22,CUST-006,铜精矿,263.8,49560.97,13074183.89,华东,已完成
ORD-05478,2030-04-25,CUST-034,银精矿,61.1,3870900.60,236512026.66,华南,已完成
ORD-05479,2030-05-01,CUST-020,锌精矿,426.3,18290.32,7797163.42,华北,已完成
ORD-05480,2030-05-05,CUST-043,钼精矿,77.9,351463.10,27378975.49,华东,已完成
ORD-05481,2030-05-08,CUST-013,金矿石,195.3,459021.02,89646805.21,东北,已完成
ORD-05482,2030-05-12,CUST-036,铜精矿,301.9,58344.20,17614113.98,西南,已完成
ORD-05483,2030-05-15,CUST-001,银精矿,62.7,3735957.87,234244558.45,华东,进行中
ORD-05484,2030-05-18,CUST-028,锌精矿,394.0,19064.04,7511231.76,华南,已完成
ORD-05485,2030-05-22,CUST-047,钼精矿,123.3,323309.40,39864049.02,西北,已完成
ORD-05486,2030-05-25,CUST-010,金矿石,208.4,352090.47,73375653.95,华北,已完成
ORD-05487,2030-06-01,CUST-023,铜精矿,344.3,54365.09,18717900.49,华东,已完成
ORD-05488,2030-06-05,CUST-038,银精矿,46.0,4316659.84,198566352.64,西南,已完成
ORD-05489,2030-06-08,CUST-017,锌精矿,462.2,17709.34,8185256.95,东北,已取消
ORD-05490,2030-06-12,CUST-045,钼精矿,92.3,299304.46,27625801.66,华南,已完成
ORD-05491,2030-06-15,CUST-004,金矿石,300.7,429240.35,129072573.24,华东,已完成
ORD-05492,2030-06-18,CUST-032,铜精矿,298.6,46973.50,14026287.10,华北,已完成
ORD-05493,2030-06-22,CUST-026,银精矿,50.9,3641927.88,185374129.09,西北,进行中
ORD-05494,2030-06-25,CUST-040,锌精矿,475.4,19128.54,9093707.92,华南,已完成
ORD-05495,2030-06-28,CUST-024,钼精矿,112.9,338041.61,38164897.77,西南,已完成
ORD-05496,2030-06-28,CUST-049,金矿石,164.1,351064.37,57609663.12,东北,已完成
ORD-05497,2030-06-28,CUST-030,铜精矿,264.1,57692.17,15236502.10,华东,已完成
ORD-05498,2030-06-28,CUST-007,银精矿,31.7,4735436.30,150113330.71,华北,已完成
ORD-05499,2030-06-28,CUST-015,锌精矿,340.7,20408.82,6953284.97,华南,已完成
ORD-05500,2030-06-28,CUST-042,钼精矿,108.9,363992.37,39638769.09,西南,已完成
ORD-05501,2029-08-05,CUST-012,金矿石,156.8,452076.62,70885614.02,华东,已完成
ORD-05502,2029-08-08,CUST-035,铜精矿,299.5,48191.42,14433330.29,华南,已完成
ORD-05503,2029-08-12,CUST-007,银精矿,50.1,4790650.20,240011575.02,华北,已完成
ORD-05504,2029-08-15,CUST-021,锌精矿,480.1,17749.42,8521496.54,西南,进行中
ORD-05505,2029-08-18,CUST-042,钼精矿,92.4,329668.16,30461337.98,华东,已完成
ORD-05506,2029-08-22,CUST-018,金矿石,226.0,432735.42,97798204.92,西北,已完成
ORD-05507,2029-08-25,CUST-003,铜精矿,165.2,46496.42,7681208.58,华南,已取消
ORD-05508,2029-09-01,CUST-029,银精矿,63.5,4795109.20,304489434.20,华东,已完成
ORD-05509,2029-09-05,CUST-015,锌精矿,398.0,18318.29,7290679.42,东北,已完成
ORD-05510,2029-09-08,CUST-037,钼精矿,108.1,279537.93,30218050.23,华北,已完成
ORD-05511,2029-09-12,CUST-008,金矿石,168.2,400875.00,67427175.00,华南,进行中
ORD-05512,2029-09-15,CUST-044,铜精矿,227.8,60328.13,13742748.01,西南,已完成
ORD-05513,2029-09-20,CUST-022,银精矿,41.0,4022731.25,164931981.25,华东,已完成
ORD-05514,2029-09-25,CUST-011,锌精矿,355.0,21143.92,7506091.60,华北,已完成
ORD-05515,2029-10-01,CUST-033,钼精矿,117.9,298539.35,35197789.37,西北,已完成
ORD-05516,2029-10-05,CUST-019,金矿石,266.2,406262.53,108147085.49,华东,已完成
ORD-05517,2029-10-08,CUST-046,铜精矿,317.4,50226.17,15941786.36,东北,已取消
ORD-05518,2029-10-12,CUST-005,银精矿,52.1,4904536.12,255526331.85,华南,已完成
ORD-05519,2029-10-15,CUST-027,锌精矿,474.1,17153.27,8132365.31,西南,已完成
ORD-05520,2029-10-18,CUST-014,钼精矿,78.0,329167.72,25675082.16,华北,进行中
ORD-05521,2029-10-22,CUST-039,金矿石,189.7,361503.28,68577172.22,华东,已完成
ORD-05522,2029-10-25,CUST-002,铜精矿,290.1,57780.53,16762131.75,华南,已完成
ORD-05523,2029-11-01,CUST-031,银精矿,46.9,4969991.06,233092580.71,西北,已完成
ORD-05524,2029-11-05,CUST-016,锌精矿,370.8,18864.17,6994834.24,华东,已完成
ORD-05525,2029-11-08,CUST-048,钼精矿,78.3,350239.35,27423741.10,东北,已完成
ORD-05526,2029-11-12,CUST-009,金矿石,190.2,425019.35,80838680.37,华北,已完成
ORD-05527,2029-11-15,CUST-025,铜精矿,304.0,54759.00,16646736.00,西南,进行中
ORD-05528,2029-11-18,CUST-041,银精矿,51.5,4917099.08,253230602.62,华南,已完成
ORD-05529,2029-11-22,CUST-006,锌精矿,498.1,15735.33,7837767.87,华东,已完成
ORD-05530,2029-11-25,CUST-034,钼精矿,115.5,359886.71,41566915.01,西北,已完成
ORD-05531,2029-12-01,CUST-020,金矿石,184.5,439417.38,81072506.61,东北,已完成
ORD-05532,2029-12-05,CUST-043,铜精矿,262.2,51223.16,13430712.55,华东,已取消
ORD-05533,2029-12-08,CUST-013,银精矿,57.3,4571652.87,261955709.45,华南,已完成
ORD-05534,2029-12-12,CUST-036,锌精矿,366.7,17201.16,6307665.37,华北,已完成
ORD-05535,2029-12-15,CUST-001,钼精矿,85.9,354108.90,30417954.51,西南,已完成
ORD-05536,2029-12-18,CUST-028,金矿石,259.9,418971.01,108890565.50,华东,进行中
ORD-05537,2029-12-22,CUST-047,铜精矿,252.9,56290.98,14235988.84,华南,已完成
ORD-05538,2029-12-25,CUST-010,银精矿,26.2,4613528.50,120874446.70,西北,已完成
ORD-05539,2030-01-01,CUST-023,锌精矿,371.8,17070.48,6346804.46,华东,已完成
ORD-05540,2030-01-05,CUST-038,钼精矿,103.7,320583.37,33244495.47,东北,已完成
ORD-05541,2030-01-08,CUST-017,金矿石,230.4,415592.43,95752495.87,华北,已完成
ORD-05542,2030-01-12,CUST-045,铜精矿,342.9,46470.28,15934659.01,西南,已完成
ORD-05543,2030-01-15,CUST-004,银精矿,54.4,4783665.52,260231404.29,华东,已完成
ORD-05544,2030-01-18,CUST-032,锌精矿,432.8,15944.92,6900961.38,华南,进行中
ORD-05545,2030-01-22,CUST-026,钼精矿,107.2,377697.14,40489133.41,华北,已完成
ORD-05546,2030-01-25,CUST-040,金矿石,192.8,415850.45,80175966.76,西南,已完成
ORD-05547,2030-02-01,CUST-024,铜精矿,260.2,56770.09,14771577.42,华东,已取消
ORD-05548,2030-02-05,CUST-049,银精矿,48.7,4263034.88,207609798.66,东北,已完成
ORD-05549,2030-02-08,CUST-030,锌精矿,438.3,21479.21,9414337.74,西北,已完成
ORD-05550,2030-02-12,CUST-007,钼精矿,88.4,332431.13,29386911.89,华南,已完成
ORD-05551,2030-02-15,CUST-015,金矿石,266.4,456878.72,121712491.01,华东,已完成
ORD-05552,2030-02-18,CUST-042,铜精矿,265.1,45911.17,12171051.17,华北,已完成
ORD-05553,2030-02-22,CUST-021,银精矿,42.4,4886558.33,207190073.19,西南,进行中
ORD-05554,2030-02-25,CUST-008,锌精矿,383.5,17899.93,6864623.16,华南,已完成
ORD-05555,2030-03-01,CUST-035,钼精矿,130.2,365551.04,47594745.41,华东,已完成
ORD-05556,2030-03-05,CUST-012,金矿石,183.5,360464.36,66145210.06,东北,已完成
ORD-05557,2030-03-08,CUST-044,铜精矿,250.5,50347.67,12612091.33,西北,已完成
ORD-05558,2030-03-12,CUST-003,银精矿,58.7,3962514.47,232599599.39,华东,已完成
ORD-05559,2030-03-15,CUST-018,锌精矿,338.2,21479.88,7264495.42,华北,已取消
ORD-05560,2030-03-18,CUST-029,钼精矿,70.5,297926.17,21003794.98,华南,已完成
ORD-05561,2030-03-22,CUST-046,金矿石,172.7,344886.24,59561853.65,西南,已完成
ORD-05562,2030-03-25,CUST-011,铜精矿,300.9,61129.82,18393962.84,华东,已完成
ORD-05563,2030-04-01,CUST-037,银精矿,48.1,4927381.37,237007043.90,华南,已完成
ORD-05564,2030-04-05,CUST-019,锌精矿,507.7,16704.83,8481042.19,西北,进行中
ORD-05565,2030-04-08,CUST-033,钼精矿,97.0,330829.52,32090463.44,东北,已完成
ORD-05566,2030-04-12,CUST-005,金矿石,251.9,394063.70,99264646.03,华北,已完成
ORD-05567,2030-04-15,CUST-027,铜精矿,190.0,46470.23,8829343.70,华东,已完成
ORD-05568,2030-04-18,CUST-048,银精矿,33.0,4968789.98,163970069.34,西南,已完成
ORD-05569,2030-04-22,CUST-014,锌精矿,365.7,21116.30,7722230.91,华南,已完成
ORD-05570,2030-04-25,CUST-039,钼精矿,127.7,360038.37,45976899.85,华东,已完成
ORD-05571,2030-05-01,CUST-002,金矿石,190.6,411467.67,78425737.90,华东,已完成
ORD-05572,2030-05-05,CUST-031,铜精矿,353.9,61782.38,21864784.28,东北,已取消
ORD-05573,2030-05-08,CUST-016,银精矿,51.1,4029741.62,205919796.78,华北,已完成
ORD-05574,2030-05-12,CUST-025,锌精矿,307.7,20808.55,6402790.83,西南,已完成
ORD-05575,2030-05-15,CUST-009,钼精矿,88.9,296761.60,26382106.24,华南,进行中
ORD-05576,2030-05-18,CUST-041,金矿石,285.7,374314.51,106941655.51,西北,已完成
ORD-05577,2030-05-22,CUST-006,铜精矿,259.9,60065.55,15611036.45,华东,已完成
ORD-05578,2030-05-25,CUST-034,银精矿,51.6,4224469.20,217982610.72,华南,已完成
ORD-05579,2030-06-01,CUST-020,锌精矿,402.3,21128.54,8500011.64,华北,已完成
ORD-05580,2030-06-05,CUST-043,钼精矿,88.6,304302.02,26961158.97,华东,已完成
ORD-05581,2030-06-08,CUST-013,金矿石,196.4,463529.48,91037189.87,东北,已完成
ORD-05582,2030-06-12,CUST-036,铜精矿,275.9,49558.14,13673090.83,西南,已完成
ORD-05583,2030-06-15,CUST-001,银精矿,57.2,4568040.49,261291916.03,华东,进行中
ORD-05584,2030-06-18,CUST-028,锌精矿,399.2,21028.58,8394609.14,华南,已完成
ORD-05585,2030-06-22,CUST-047,钼精矿,114.1,348018.93,39708959.91,西北,已完成
ORD-05586,2030-06-25,CUST-010,金矿石,229.6,414494.22,95167872.91,华北,已完成
ORD-05587,2030-07-01,CUST-023,铜精矿,334.7,49060.46,16420535.96,华东,已完成
ORD-05588,2030-07-05,CUST-038,银精矿,37.9,4770395.16,180797976.56,西南,已完成
ORD-05589,2030-07-08,CUST-017,锌精矿,433.8,20745.94,8999588.77,东北,已取消
ORD-05590,2030-07-12,CUST-045,钼精矿,81.2,365823.51,29704869.01,华南,已完成
ORD-05591,2030-07-15,CUST-004,金矿石,288.5,412984.97,119146163.84,华东,已完成
ORD-05592,2030-07-18,CUST-032,铜精矿,298.3,55206.45,16468084.04,华北,已完成
ORD-05593,2030-07-22,CUST-026,银精矿,45.6,3964623.33,180786823.85,西北,进行中
ORD-05594,2030-07-25,CUST-040,锌精矿,477.1,16099.91,7681267.06,华南,已完成
ORD-05595,2030-07-28,CUST-024,钼精矿,90.9,334447.83,30401307.75,西南,已完成
ORD-05596,2030-07-28,CUST-049,金矿石,126.4,416977.03,52705896.59,东北,已完成
ORD-05597,2030-07-28,CUST-030,铜精矿,326.4,60852.11,19862128.70,华东,已完成
ORD-05598,2030-07-28,CUST-007,银精矿,40.3,4451095.93,179379165.98,华北,已完成
ORD-05599,2030-07-28,CUST-015,锌精矿,446.3,21716.99,9692292.64,华南,已完成
ORD-05600,2030-07-28,CUST-042,钼精矿,94.1,336355.06,31651011.15,西南,已完成
ORD-05601,2029-09-05,CUST-012,金矿石,129.6,380636.41,49330478.74,华东,已完成
ORD-05602,2029-09-08,CUST-035,铜精矿,298.3,58911.27,17573231.84,华南,已完成
ORD-05603,2029-09-12,CUST-007,银精矿,50.0,4660504.80,233025240.00,华北,已完成
ORD-05604,2029-09-15,CUST-021,锌精矿,513.6,18684.09,9596148.62,西南,进行中
ORD-05605,2029-09-18,CUST-042,钼精矿,92.8,358824.32,33298896.90,华东,已完成
ORD-05606,2029-09-22,CUST-018,金矿石,209.9,443533.35,93097650.16,西北,已完成
ORD-05607,2029-09-25,CUST-003,铜精矿,179.8,48995.74,8809434.05,华南,已取消
ORD-05608,2029-10-01,CUST-029,银精矿,60.2,4020930.85,242060037.17,华东,已完成
ORD-05609,2029-10-05,CUST-015,锌精矿,440.7,18472.77,8140949.74,东北,已完成
ORD-05610,2029-10-08,CUST-037,钼精矿,81.3,319527.49,25977584.94,华北,已完成
ORD-05611,2029-10-12,CUST-008,金矿石,166.4,337431.18,56148548.35,华南,进行中
ORD-05612,2029-10-15,CUST-044,铜精矿,226.1,46669.25,10551917.42,西南,已完成
ORD-05613,2029-10-20,CUST-022,银精矿,39.6,4059897.50,160771941.00,华东,已完成
ORD-05614,2029-10-25,CUST-011,锌精矿,360.7,21246.43,7663587.30,华北,已完成
ORD-05615,2029-11-01,CUST-033,钼精矿,100.8,310680.91,31316635.73,西北,已完成
ORD-05616,2029-11-05,CUST-019,金矿石,297.3,381774.68,113501612.36,华东,已完成
ORD-05617,2029-11-08,CUST-046,铜精矿,372.0,60525.88,22515627.36,东北,已取消
ORD-05618,2029-11-12,CUST-005,银精矿,45.2,4291944.58,193995895.02,华南,已完成
ORD-05619,2029-11-15,CUST-027,锌精矿,461.1,20454.13,9431399.34,西南,已完成
ORD-05620,2029-11-18,CUST-014,钼精矿,75.9,339315.55,25754050.25,华北,进行中
ORD-05621,2029-11-22,CUST-039,金矿石,216.2,434566.17,93953205.95,华东,已完成
ORD-05622,2029-11-25,CUST-002,铜精矿,332.6,58047.13,19306475.44,华南,已完成
ORD-05623,2029-12-01,CUST-031,银精矿,39.9,4337889.92,173081807.81,西北,已完成
ORD-05624,2029-12-05,CUST-016,锌精矿,348.9,20248.16,7064583.02,华东,已完成
ORD-05625,2029-12-08,CUST-048,钼精矿,81.8,313447.49,25640004.68,东北,已完成
ORD-05626,2029-12-12,CUST-009,金矿石,244.0,412929.23,100754732.12,华北,已完成
ORD-05627,2029-12-15,CUST-025,铜精矿,319.0,59673.58,19035872.02,西南,进行中
ORD-05628,2029-12-18,CUST-041,银精矿,48.4,3726179.57,180347091.19,华南,已完成
ORD-05629,2029-12-22,CUST-006,锌精矿,495.5,16887.19,8367602.64,华东,已完成
ORD-05630,2029-12-25,CUST-034,钼精矿,88.9,338603.16,30101820.92,西北,已完成
ORD-05631,2030-01-01,CUST-020,金矿石,149.2,346748.43,51734865.76,东北,已完成
ORD-05632,2030-01-05,CUST-043,铜精矿,207.0,53320.59,11037362.13,华东,已取消
ORD-05633,2030-01-08,CUST-013,银精矿,71.9,4119520.86,296193549.83,华南,已完成
ORD-05634,2030-01-12,CUST-036,锌精矿,438.2,19144.73,8389220.69,华北,已完成
ORD-05635,2030-01-15,CUST-001,钼精矿,73.7,297552.88,21929647.26,西南,已完成
ORD-05636,2030-01-18,CUST-028,金矿石,294.6,339017.13,99874446.50,华东,进行中
ORD-05637,2030-01-22,CUST-047,铜精矿,248.1,55553.94,13782932.51,华南,已完成
ORD-05638,2030-01-25,CUST-010,银精矿,31.2,4896806.77,152780371.22,西北,已完成
ORD-05639,2030-02-01,CUST-023,锌精矿,391.8,18983.91,7437895.94,华东,已完成
ORD-05640,2030-02-05,CUST-038,钼精矿,87.6,335594.90,29398113.24,东北,已完成
ORD-05641,2030-02-08,CUST-017,金矿石,230.0,431933.93,99344803.90,华北,已完成
ORD-05642,2030-02-12,CUST-045,铜精矿,338.8,54587.39,18494207.73,西南,已完成
ORD-05643,2030-02-15,CUST-004,银精矿,55.0,4943314.24,271882283.20,华东,已完成
ORD-05644,2030-02-18,CUST-032,锌精矿,362.2,20436.43,7402074.95,华南,进行中
ORD-05645,2030-02-22,CUST-026,钼精矿,95.8,377281.44,36143561.95,华北,已完成
ORD-05646,2030-02-25,CUST-040,金矿石,179.4,356860.38,64020752.17,西南,已完成
ORD-05647,2030-03-01,CUST-024,铜精矿,285.5,58099.08,16587287.34,华东,已取消
ORD-05648,2030-03-05,CUST-049,银精矿,47.7,3899929.28,186026626.66,东北,已完成
ORD-05649,2030-03-08,CUST-030,锌精矿,396.3,16485.24,6533100.61,西北,已完成
ORD-05650,2030-03-12,CUST-007,钼精矿,92.4,373563.25,34517244.30,华南,已完成
ORD-05651,2030-03-15,CUST-015,金矿石,249.9,434994.13,108705033.09,华东,已完成
ORD-05652,2030-03-18,CUST-042,铜精矿,255.6,59844.44,15296238.86,华北,已完成
ORD-05653,2030-03-22,CUST-021,银精矿,43.9,3753744.73,164789393.65,西南,进行中
ORD-05654,2030-03-25,CUST-008,锌精矿,378.5,20407.78,7724344.73,华南,已完成
ORD-05655,2030-04-01,CUST-035,钼精矿,127.9,357324.80,45701841.92,华东,已完成
ORD-05656,2030-04-05,CUST-012,金矿石,152.2,371661.42,56566868.12,东北,已完成
ORD-05657,2030-04-08,CUST-044,铜精矿,243.3,52579.64,12792626.41,西北,已完成
ORD-05658,2030-04-12,CUST-003,银精矿,50.2,4536307.75,227722649.05,华东,已完成
ORD-05659,2030-04-15,CUST-018,锌精矿,356.2,17740.91,6319312.14,华北,已取消
ORD-05660,2030-04-18,CUST-029,钼精矿,70.6,349164.86,24651039.12,华南,已完成
ORD-05661,2030-04-22,CUST-046,金矿石,178.1,390831.73,69607131.11,西南,已完成
ORD-05662,2030-04-25,CUST-011,铜精矿,296.0,57250.57,16946168.72,华东,已完成
ORD-05663,2030-05-01,CUST-037,银精矿,45.0,4847958.12,218158115.40,华南,已完成
ORD-05664,2030-05-05,CUST-019,锌精矿,490.1,18392.73,9014276.97,西北,进行中
ORD-05665,2030-05-08,CUST-033,钼精矿,91.9,304328.05,27967747.80,东北,已完成
ORD-05666,2030-05-12,CUST-005,金矿石,251.2,460751.34,115740736.61,华北,已完成
ORD-05667,2030-05-15,CUST-027,铜精矿,230.9,58197.58,13437821.22,华东,已完成
ORD-05668,2030-05-18,CUST-048,银精矿,29.7,4368821.76,129754006.27,西南,已完成
ORD-05669,2030-05-22,CUST-014,锌精矿,455.5,19020.17,8663687.43,华南,已完成
ORD-05670,2030-05-25,CUST-039,钼精矿,104.5,332538.00,34750221.00,华东,已完成
ORD-05671,2030-06-01,CUST-002,金矿石,210.1,341456.90,71740094.69,华东,已完成
ORD-05672,2030-06-05,CUST-031,铜精矿,331.0,56032.53,18546767.43,东北,已取消
ORD-05673,2030-06-08,CUST-016,银精矿,42.1,4751544.85,200040038.19,华北,已完成
ORD-05674,2030-06-12,CUST-025,锌精矿,327.8,16622.78,5448947.28,西南,已完成
ORD-05675,2030-06-15,CUST-009,钼精矿,87.3,315375.33,27532266.31,华南,进行中
ORD-05676,2030-06-18,CUST-041,金矿石,244.9,366146.63,89669309.69,西北,已完成
ORD-05677,2030-06-22,CUST-006,铜精矿,257.0,54795.38,14082412.66,华东,已完成
ORD-05678,2030-06-25,CUST-034,银精矿,57.4,4895154.60,280981874.04,华南,已完成
ORD-05679,2030-07-01,CUST-020,锌精矿,447.1,21043.68,9408629.33,华北,已完成
ORD-05680,2030-07-05,CUST-043,钼精矿,76.8,306273.66,23521817.09,华东,已完成
ORD-05681,2030-07-08,CUST-013,金矿石,175.4,466783.42,81873811.87,东北,已完成
ORD-05682,2030-07-12,CUST-036,铜精矿,318.5,58866.42,18748954.77,西南,已完成
ORD-05683,2030-07-15,CUST-001,银精矿,62.1,4498021.26,279327120.25,华东,进行中
ORD-05684,2030-07-18,CUST-028,锌精矿,318.6,17461.48,5563227.53,华南,已完成
ORD-05685,2030-07-22,CUST-047,钼精矿,125.4,334704.01,41971882.85,西北,已完成
ORD-05686,2030-07-25,CUST-010,金矿石,203.4,386820.63,78679316.14,华北,已完成
ORD-05687,2030-08-01,CUST-023,铜精矿,293.4,52606.90,15434864.46,华东,已完成
ORD-05688,2030-08-05,CUST-038,银精矿,37.5,4072631.77,152723691.38,西南,已完成
ORD-05689,2030-08-08,CUST-017,锌精矿,444.9,20615.40,9171791.46,东北,已取消
ORD-05690,2030-08-12,CUST-045,钼精矿,90.4,276736.46,25016975.98,华南,已完成
ORD-05691,2030-08-15,CUST-004,金矿石,237.7,439161.97,104388800.27,华东,已完成
ORD-05692,2030-08-18,CUST-032,铜精矿,310.4,58239.64,18077584.26,华北,已完成
ORD-05693,2030-08-22,CUST-026,银精矿,52.3,4721065.50,246911725.65,西北,进行中
ORD-05694,2030-08-25,CUST-040,锌精矿,361.1,21234.61,7667817.67,华南,已完成
ORD-05695,2030-08-28,CUST-024,钼精矿,108.3,373727.98,40474740.23,西南,已完成
ORD-05696,2030-08-28,CUST-049,金矿石,158.3,445240.20,70481523.66,东北,已完成
ORD-05697,2030-08-28,CUST-030,铜精矿,343.3,59309.53,20360961.65,华东,已完成
ORD-05698,2030-08-28,CUST-007,银精矿,35.7,4737402.12,169125255.68,华北,已完成
ORD-05699,2030-08-28,CUST-015,锌精矿,433.5,18125.50,7857404.25,华南,已完成
ORD-05700,2030-08-28,CUST-042,钼精矿,106.8,327867.00,35016195.60,西南,已完成
ORD-05701,2029-10-05,CUST-012,金矿石,139.5,413885.39,57737011.91,华东,已完成
ORD-05702,2029-10-08,CUST-035,铜精矿,282.3,46677.90,13177171.17,华南,已完成
ORD-05703,2029-10-12,CUST-007,银精矿,52.8,4298065.80,226937874.24,华北,已完成
ORD-05704,2029-10-15,CUST-021,锌精矿,549.6,15855.65,8714265.24,西南,进行中
ORD-05705,2029-10-18,CUST-042,钼精矿,85.2,347768.00,29629833.60,华东,已完成
ORD-05706,2029-10-22,CUST-018,金矿石,203.5,377934.96,76909764.36,西北,已完成
ORD-05707,2029-10-25,CUST-003,铜精矿,165.3,47696.24,7884188.47,华南,已取消
ORD-05708,2029-11-01,CUST-029,银精矿,63.6,3945197.50,250914561.00,华东,已完成
ORD-05709,2029-11-05,CUST-015,锌精矿,392.0,20999.66,8231866.72,东北,已完成
ORD-05710,2029-11-08,CUST-037,钼精矿,90.3,295982.82,26727248.65,华北,已完成
ORD-05711,2029-11-12,CUST-008,金矿石,188.2,385074.87,72471090.53,华南,进行中
ORD-05712,2029-11-15,CUST-044,铜精矿,224.8,54893.13,12339975.62,西南,已完成
ORD-05713,2029-11-20,CUST-022,银精矿,32.6,3901835.75,127199845.45,华东,已完成
ORD-05714,2029-11-25,CUST-011,锌精矿,399.7,18805.34,7516494.40,华北,已完成
ORD-05715,2029-12-01,CUST-033,钼精矿,129.4,315980.38,40887861.17,西北,已完成
ORD-05716,2029-12-05,CUST-019,金矿石,297.3,456583.57,135742295.36,华东,已完成
ORD-05717,2029-12-08,CUST-046,铜精矿,323.3,46487.44,15029389.35,东北,已取消
ORD-05718,2029-12-12,CUST-005,银精矿,47.7,4365742.48,208245916.30,华南,已完成
ORD-05719,2029-12-15,CUST-027,锌精矿,432.9,18129.52,7848269.21,西南,已完成
ORD-05720,2029-12-18,CUST-014,钼精矿,74.3,338199.82,25128246.63,华北,进行中
ORD-05721,2029-12-22,CUST-039,金矿石,161.6,430594.39,69584053.42,华东,已完成
ORD-05722,2029-12-25,CUST-002,铜精矿,284.0,51618.94,14659778.96,华南,已完成
ORD-05723,2030-01-01,CUST-031,银精矿,46.7,3621675.74,169132257.06,西北,已完成
ORD-05724,2030-01-05,CUST-016,锌精矿,379.9,19035.06,7231419.29,华东,已完成
ORD-05725,2030-01-08,CUST-048,钼精矿,92.0,322132.26,29636167.92,东北,已完成
ORD-05726,2030-01-12,CUST-009,金矿石,248.2,398568.20,98924627.24,华北,已完成
ORD-05727,2030-01-15,CUST-025,铜精矿,358.2,57814.89,20709293.60,西南,进行中
ORD-05728,2030-01-18,CUST-041,银精矿,57.3,3596620.58,206086359.23,华南,已完成
ORD-05729,2030-01-22,CUST-006,锌精矿,477.4,15823.98,7554368.05,华东,已完成
ORD-05730,2030-01-25,CUST-034,钼精矿,93.3,294961.98,27519952.73,西北,已完成
ORD-05731,2030-02-01,CUST-020,金矿石,171.9,344621.19,59240382.56,东北,已完成
ORD-05732,2030-02-05,CUST-043,铜精矿,226.9,55438.54,12579004.73,华东,已取消
ORD-05733,2030-02-08,CUST-013,银精矿,60.2,4192247.25,252373284.45,华南,已完成
ORD-05734,2030-02-12,CUST-036,锌精矿,451.4,17523.15,7909949.91,华北,已完成
ORD-05735,2030-02-15,CUST-001,钼精矿,88.1,287139.96,25297030.48,西南,已完成
ORD-05736,2030-02-18,CUST-028,金矿石,285.0,386211.32,110070226.20,华东,进行中
ORD-05737,2030-02-22,CUST-047,铜精矿,297.3,50941.81,15145000.11,华南,已完成
ORD-05738,2030-02-25,CUST-010,银精矿,29.4,3612954.64,106220866.42,西北,已完成
ORD-05739,2030-03-01,CUST-023,锌精矿,355.5,19718.14,7009798.77,华东,已完成
ORD-05740,2030-03-05,CUST-038,钼精矿,92.3,278927.67,25745023.94,东北,已完成
ORD-05741,2030-03-08,CUST-017,金矿石,195.3,449507.78,87788869.43,华北,已完成
ORD-05742,2030-03-12,CUST-045,铜精矿,321.6,56537.99,18182617.58,西南,已完成
ORD-05743,2030-03-15,CUST-004,银精矿,55.3,4011027.28,221809808.58,华东,已完成
ORD-05744,2030-03-18,CUST-032,锌精矿,354.9,17837.06,6330372.59,华南,进行中
ORD-05745,2030-03-22,CUST-026,钼精矿,111.9,290911.57,32553004.68,华北,已完成
ORD-05746,2030-03-25,CUST-040,金矿石,211.9,426642.11,90405463.11,西南,已完成
ORD-05747,2030-04-01,CUST-024,铜精矿,279.8,55109.29,15419579.34,华东,已取消
ORD-05748,2030-04-05,CUST-049,银精矿,44.6,4711391.36,210128054.66,东北,已完成
ORD-05749,2030-04-08,CUST-030,锌精矿,360.6,17692.10,6379771.26,西北,已完成
ORD-05750,2030-04-12,CUST-007,钼精矿,83.6,318381.84,26616721.82,华南,已完成
ORD-05751,2030-04-15,CUST-015,金矿石,268.8,416032.61,111829565.57,华东,已完成
ORD-05752,2030-04-18,CUST-042,铜精矿,276.6,61384.09,16978839.29,华北,已完成
ORD-05753,2030-04-22,CUST-021,银精矿,39.8,4448273.12,177041270.18,西南,进行中
ORD-05754,2030-04-25,CUST-008,锌精矿,450.7,19262.54,8681626.78,华南,已完成
ORD-05755,2030-05-01,CUST-035,钼精矿,108.3,362319.68,39239221.34,华东,已完成
ORD-05756,2030-05-05,CUST-012,金矿石,199.1,414298.91,82486912.98,东北,已完成
ORD-05757,2030-05-08,CUST-044,铜精矿,290.8,56028.11,16292974.39,西北,已完成
ORD-05758,2030-05-12,CUST-003,银精矿,62.9,4941362.78,310811718.86,华东,已完成
ORD-05759,2030-05-15,CUST-018,锌精矿,376.0,19507.53,7334831.28,华北,已取消
ORD-05760,2030-05-18,CUST-029,钼精矿,77.3,355965.16,27516106.87,华南,已完成
ORD-05761,2030-05-22,CUST-046,金矿石,225.8,370077.61,83563524.34,西南,已完成
ORD-05762,2030-05-25,CUST-011,铜精矿,314.8,53655.39,16890716.77,华东,已完成
ORD-05763,2030-06-01,CUST-037,银精矿,54.3,4733482.93,257028123.10,华南,已完成
ORD-05764,2030-06-05,CUST-019,锌精矿,538.8,17508.01,9433315.79,西北,进行中
ORD-05765,2030-06-08,CUST-033,钼精矿,113.4,370147.37,41974711.76,东北,已完成
ORD-05766,2030-06-12,CUST-005,金矿石,246.9,379398.87,93673581.00,华北,已完成
ORD-05767,2030-06-15,CUST-027,铜精矿,235.6,49602.79,11686417.32,华东,已完成
ORD-05768,2030-06-18,CUST-048,银精矿,30.2,4978013.81,150336017.06,西南,已完成
ORD-05769,2030-06-22,CUST-014,锌精矿,455.2,19114.09,8700733.77,华南,已完成
ORD-05770,2030-06-25,CUST-039,钼精矿,122.7,358346.36,43969098.37,华东,已完成
ORD-05771,2030-07-01,CUST-002,金矿石,199.4,447203.01,89172280.19,华东,已完成
ORD-05772,2030-07-05,CUST-031,铜精矿,358.6,56382.55,20218782.43,东北,已取消
ORD-05773,2030-07-08,CUST-016,银精矿,54.5,4415948.88,240669213.96,华北,已完成
ORD-05774,2030-07-12,CUST-025,锌精矿,397.6,21364.67,8494592.79,西南,已完成
ORD-05775,2030-07-15,CUST-009,钼精矿,96.4,377282.75,36370057.10,华南,进行中
ORD-05776,2030-07-18,CUST-041,金矿石,255.6,375794.86,96053166.22,西北,已完成
ORD-05777,2030-07-22,CUST-006,铜精矿,265.4,46855.23,12435378.04,华东,已完成
ORD-05778,2030-07-25,CUST-034,银精矿,50.2,3760713.60,188787822.72,华南,已完成
ORD-05779,2030-08-01,CUST-020,锌精矿,419.5,15764.68,6613283.26,华北,已完成
ORD-05780,2030-08-05,CUST-043,钼精矿,88.8,279693.49,24836781.91,华东,已完成
ORD-05781,2030-08-08,CUST-013,金矿石,200.0,435119.65,87023930.00,东北,已完成
ORD-05782,2030-08-12,CUST-036,铜精矿,303.7,54368.77,16511795.45,西南,已完成
ORD-05783,2030-08-15,CUST-001,银精矿,58.1,3902650.60,226743999.86,华东,进行中
ORD-05784,2030-08-18,CUST-028,锌精矿,414.6,18168.71,7532747.17,华南,已完成
ORD-05785,2030-08-22,CUST-047,钼精矿,97.6,364166.59,35542659.18,西北,已完成
ORD-05786,2030-08-25,CUST-010,金矿石,230.7,408710.14,94289429.30,华北,已完成
ORD-05787,2030-09-01,CUST-023,铜精矿,357.1,58509.38,20893699.60,华东,已完成
ORD-05788,2030-09-05,CUST-038,银精矿,40.2,4533091.17,182230265.03,西南,已完成
ORD-05789,2030-09-08,CUST-017,锌精矿,410.6,16074.15,6600045.99,东北,已取消
ORD-05790,2030-09-12,CUST-045,钼精矿,99.8,283131.08,28256481.78,华南,已完成
ORD-05791,2030-09-15,CUST-004,金矿石,259.4,453370.86,117604401.08,华东,已完成
ORD-05792,2030-09-18,CUST-032,铜精矿,305.4,45235.11,13814802.59,华北,已完成
ORD-05793,2030-09-22,CUST-026,银精矿,56.0,3768941.91,211060746.96,西北,进行中
ORD-05794,2030-09-25,CUST-040,锌精矿,384.6,19702.76,7577681.50,华南,已完成
ORD-05795,2030-09-28,CUST-024,钼精矿,103.1,312466.04,32215248.72,西南,已完成
ORD-05796,2030-09-28,CUST-049,金矿石,164.1,346807.32,56911081.21,东北,已完成
ORD-05797,2030-09-28,CUST-030,铜精矿,272.6,58518.24,15952072.22,华东,已完成
ORD-05798,2030-09-28,CUST-007,银精矿,36.9,4799044.30,177084734.67,华北,已完成
ORD-05799,2030-09-28,CUST-015,锌精矿,392.6,20687.35,8121853.61,华南,已完成
ORD-05800,2030-09-28,CUST-042,钼精矿,106.4,355999.17,37878311.69,西南,已完成
ORD-05801,2029-11-05,CUST-012,金矿石,138.3,344376.34,47627247.82,华东,已完成
ORD-05802,2029-11-08,CUST-035,铜精矿,369.5,48405.92,17885987.44,华南,已完成
ORD-05803,2029-11-12,CUST-007,银精矿,48.0,3800907.60,182443564.80,华北,已完成
ORD-05804,2029-11-15,CUST-021,锌精矿,439.1,20404.48,8959607.17,西南,进行中
ORD-05805,2029-11-18,CUST-042,钼精矿,73.3,375403.52,27517078.02,华东,已完成
ORD-05806,2029-11-22,CUST-018,金矿石,177.5,434035.29,77041263.97,西北,已完成
ORD-05807,2029-11-25,CUST-003,铜精矿,186.1,60885.45,11330782.24,华南,已取消
ORD-05808,2029-12-01,CUST-029,银精矿,64.5,4050785.95,261275693.78,华东,已完成
ORD-05809,2029-12-05,CUST-015,锌精矿,398.7,21446.96,8550902.95,东北,已完成
ORD-05810,2029-12-08,CUST-037,钼精矿,98.4,341876.74,33640671.22,华北,已完成
ORD-05811,2029-12-12,CUST-008,金矿石,181.9,332796.14,60535617.87,华南,进行中
ORD-05812,2029-12-15,CUST-044,铜精矿,300.1,44986.74,13500520.67,西南,已完成
ORD-05813,2029-12-20,CUST-022,银精矿,36.1,4630154.00,167148559.40,华东,已完成
ORD-05814,2029-12-25,CUST-011,锌精矿,357.7,18269.50,6535000.15,华北,已完成
ORD-05815,2030-01-01,CUST-033,钼精矿,107.8,351124.79,37851252.36,西北,已完成
ORD-05816,2030-01-05,CUST-019,金矿石,272.9,460968.87,125798404.62,华东,已完成
ORD-05817,2030-01-08,CUST-046,铜精矿,328.7,61125.33,20091895.97,东北,已取消
ORD-05818,2030-01-12,CUST-005,银精矿,55.4,4016892.22,222535828.99,华南,已完成
ORD-05819,2030-01-15,CUST-027,锌精矿,460.2,16538.02,7610796.80,西南,已完成
ORD-05820,2030-01-18,CUST-014,钼精矿,61.2,354298.21,21683050.45,华北,进行中
ORD-05821,2030-01-22,CUST-039,金矿石,177.9,341005.82,60664935.38,华东,已完成
ORD-05822,2030-01-25,CUST-002,铜精矿,321.9,54258.36,17465766.08,华南,已完成
ORD-05823,2030-02-01,CUST-031,银精矿,46.8,3938770.76,184334471.57,西北,已完成
ORD-05824,2030-02-05,CUST-016,锌精矿,319.4,21910.94,6998354.24,华东,已完成
ORD-05825,2030-02-08,CUST-048,钼精矿,95.2,326690.45,31100930.84,东北,已完成
ORD-05826,2030-02-12,CUST-009,金矿石,193.9,425599.98,82523836.12,华北,已完成
ORD-05827,2030-02-15,CUST-025,铜精矿,320.8,53041.57,17015735.66,西南,进行中
ORD-05828,2030-02-18,CUST-041,银精矿,49.5,4777308.11,236476751.45,华南,已完成
ORD-05829,2030-02-22,CUST-006,锌精矿,483.0,18841.16,9100280.28,华东,已完成
ORD-05830,2030-02-25,CUST-034,钼精矿,87.7,346591.01,30396031.58,西北,已完成
ORD-05831,2030-03-01,CUST-020,金矿石,152.7,441086.06,67353841.36,东北,已完成
ORD-05832,2030-03-05,CUST-043,铜精矿,216.1,46253.93,9995474.27,华东,已取消
ORD-05833,2030-03-08,CUST-013,银精矿,69.7,4152184.92,289407288.92,华南,已完成
ORD-05834,2030-03-12,CUST-036,锌精矿,409.9,18844.78,7724475.32,华北,已完成
ORD-05835,2030-03-15,CUST-001,钼精矿,67.8,274057.60,18581105.28,西南,已完成
ORD-05836,2030-03-18,CUST-028,金矿石,224.5,345683.19,77605876.16,华东,进行中
ORD-05837,2030-03-22,CUST-047,铜精矿,282.0,49981.75,14094853.50,华南,已完成
ORD-05838,2030-03-25,CUST-010,银精矿,28.6,4536422.35,129741679.21,西北,已完成
ORD-05839,2030-04-01,CUST-023,锌精矿,368.2,17466.21,6431058.52,华东,已完成
ORD-05840,2030-04-05,CUST-038,钼精矿,89.8,281971.82,25321069.44,东北,已完成
ORD-05841,2030-04-08,CUST-017,金矿石,201.0,430008.38,86431684.38,华北,已完成
ORD-05842,2030-04-12,CUST-045,铜精矿,356.7,44526.42,15882574.01,西南,已完成
ORD-05843,2030-04-15,CUST-004,银精矿,55.0,3889716.64,213934415.20,华东,已完成
ORD-05844,2030-04-18,CUST-032,锌精矿,454.4,20200.07,9178911.81,华南,进行中
ORD-05845,2030-04-22,CUST-026,钼精矿,104.0,281457.03,29271531.12,华北,已完成
ORD-05846,2030-04-25,CUST-040,金矿石,175.7,445039.94,78193517.46,西南,已完成
ORD-05847,2030-05-01,CUST-024,铜精矿,229.5,55848.40,12817207.80,华东,已取消
ORD-05848,2030-05-05,CUST-049,银精矿,36.2,4529495.36,163967732.03,东北,已完成
ORD-05849,2030-05-08,CUST-030,锌精矿,400.8,21122.54,8465914.03,西北,已完成
ORD-05850,2030-05-12,CUST-007,钼精矿,80.6,367126.67,29590409.60,华南,已完成
ORD-05851,2030-05-15,CUST-015,金矿石,230.9,453532.57,104720670.41,华东,已完成
ORD-05852,2030-05-18,CUST-042,铜精矿,270.0,56626.27,15289092.90,华北,已完成
ORD-05853,2030-05-22,CUST-021,银精矿,32.4,4064116.00,131677358.40,西南,进行中
ORD-05854,2030-05-25,CUST-008,锌精矿,418.1,19724.66,8246880.35,华南,已完成
ORD-05855,2030-06-01,CUST-035,钼精矿,103.1,365075.84,37639319.10,华东,已完成
ORD-05856,2030-06-05,CUST-012,金矿石,184.2,358652.49,66063788.66,东北,已完成
ORD-05857,2030-06-08,CUST-044,铜精矿,257.0,43945.78,11294065.46,西北,已完成
ORD-05858,2030-06-12,CUST-003,银精矿,53.1,4279592.50,227246361.75,华东,已完成
ORD-05859,2030-06-15,CUST-018,锌精矿,327.9,20035.95,6569788.00,华北,已取消
ORD-05860,2030-06-18,CUST-029,钼精矿,84.0,300417.16,25235041.44,华南,已完成
ORD-05861,2030-06-22,CUST-046,金矿石,216.5,359962.70,77931924.55,西南,已完成
ORD-05862,2030-06-25,CUST-011,铜精矿,319.6,50656.74,16189894.10,华东,已完成
ORD-05863,2030-07-01,CUST-037,银精矿,58.1,4115483.85,239109611.69,华南,已完成
ORD-05864,2030-07-05,CUST-019,锌精矿,425.9,20843.35,8877182.76,西北,进行中
ORD-05865,2030-07-08,CUST-033,钼精矿,104.9,314731.30,33015313.37,东北,已完成
ORD-05866,2030-07-12,CUST-005,金矿石,258.4,332994.58,86045799.47,华北,已完成
ORD-05867,2030-07-15,CUST-027,铜精矿,237.5,50725.50,12047306.25,华东,已完成
ORD-05868,2030-07-18,CUST-048,银精矿,28.5,4639666.96,132230508.36,西南,已完成
ORD-05869,2030-07-22,CUST-014,锌精矿,426.5,19070.51,8133572.51,华南,已完成
ORD-05870,2030-07-25,CUST-039,钼精矿,111.5,348894.09,38901691.04,华东,已完成
ORD-05871,2030-08-01,CUST-002,金矿石,192.9,373058.00,71962888.20,华东,已完成
ORD-05872,2030-08-05,CUST-031,铜精矿,401.3,54558.57,21894354.14,东北,已取消
ORD-05873,2030-08-08,CUST-016,银精矿,46.7,3992236.30,186437435.21,华北,已完成
ORD-05874,2030-08-12,CUST-025,锌精矿,327.1,18457.83,6037556.19,西南,已完成
ORD-05875,2030-08-15,CUST-009,钼精矿,103.7,368055.71,38167377.13,华南,进行中
ORD-05876,2030-08-18,CUST-041,金矿石,286.3,337085.09,96507461.27,西北,已完成
ORD-05877,2030-08-22,CUST-006,铜精矿,212.6,59484.89,12646487.61,华东,已完成
ORD-05878,2030-08-25,CUST-034,银精矿,53.6,4356000.60,233481632.16,华南,已完成
ORD-05879,2030-09-01,CUST-020,锌精矿,502.5,17613.89,8850979.72,华北,已完成
ORD-05880,2030-09-05,CUST-043,钼精矿,71.2,307053.88,21862236.26,华东,已完成
ORD-05881,2030-09-08,CUST-013,金矿石,206.3,390806.06,80623290.18,东北,已完成
ORD-05882,2030-09-12,CUST-036,铜精矿,315.1,53675.36,16913105.94,西南,已完成
ORD-05883,2030-09-15,CUST-001,银精矿,53.0,3575203.65,189485793.45,华东,进行中
ORD-05884,2030-09-18,CUST-028,锌精矿,338.4,16195.52,5480563.97,华南,已完成
ORD-05885,2030-09-22,CUST-047,钼精矿,93.3,284308.88,26526018.50,西北,已完成
ORD-05886,2030-09-25,CUST-010,金矿石,195.1,379185.65,73979120.31,华北,已完成
ORD-05887,2030-10-01,CUST-023,铜精矿,314.7,60895.50,19163813.85,华东,已完成
ORD-05888,2030-10-05,CUST-038,银精矿,40.5,4990748.86,202125328.83,西南,已完成
ORD-05889,2030-10-08,CUST-017,锌精矿,366.0,21116.94,7728800.04,东北,已取消
ORD-05890,2030-10-12,CUST-045,钼精矿,77.4,291148.38,22534884.61,华南,已完成
ORD-05891,2030-10-15,CUST-004,金矿石,242.9,401107.53,97429019.04,华东,已完成
ORD-05892,2030-10-18,CUST-032,铜精矿,246.5,55612.36,13708446.74,华北,已完成
ORD-05893,2030-10-22,CUST-026,银精矿,51.6,4386673.20,226352337.12,西北,进行中
ORD-05894,2030-10-25,CUST-040,锌精矿,482.9,16802.14,8113753.41,华南,已完成
ORD-05895,2030-10-28,CUST-024,钼精矿,89.8,309165.62,27763072.68,西南,已完成
ORD-05896,2030-10-28,CUST-049,金矿石,119.5,387047.50,46252176.25,东北,已完成
ORD-05897,2030-10-28,CUST-030,铜精矿,323.1,50450.55,16300572.71,华东,已完成
ORD-05898,2030-10-28,CUST-007,银精矿,40.1,4477634.36,179553137.84,华北,已完成
ORD-05899,2030-10-28,CUST-015,锌精矿,402.8,17404.39,7010488.29,华南,已完成
ORD-05900,2030-10-28,CUST-042,钼精矿,101.6,342175.14,34764994.22,西南,已完成
ORD-05901,2029-12-05,CUST-012,金矿石,159.4,447553.65,71340051.81,华东,已完成
ORD-05902,2029-12-08,CUST-035,铜精矿,340.3,47758.98,16252380.89,华南,已完成
ORD-05903,2029-12-12,CUST-007,银精矿,52.4,3842071.80,201324562.32,华北,已完成
ORD-05904,2029-12-15,CUST-021,锌精矿,568.1,18406.32,10456630.39,西南,进行中
ORD-05905,2029-12-18,CUST-042,钼精矿,86.6,307407.68,26621505.09,华东,已完成
ORD-05906,2029-12-22,CUST-018,金矿石,228.6,360406.02,82388816.17,西北,已完成
ORD-05907,2029-12-25,CUST-003,铜精矿,211.2,52953.73,11183827.78,华南,已取消
ORD-05908,2030-01-01,CUST-029,银精矿,58.5,4750737.40,277918137.90,华东,已完成
ORD-05909,2030-01-05,CUST-015,锌精矿,425.7,16707.73,7112480.66,东北,已完成
ORD-05910,2030-01-08,CUST-037,钼精矿,91.8,301700.07,27696066.43,华北,已完成
ORD-05911,2030-01-12,CUST-008,金矿石,202.6,421412.62,85378196.81,华南,进行中
ORD-05912,2030-01-15,CUST-044,铜精矿,258.7,44400.42,11486388.65,西南,已完成
ORD-05913,2030-01-20,CUST-022,银精矿,37.9,3792160.25,143722873.47,华东,已完成
ORD-05914,2030-01-25,CUST-011,锌精矿,376.9,15936.44,6006444.24,华北,已完成
ORD-05915,2030-02-01,CUST-033,钼精矿,123.6,349372.29,43182415.04,西北,已完成
ORD-05916,2030-02-05,CUST-019,金矿石,259.2,403313.12,104538760.70,华东,已完成
ORD-05917,2030-02-08,CUST-046,铜精矿,404.0,58923.32,23805021.28,东北,已取消
ORD-05918,2030-02-12,CUST-005,银精矿,51.8,4399675.72,227903202.30,华南,已完成
ORD-05919,2030-02-15,CUST-027,锌精矿,525.9,19476.03,10242444.18,西南,已完成
ORD-05920,2030-02-18,CUST-014,钼精矿,69.7,301497.62,21014384.11,华北,进行中
ORD-05921,2030-02-22,CUST-039,金矿石,217.9,412842.70,89958424.33,华东,已完成
ORD-05922,2030-02-25,CUST-002,铜精矿,248.1,48847.11,12118967.99,华南,已完成
ORD-05923,2030-03-01,CUST-031,银精矿,41.2,4443588.26,183075836.31,西北,已完成
ORD-05924,2030-03-05,CUST-016,锌精矿,385.6,20158.97,7773298.83,华东,已完成
ORD-05925,2030-03-08,CUST-048,钼精矿,91.1,314489.66,28650008.03,东北,已完成
ORD-05926,2030-03-12,CUST-009,金矿石,209.8,392865.07,82423091.69,华北,已完成
ORD-05927,2030-03-15,CUST-025,铜精矿,273.6,49584.31,13566267.22,西南,进行中
ORD-05928,2030-03-18,CUST-041,银精矿,54.0,3610171.04,194949236.16,华南,已完成
ORD-05929,2030-03-22,CUST-006,锌精矿,471.8,19575.26,9235607.67,华东,已完成
ORD-05930,2030-03-25,CUST-034,钼精矿,97.3,350668.36,34120031.43,西北,已完成
ORD-05931,2030-04-01,CUST-020,金矿石,176.8,415724.70,73500126.96,东北,已完成
ORD-05932,2030-04-05,CUST-043,铜精矿,273.9,57342.81,15706195.66,华东,已取消
ORD-05933,2030-04-08,CUST-013,银精矿,56.3,4975347.15,280112044.55,华南,已完成
ORD-05934,2030-04-12,CUST-036,锌精矿,400.1,20181.10,8074458.11,华北,已完成
ORD-05935,2030-04-15,CUST-001,钼精矿,80.4,279915.53,22505208.61,西南,已完成
ORD-05936,2030-04-18,CUST-028,金矿石,235.2,418815.38,98505377.38,华东,进行中
ORD-05937,2030-04-22,CUST-047,铜精矿,264.8,61176.67,16199582.22,华南,已完成
ORD-05938,2030-04-25,CUST-010,银精矿,33.7,3928325.74,132384577.44,西北,已完成
ORD-05939,2030-05-01,CUST-023,锌精矿,387.0,16083.29,6224233.23,华东,已完成
ORD-05940,2030-05-05,CUST-038,钼精矿,94.5,341630.90,32284120.05,东北,已完成
ORD-05941,2030-05-08,CUST-017,金矿石,222.4,437518.02,97304007.65,华北,已完成
ORD-05942,2030-05-12,CUST-045,铜精矿,295.8,44618.98,13198294.28,西南,已完成
ORD-05943,2030-05-15,CUST-004,银精矿,47.0,4027537.84,189294278.48,华东,已完成
ORD-05944,2030-05-18,CUST-032,锌精矿,388.2,18452.10,7163105.22,华南,进行中
ORD-05945,2030-05-22,CUST-026,钼精矿,113.3,343289.89,38894744.54,华北,已完成
ORD-05946,2030-05-25,CUST-040,金矿石,161.0,397491.63,63996152.43,西南,已完成
ORD-05947,2030-06-01,CUST-024,铜精矿,284.3,45808.13,13023251.36,华东,已取消
ORD-05948,2030-06-05,CUST-049,银精矿,48.2,4493116.16,216568198.91,东北,已完成
ORD-05949,2030-06-08,CUST-030,锌精矿,410.8,17804.73,7314183.08,西北,已完成
ORD-05950,2030-06-12,CUST-007,钼精矿,78.4,277901.93,21787511.31,华南,已完成
ORD-05951,2030-06-15,CUST-015,金矿石,261.1,455288.98,118875952.68,华东,已完成
ORD-05952,2030-06-18,CUST-042,铜精矿,300.6,54249.96,16307537.98,华北,已完成
ORD-05953,2030-06-22,CUST-021,银精矿,32.3,4765289.28,153918843.74,西南,进行中
ORD-05954,2030-06-25,CUST-008,锌精矿,397.7,16182.97,6435967.17,华南,已完成
ORD-05955,2030-07-01,CUST-035,钼精矿,108.1,357398.72,38634801.63,华东,已完成
ORD-05956,2030-07-05,CUST-012,金矿石,162.3,385647.98,62590667.15,东北,已完成
ORD-05957,2030-07-08,CUST-044,铜精矿,294.7,46691.38,13759949.69,西北,已完成
ORD-05958,2030-07-12,CUST-003,银精矿,53.6,4156230.41,222773949.98,华东,已完成
ORD-05959,2030-07-15,CUST-018,锌精矿,373.7,16309.49,6094856.41,华北,已取消
ORD-05960,2030-07-18,CUST-029,钼精矿,75.5,289055.31,21823675.91,华南,已完成
ORD-05961,2030-07-22,CUST-046,金矿石,176.5,347801.79,61387015.93,西南,已完成
ORD-05962,2030-07-25,CUST-011,铜精矿,335.6,57231.04,19206737.02,华东,已完成
ORD-05963,2030-08-01,CUST-037,银精矿,51.5,4003234.19,206166560.78,华南,已完成
ORD-05964,2030-08-05,CUST-019,锌精矿,393.0,20403.11,8018422.23,西北,进行中
ORD-05965,2030-08-08,CUST-033,钼精矿,89.7,344514.62,30902961.41,东北,已完成
ORD-05966,2030-08-12,CUST-005,金矿石,242.7,413496.54,100355610.26,华北,已完成
ORD-05967,2030-08-15,CUST-027,铜精矿,223.5,56545.33,12637881.26,华东,已完成
ORD-05968,2030-08-18,CUST-048,银精矿,37.3,4770337.88,177933602.92,西南,已完成
ORD-05969,2030-08-22,CUST-014,锌精矿,386.9,19930.44,7711087.24,华南,已完成
ORD-05970,2030-08-25,CUST-039,钼精矿,140.8,299334.94,42146359.55,华东,已完成
ORD-05971,2030-09-01,CUST-002,金矿石,192.8,444489.92,85697656.58,华东,已完成
ORD-05972,2030-09-05,CUST-031,铜精矿,306.9,55105.59,16911905.57,东北,已取消
ORD-05973,2030-09-08,CUST-016,银精矿,43.5,4145185.52,180315570.12,华北,已完成
ORD-05974,2030-09-12,CUST-025,锌精矿,316.3,22144.72,7004374.94,西南,已完成
ORD-05975,2030-09-15,CUST-009,钼精矿,98.5,362702.53,35726199.21,华南,进行中
ORD-05976,2030-09-18,CUST-041,金矿石,243.4,424023.01,103207200.63,西北,已完成
ORD-05977,2030-09-22,CUST-006,铜精矿,242.6,56476.05,13701089.73,华东,已完成
ORD-05978,2030-09-25,CUST-034,银精矿,59.4,3653991.60,217047101.04,华南,已完成
ORD-05979,2030-10-01,CUST-020,锌精矿,417.5,19328.78,8069765.65,华北,已完成
ORD-05980,2030-10-05,CUST-043,钼精矿,79.4,335637.31,26649602.41,华东,已完成
ORD-05981,2030-10-08,CUST-013,金矿石,168.4,356215.07,59986617.79,东北,已完成
ORD-05982,2030-10-12,CUST-036,铜精矿,272.9,57256.54,15625309.77,西南,已完成
ORD-05983,2030-10-15,CUST-001,银精矿,70.4,4429383.08,311828568.83,华东,进行中
ORD-05984,2030-10-18,CUST-028,锌精矿,400.7,21625.05,8665157.54,华南,已完成
ORD-05985,2030-10-22,CUST-047,钼精矿,115.1,317845.51,36584018.20,西北,已完成
ORD-05986,2030-10-25,CUST-010,金矿石,239.9,346987.63,83242332.44,华北,已完成
ORD-05987,2030-11-01,CUST-023,铜精矿,316.1,56609.69,17894323.01,华东,已完成
ORD-05988,2030-11-05,CUST-038,银精矿,50.1,3613293.06,181025982.31,西南,已完成
ORD-05989,2030-11-08,CUST-017,锌精矿,452.5,16060.79,7267507.48,东北,已取消
ORD-05990,2030-11-12,CUST-045,钼精矿,75.4,294810.08,22228680.03,华南,已完成
ORD-05991,2030-11-15,CUST-004,金矿石,266.3,341331.74,90896642.36,华东,已完成
ORD-05992,2030-11-18,CUST-032,铜精矿,284.8,56419.04,16068142.59,华北,已完成
ORD-05993,2030-11-22,CUST-026,银精矿,53.7,4782026.73,256794835.40,西北,进行中
ORD-05994,2030-11-25,CUST-040,锌精矿,391.9,18785.73,7362127.59,华南,已完成
ORD-05995,2030-11-28,CUST-024,钼精矿,100.2,275731.92,27628338.38,西南,已完成
ORD-05996,2030-11-28,CUST-049,金矿石,147.6,455043.13,67164365.99,东北,已完成
ORD-05997,2030-11-28,CUST-030,铜精矿,340.4,55252.21,18807852.28,华东,已完成
ORD-05998,2030-11-28,CUST-007,银精矿,31.2,4438177.75,138471145.80,华北,已完成
ORD-05999,2030-11-28,CUST-015,锌精矿,406.0,21601.90,8770371.40,华南,已完成
ORD-06000,2030-11-28,CUST-042,钼精矿,83.9,367553.26,30837718.51,西南,已完成
