transport_id,order_id,origin,destination,transport_mode,distance_km,planned_days,actual_days,transport_cost,status
TRS-00001,ORD-00001,福建上杭,上海,公路,915.5,3,3,50187.91,已送达
TRS-00002,ORD-00002,福建上杭,广州,铁路,1404.2,4,4,32548.29,已送达
TRS-00003,ORD-00003,新疆阿勒泰,北京,铁路,3801.2,7,8,110961.99,已送达
TRS-00004,ORD-00004,贵州贞丰,成都,公路,589.6,2,2,25814.32,运输中
TRS-00005,ORD-00005,福建上杭,南京,水运,902.1,5,5,24062.96,已送达
TRS-00006,ORD-00006,新疆阿勒泰,兰州,铁路,3110.5,6,7,93063.60,已送达
TRS-00007,ORD-00008,福建上杭,杭州,公路,855.3,3,3,37264.79,已送达
TRS-00008,ORD-00009,黑龙江多宝山,沈阳,铁路,903.3,3,3,28931.84,已送达
TRS-00009,ORD-00010,河南洛阳,北京,公路,725.0,2,3,37362.61,已送达
TRS-00010,ORD-00012,贵州贞丰,重庆,公路,451.6,2,2,20127.32,已送达
TRS-00011,ORD-00013,福建上杭,上海,水运,849.3,5,6,18180.56,已送达
TRS-00012,ORD-00014,新疆阿勒泰,天津,铁路,3290.9,7,9,97361.43,延误
TRS-00013,ORD-00015,河南洛阳,西安,公路,581.1,2,2,26231.50,已送达
TRS-00014,ORD-00016,福建上杭,合肥,公路,1020.6,3,3,38796.88,已送达
TRS-00015,ORD-00018,福建上杭,深圳,水运,1266.2,5,5,22161.62,已送达
TRS-00016,ORD-00019,贵州贞丰,昆明,公路,615.6,2,2,26589.06,已送达
TRS-00017,ORD-00021,福建上杭,苏州,公路,954.7,3,4,50257.46,已送达
TRS-00018,ORD-00022,福建上杭,佛山,铁路,1133.2,4,4,40453.27,已送达
TRS-00019,ORD-00023,新疆阿勒泰,银川,铁路,2189.5,5,6,73072.87,已送达
TRS-00020,ORD-00024,福建上杭,无锡,公路,1087.7,3,3,43775.55,已送达
TRS-00021,ORD-00025,黑龙江多宝山,长春,铁路,705.2,2,2,28862.27,已送达
TRS-00022,ORD-00026,新疆阿勒泰,石家庄,铁路,3409.0,7,7,84350.94,已送达
TRS-00023,ORD-00028,福建上杭,东莞,水运,1131.3,5,5,23397.72,已送达
TRS-00024,ORD-00029,贵州贞丰,武汉,铁路,1175.3,4,5,40589.81,已送达
TRS-00025,ORD-00030,河南洛阳,乌鲁木齐,铁路,3529.2,7,8,96309.93,已送达
TRS-00026,ORD-00031,黑龙江多宝山,哈尔滨,公路,406.0,1,1,12978.69,已送达
TRS-00027,ORD-00033,福建上杭,汕头,公路,603.5,2,2,32292.39,已送达
TRS-00028,ORD-00034,新疆阿勒泰,太原,铁路,3380.6,6,7,99211.66,已送达
TRS-00029,ORD-00035,贵州贞丰,贵阳,公路,319.3,1,1,13844.39,已送达
TRS-00030,ORD-00037,福建上杭,珠海,水运,1120.8,5,5,20061.57,已送达
TRS-00031,ORD-00038,河南洛阳,西宁,铁路,1429.7,4,5,57078.58,已送达
TRS-00032,ORD-00039,福建上杭,温州,公路,785.6,2,2,29920.26,已送达
TRS-00033,ORD-00040,黑龙江多宝山,大连,铁路,1060.8,3,4,39009.85,已送达
TRS-00034,ORD-00041,新疆阿勒泰,呼和浩特,铁路,2696.5,6,6,66644.92,已送达
TRS-00035,ORD-00042,贵州贞丰,南宁,铁路,800.0,3,3,31429.28,已送达
TRS-00036,ORD-00043,福建上杭,宁波,水运,781.6,4,4,17298.32,已送达
TRS-00037,ORD-00045,河南洛阳,郑州,公路,155.5,1,1,8010.97,已送达
TRS-00038,ORD-00046,贵州贞丰,成都,公路,690.2,2,3,32324.82,已送达
TRS-00039,ORD-00048,黑龙江多宝山,长春,铁路,672.8,2,2,24900.62,已送达
TRS-00040,ORD-00049,新疆阿勒泰,兰州,铁路,3058.2,6,8,71929.74,延误
TRS-00041,ORD-00050,福建上杭,厦门,公路,260.1,1,1,11637.88,已送达
TRS-00042,ORD-00051,福建上杭,上海,水运,984.1,5,5,20371.25,已送达
TRS-00043,ORD-00052,新疆阿勒泰,北京,铁路,3548.9,7,7,92427.88,已送达
TRS-00044,ORD-00054,福建上杭,广州,水运,1355.5,5,6,22467.22,已送达
TRS-00045,ORD-00055,福建上杭,南京,公路,764.1,3,3,38608.12,已送达
TRS-00046,ORD-00056,黑龙江多宝山,沈阳,铁路,746.2,3,4,34653.25,已送达
TRS-00047,ORD-00057,河南洛阳,西安,铁路,485.2,2,2,24299.64,已送达
TRS-00048,ORD-00058,福建上杭,杭州,公路,997.3,3,3,36631.39,已送达
TRS-00049,ORD-00060,福建上杭,深圳,水运,1028.8,5,5,23130.17,已送达
TRS-00050,ORD-00061,贵州贞丰,重庆,公路,552.3,2,2,23350.76,已送达
TRS-00051,ORD-00062,福建上杭,合肥,铁路,796.8,3,3,36556.42,已送达
TRS-00052,ORD-00063,福建上杭,佛山,水运,1239.8,5,6,21266.50,已送达
TRS-00053,ORD-00065,黑龙江多宝山,哈尔滨,公路,344.3,1,1,13610.80,已送达
TRS-00054,ORD-00066,新疆阿勒泰,石家庄,铁路,3775.3,7,8,95231.96,已送达
TRS-00055,ORD-00067,福建上杭,苏州,公路,982.5,3,3,37697.97,已送达
TRS-00056,ORD-00068,贵州贞丰,昆明,公路,592.1,2,2,29657.26,已送达
TRS-00057,ORD-00069,福建上杭,汕头,水运,595.4,4,4,17941.52,已送达
TRS-00058,ORD-00070,福建上杭,无锡,公路,952.3,3,3,47127.23,已送达
TRS-00059,ORD-00071,福建上杭,上海,水运,784.7,5,5,19441.25,已送达
TRS-00060,ORD-00073,新疆阿勒泰,天津,铁路,4153.9,7,7,111177.08,已送达
TRS-00061,ORD-00074,贵州贞丰,贵阳,公路,308.6,1,1,12260.39,已送达
TRS-00062,ORD-00076,河南洛阳,银川,铁路,1026.7,4,5,54970.46,已送达
TRS-00063,ORD-00077,福建上杭,温州,公路,730.0,2,2,37186.59,运输中
TRS-00064,ORD-00078,福建上杭,东莞,水运,984.1,5,5,22186.75,已送达
TRS-00065,ORD-00079,新疆阿勒泰,太原,铁路,3506.5,6,7,82726.68,已送达
TRS-00066,ORD-00080,福建上杭,苏州,公路,834.8,3,3,49772.24,已送达
TRS-00067,ORD-00081,黑龙江多宝山,大连,铁路,954.2,3,3,34388.53,已送达
TRS-00068,ORD-00082,贵州贞丰,南宁,铁路,741.2,3,4,33793.66,已送达
TRS-00069,ORD-00084,福建上杭,珠海,水运,1151.3,5,5,26929.76,已送达
TRS-00070,ORD-00085,河南洛阳,乌鲁木齐,铁路,3174.7,7,9,96574.19,延误
TRS-00071,ORD-00086,新疆阿勒泰,呼和浩特,铁路,2546.1,6,6,70482.75,已送达
TRS-00072,ORD-00087,福建上杭,上海,公路,969.5,3,3,44368.20,已送达
TRS-00073,ORD-00088,贵州贞丰,成都,公路,591.6,2,2,31427.62,已送达
TRS-00074,ORD-00090,福建上杭,厦门,公路,248.8,1,1,13880.42,已送达
TRS-00075,ORD-00091,福建上杭,杭州,水运,875.7,4,4,18212.42,已送达
TRS-00076,ORD-00092,新疆阿勒泰,北京,铁路,3903.6,7,7,96086.42,已送达
TRS-00077,ORD-00094,福建上杭,广州,水运,1308.1,5,5,29625.52,已送达
TRS-00078,ORD-00095,贵州贞丰,重庆,公路,538.2,2,2,18991.85,已送达
TRS-00079,ORD-00096,黑龙江多宝山,沈阳,铁路,876.1,3,3,27437.60,已送达
TRS-00080,ORD-00097,福建上杭,合肥,公路,856.8,3,3,39406.72,已送达
TRS-00081,ORD-00098,新疆阿勒泰,石家庄,铁路,3844.0,7,8,106443.91,已送达
TRS-00082,ORD-00099,福建上杭,深圳,水运,956.7,5,5,25003.75,已送达
TRS-00083,ORD-00100,贵州贞丰,昆明,公路,477.2,2,2,24616.51,已送达
TRS-00084,ORD-00101,福建上杭,上海,公路,838.1,3,3,45826.47,已送达
TRS-00085,ORD-00102,福建上杭,广州,铁路,1186.0,4,4,43975.99,已送达
TRS-00086,ORD-00103,新疆阿勒泰,北京,铁路,3079.4,7,8,110231.54,已送达
TRS-00087,ORD-00104,贵州贞丰,成都,公路,594.6,2,2,27641.07,运输中
TRS-00088,ORD-00105,福建上杭,南京,水运,786.1,5,5,21826.16,已送达
TRS-00089,ORD-00106,新疆阿勒泰,兰州,铁路,3268.1,6,7,91659.19,已送达
TRS-00090,ORD-00108,福建上杭,杭州,公路,904.5,3,3,40490.02,已送达
TRS-00091,ORD-00109,黑龙江多宝山,沈阳,铁路,795.0,3,3,32928.80,已送达
TRS-00092,ORD-00110,河南洛阳,北京,公路,760.8,2,3,32990.93,已送达
TRS-00093,ORD-00112,贵州贞丰,重庆,公路,531.5,2,2,18949.02,已送达
TRS-00094,ORD-00113,福建上杭,上海,水运,741.3,5,6,21877.72,已送达
TRS-00095,ORD-00114,新疆阿勒泰,天津,铁路,3681.7,7,9,110016.07,延误
TRS-00096,ORD-00115,河南洛阳,西安,公路,444.8,2,2,24222.19,已送达
TRS-00097,ORD-00116,福建上杭,合肥,公路,834.5,3,3,37119.16,已送达
TRS-00098,ORD-00118,福建上杭,深圳,水运,1260.7,5,5,26959.00,已送达
TRS-00099,ORD-00119,贵州贞丰,昆明,公路,612.8,2,2,29356.11,已送达
TRS-00100,ORD-00121,福建上杭,苏州,公路,969.0,3,4,47665.64,已送达
TRS-00101,ORD-00122,福建上杭,佛山,铁路,1207.6,4,4,39095.39,已送达
TRS-00102,ORD-00123,新疆阿勒泰,银川,铁路,1992.5,5,6,74268.00,已送达
TRS-00103,ORD-00124,福建上杭,无锡,公路,967.3,3,3,49872.99,已送达
TRS-00104,ORD-00125,黑龙江多宝山,长春,铁路,543.5,2,2,28709.65,已送达
TRS-00105,ORD-00126,新疆阿勒泰,石家庄,铁路,3323.9,7,7,86564.18,已送达
TRS-00106,ORD-00128,福建上杭,东莞,水运,1024.0,5,5,23479.30,已送达
TRS-00107,ORD-00129,贵州贞丰,武汉,铁路,1158.2,4,5,48873.93,已送达
TRS-00108,ORD-00130,河南洛阳,乌鲁木齐,铁路,3470.8,7,8,92845.46,已送达
TRS-00109,ORD-00131,黑龙江多宝山,哈尔滨,公路,378.3,1,1,14741.38,已送达
TRS-00110,ORD-00133,福建上杭,汕头,公路,627.7,2,2,34184.28,已送达
TRS-00111,ORD-00134,新疆阿勒泰,太原,铁路,3468.2,6,7,79399.94,已送达
TRS-00112,ORD-00135,贵州贞丰,贵阳,公路,279.3,1,1,13467.00,已送达
TRS-00113,ORD-00137,福建上杭,珠海,水运,1209.5,5,5,23784.46,已送达
TRS-00114,ORD-00138,河南洛阳,西宁,铁路,1323.6,4,5,52972.19,已送达
TRS-00115,ORD-00139,福建上杭,温州,公路,749.9,2,2,32903.46,已送达
TRS-00116,ORD-00140,黑龙江多宝山,大连,铁路,942.7,3,4,41755.32,已送达
TRS-00117,ORD-00141,新疆阿勒泰,呼和浩特,铁路,2694.5,6,6,79229.20,已送达
TRS-00118,ORD-00142,贵州贞丰,南宁,铁路,857.2,3,3,35863.42,已送达
TRS-00119,ORD-00143,福建上杭,宁波,水运,851.2,4,4,21496.58,已送达
TRS-00120,ORD-00145,河南洛阳,郑州,公路,145.1,1,1,9123.73,已送达
TRS-00121,ORD-00146,贵州贞丰,成都,公路,749.7,2,3,32835.80,已送达
TRS-00122,ORD-00148,黑龙江多宝山,长春,铁路,660.2,2,2,27150.40,已送达
TRS-00123,ORD-00149,新疆阿勒泰,兰州,铁路,2809.2,6,8,93472.21,延误
TRS-00124,ORD-00150,福建上杭,厦门,公路,293.5,1,1,14048.33,已送达
TRS-00125,ORD-00151,福建上杭,上海,水运,759.0,5,5,21260.60,已送达
TRS-00126,ORD-00152,新疆阿勒泰,北京,铁路,3717.9,7,7,109755.02,已送达
TRS-00127,ORD-00154,福建上杭,广州,水运,1144.2,5,6,29654.69,已送达
TRS-00128,ORD-00155,福建上杭,南京,公路,878.6,3,3,38997.52,已送达
TRS-00129,ORD-00156,黑龙江多宝山,沈阳,铁路,706.7,3,4,33142.11,已送达
TRS-00130,ORD-00157,河南洛阳,西安,铁路,538.9,2,2,21052.24,已送达
TRS-00131,ORD-00158,福建上杭,杭州,公路,1016.5,3,3,42919.67,已送达
TRS-00132,ORD-00160,福建上杭,深圳,水运,1002.3,5,5,25643.95,已送达
TRS-00133,ORD-00161,贵州贞丰,重庆,公路,458.4,2,2,22230.54,已送达
TRS-00134,ORD-00162,福建上杭,合肥,铁路,897.8,3,3,39890.90,已送达
TRS-00135,ORD-00163,福建上杭,佛山,水运,1283.9,5,6,24191.12,已送达
TRS-00136,ORD-00165,黑龙江多宝山,哈尔滨,公路,396.9,1,1,15103.23,已送达
TRS-00137,ORD-00166,新疆阿勒泰,石家庄,铁路,3593.2,7,8,102302.80,已送达
TRS-00138,ORD-00167,福建上杭,苏州,公路,999.7,3,3,43043.34,已送达
TRS-00139,ORD-00168,贵州贞丰,昆明,公路,495.6,2,2,24750.36,已送达
TRS-00140,ORD-00169,福建上杭,汕头,水运,640.8,4,4,19808.46,已送达
TRS-00141,ORD-00170,福建上杭,无锡,公路,833.5,3,3,46345.36,已送达
TRS-00142,ORD-00171,福建上杭,上海,水运,759.3,5,5,19701.88,已送达
TRS-00143,ORD-00173,新疆阿勒泰,天津,铁路,3928.8,7,7,99201.58,已送达
TRS-00144,ORD-00174,贵州贞丰,贵阳,公路,319.3,1,1,10349.69,已送达
TRS-00145,ORD-00176,河南洛阳,银川,铁路,1167.7,4,5,42363.41,已送达
TRS-00146,ORD-00177,福建上杭,温州,公路,721.5,2,2,36180.22,运输中
TRS-00147,ORD-00178,福建上杭,东莞,水运,893.5,5,5,20990.04,已送达
TRS-00148,ORD-00179,新疆阿勒泰,太原,铁路,2932.7,6,7,100069.99,已送达
TRS-00149,ORD-00180,福建上杭,苏州,公路,993.6,3,3,40794.23,已送达
TRS-00150,ORD-00181,黑龙江多宝山,大连,铁路,792.8,3,3,32191.92,已送达
TRS-00151,ORD-00182,贵州贞丰,南宁,铁路,926.9,3,4,33921.44,已送达
TRS-00152,ORD-00184,福建上杭,珠海,水运,1169.8,5,5,26449.31,已送达
TRS-00153,ORD-00185,河南洛阳,乌鲁木齐,铁路,2893.5,7,9,99527.56,延误
TRS-00154,ORD-00186,新疆阿勒泰,呼和浩特,铁路,2224.1,6,6,70541.95,已送达
TRS-00155,ORD-00187,福建上杭,上海,公路,1030.3,3,3,50297.81,已送达
TRS-00156,ORD-00188,贵州贞丰,成都,公路,668.6,2,2,25003.05,已送达
TRS-00157,ORD-00190,福建上杭,厦门,公路,212.7,1,1,10880.72,已送达
TRS-00158,ORD-00191,福建上杭,杭州,水运,867.2,4,4,18871.76,已送达
TRS-00159,ORD-00192,新疆阿勒泰,北京,铁路,3791.9,7,7,94810.48,已送达
TRS-00160,ORD-00194,福建上杭,广州,水运,1338.8,5,5,27627.24,已送达
TRS-00161,ORD-00195,贵州贞丰,重庆,公路,548.2,2,2,22041.78,已送达
TRS-00162,ORD-00196,黑龙江多宝山,沈阳,铁路,683.3,3,3,32142.08,已送达
TRS-00163,ORD-00197,福建上杭,合肥,公路,784.2,3,3,34159.72,已送达
TRS-00164,ORD-00198,新疆阿勒泰,石家庄,铁路,3028.0,7,8,82905.80,已送达
TRS-00165,ORD-00199,福建上杭,深圳,水运,1076.7,5,5,22793.58,已送达
TRS-00166,ORD-00200,贵州贞丰,昆明,公路,516.1,2,2,29523.42,已送达
TRS-00167,ORD-00201,福建上杭,上海,公路,1132.6,3,3,52608.46,已送达
TRS-00168,ORD-00202,福建上杭,广州,铁路,1154.3,4,4,43139.58,已送达
TRS-00169,ORD-00203,新疆阿勒泰,北京,铁路,3903.5,7,8,88346.10,已送达
TRS-00170,ORD-00204,贵州贞丰,成都,公路,556.7,2,2,25757.03,运输中
TRS-00171,ORD-00205,福建上杭,南京,水运,992.8,5,5,23027.69,已送达
TRS-00172,ORD-00206,新疆阿勒泰,兰州,铁路,2581.4,6,7,71063.82,已送达
TRS-00173,ORD-00208,福建上杭,杭州,公路,1006.3,3,3,37201.04,已送达
TRS-00174,ORD-00209,黑龙江多宝山,沈阳,铁路,907.9,3,3,28562.24,已送达
TRS-00175,ORD-00210,河南洛阳,北京,公路,665.4,2,3,32869.65,已送达
TRS-00176,ORD-00212,贵州贞丰,重庆,公路,434.0,2,2,23401.58,已送达
TRS-00177,ORD-00213,福建上杭,上海,水运,907.4,5,6,23925.53,已送达
TRS-00178,ORD-00214,新疆阿勒泰,天津,铁路,3293.6,7,9,86656.89,延误
TRS-00179,ORD-00215,河南洛阳,西安,公路,450.2,2,2,20704.92,已送达
TRS-00180,ORD-00216,福建上杭,合肥,公路,874.3,3,3,34232.32,已送达
TRS-00181,ORD-00218,福建上杭,深圳,水运,1202.3,5,5,25133.27,已送达
TRS-00182,ORD-00219,贵州贞丰,昆明,公路,543.2,2,2,22458.64,已送达
TRS-00183,ORD-00221,福建上杭,苏州,公路,842.1,3,4,43981.92,已送达
TRS-00184,ORD-00222,福建上杭,佛山,铁路,1176.1,4,4,31194.00,已送达
TRS-00185,ORD-00223,新疆阿勒泰,银川,铁路,2512.9,5,6,67793.40,已送达
TRS-00186,ORD-00224,福建上杭,无锡,公路,1078.8,3,3,49953.87,已送达
TRS-00187,ORD-00225,黑龙江多宝山,长春,铁路,608.9,2,2,26115.02,已送达
TRS-00188,ORD-00226,新疆阿勒泰,石家庄,铁路,3461.3,7,7,106932.70,已送达
TRS-00189,ORD-00228,福建上杭,东莞,水运,1212.2,5,5,28024.58,已送达
TRS-00190,ORD-00229,贵州贞丰,武汉,铁路,1008.5,4,5,43076.29,已送达
TRS-00191,ORD-00230,河南洛阳,乌鲁木齐,铁路,3119.7,7,8,85942.65,已送达
TRS-00192,ORD-00231,黑龙江多宝山,哈尔滨,公路,338.2,1,1,17412.90,已送达
TRS-00193,ORD-00233,福建上杭,汕头,公路,711.4,2,2,35129.73,已送达
TRS-00194,ORD-00234,新疆阿勒泰,太原,铁路,2682.3,6,7,76822.15,已送达
TRS-00195,ORD-00235,贵州贞丰,贵阳,公路,301.4,1,1,11429.58,已送达
TRS-00196,ORD-00237,福建上杭,珠海,水运,1260.6,5,5,25366.98,已送达
TRS-00197,ORD-00238,河南洛阳,西宁,铁路,1615.2,4,5,44754.27,已送达
TRS-00198,ORD-00239,福建上杭,温州,公路,593.1,2,2,28351.04,已送达
TRS-00199,ORD-00240,黑龙江多宝山,大连,铁路,987.9,3,4,41915.70,已送达
TRS-00200,ORD-00241,新疆阿勒泰,呼和浩特,铁路,2431.0,6,6,81671.93,已送达
TRS-00201,ORD-00242,贵州贞丰,南宁,铁路,866.9,3,3,33661.66,已送达
TRS-00202,ORD-00243,福建上杭,宁波,水运,640.8,4,4,23445.56,已送达
TRS-00203,ORD-00245,河南洛阳,郑州,公路,147.3,1,1,8213.19,已送达
TRS-00204,ORD-00246,贵州贞丰,成都,公路,562.2,2,3,26158.05,已送达
TRS-00205,ORD-00248,黑龙江多宝山,长春,铁路,600.8,2,2,21589.08,已送达
TRS-00206,ORD-00249,新疆阿勒泰,兰州,铁路,3232.5,6,8,71632.08,延误
TRS-00207,ORD-00250,福建上杭,厦门,公路,249.0,1,1,13512.54,已送达
TRS-00208,ORD-00251,福建上杭,上海,水运,745.6,5,5,20625.35,已送达
TRS-00209,ORD-00252,新疆阿勒泰,北京,铁路,3394.4,7,7,94089.43,已送达
TRS-00210,ORD-00254,福建上杭,广州,水运,1111.2,5,6,29058.38,已送达
TRS-00211,ORD-00255,福建上杭,南京,公路,856.2,3,3,39598.12,已送达
TRS-00212,ORD-00256,黑龙江多宝山,沈阳,铁路,691.3,3,4,28822.02,已送达
TRS-00213,ORD-00257,河南洛阳,西安,铁路,501.9,2,2,21838.50,已送达
TRS-00214,ORD-00258,福建上杭,杭州,公路,996.3,3,3,44617.52,已送达
TRS-00215,ORD-00260,福建上杭,深圳,水运,1215.0,5,5,23300.12,已送达
TRS-00216,ORD-00261,贵州贞丰,重庆,公路,418.6,2,2,23070.52,已送达
TRS-00217,ORD-00262,福建上杭,合肥,铁路,814.2,3,3,32862.72,已送达
TRS-00218,ORD-00263,福建上杭,佛山,水运,1220.6,5,6,28079.35,已送达
TRS-00219,ORD-00265,黑龙江多宝山,哈尔滨,公路,365.6,1,1,14473.09,已送达
TRS-00220,ORD-00266,新疆阿勒泰,石家庄,铁路,2892.2,7,8,86530.78,已送达
TRS-00221,ORD-00267,福建上杭,苏州,公路,862.0,3,3,46351.03,已送达
TRS-00222,ORD-00268,贵州贞丰,昆明,公路,579.7,2,2,27695.88,已送达
TRS-00223,ORD-00269,福建上杭,汕头,水运,569.9,4,4,17218.03,已送达
TRS-00224,ORD-00270,福建上杭,无锡,公路,1095.0,3,3,46579.49,已送达
TRS-00225,ORD-00271,福建上杭,上海,水运,847.2,5,5,23636.07,已送达
TRS-00226,ORD-00273,新疆阿勒泰,天津,铁路,3945.5,7,7,107561.47,已送达
TRS-00227,ORD-00274,贵州贞丰,贵阳,公路,247.4,1,1,11968.14,已送达
TRS-00228,ORD-00276,河南洛阳,银川,铁路,1361.4,4,5,55626.24,已送达
TRS-00229,ORD-00277,福建上杭,温州,公路,694.8,2,2,31967.84,运输中
TRS-00230,ORD-00278,福建上杭,东莞,水运,1202.5,5,5,22885.30,已送达
TRS-00231,ORD-00279,新疆阿勒泰,太原,铁路,3602.5,6,7,99640.82,已送达
TRS-00232,ORD-00280,福建上杭,苏州,公路,878.2,3,3,39143.93,已送达
TRS-00233,ORD-00281,黑龙江多宝山,大连,铁路,875.9,3,3,34733.05,已送达
TRS-00234,ORD-00282,贵州贞丰,南宁,铁路,926.0,3,4,29149.38,已送达
TRS-00235,ORD-00284,福建上杭,珠海,水运,1031.7,5,5,23625.07,已送达
TRS-00236,ORD-00285,河南洛阳,乌鲁木齐,铁路,3379.4,7,9,103212.74,延误
TRS-00237,ORD-00286,新疆阿勒泰,呼和浩特,铁路,3044.2,6,6,70446.71,已送达
TRS-00238,ORD-00287,福建上杭,上海,公路,1075.5,3,3,41092.29,已送达
TRS-00239,ORD-00288,贵州贞丰,成都,公路,587.4,2,2,25467.82,已送达
TRS-00240,ORD-00290,福建上杭,厦门,公路,246.5,1,1,12282.96,已送达
TRS-00241,ORD-00291,福建上杭,杭州,水运,841.8,4,4,19407.02,已送达
TRS-00242,ORD-00292,新疆阿勒泰,北京,铁路,4048.5,7,7,88518.53,已送达
TRS-00243,ORD-00294,福建上杭,广州,水运,1092.7,5,5,23075.55,已送达
TRS-00244,ORD-00295,贵州贞丰,重庆,公路,485.5,2,2,22765.60,已送达
TRS-00245,ORD-00296,黑龙江多宝山,沈阳,铁路,911.6,3,3,33927.78,已送达
TRS-00246,ORD-00297,福建上杭,合肥,公路,759.7,3,3,44414.80,已送达
TRS-00247,ORD-00298,新疆阿勒泰,石家庄,铁路,2915.2,7,8,92302.22,已送达
TRS-00248,ORD-00299,福建上杭,深圳,水运,1083.7,5,5,24408.10,已送达
TRS-00249,ORD-00300,贵州贞丰,昆明,公路,647.9,2,2,26155.77,已送达
TRS-00250,ORD-00301,福建上杭,上海,公路,839.0,3,3,38719.26,已送达
TRS-00251,ORD-00302,福建上杭,广州,铁路,1247.8,4,4,43311.37,已送达
TRS-00252,ORD-00303,新疆阿勒泰,北京,铁路,3564.3,7,8,107027.57,已送达
TRS-00253,ORD-00304,贵州贞丰,成都,公路,752.2,2,2,24479.14,运输中
TRS-00254,ORD-00305,福建上杭,南京,水运,986.3,5,5,20012.61,已送达
TRS-00255,ORD-00306,新疆阿勒泰,兰州,铁路,2764.1,6,7,79357.71,已送达
TRS-00256,ORD-00308,福建上杭,杭州,公路,912.7,3,3,41135.89,已送达
TRS-00257,ORD-00309,黑龙江多宝山,沈阳,铁路,894.2,3,3,27997.28,已送达
TRS-00258,ORD-00310,河南洛阳,北京,公路,723.0,2,3,34984.46,已送达
TRS-00259,ORD-00312,贵州贞丰,重庆,公路,493.9,2,2,25940.40,已送达
TRS-00260,ORD-00313,福建上杭,上海,水运,801.2,5,6,24240.85,已送达
TRS-00261,ORD-00314,新疆阿勒泰,天津,铁路,3100.7,7,9,91963.89,延误
TRS-00262,ORD-00315,河南洛阳,西安,公路,541.7,2,2,26793.02,已送达
TRS-00263,ORD-00316,福建上杭,合肥,公路,987.9,3,3,41995.24,已送达
TRS-00264,ORD-00318,福建上杭,深圳,水运,1110.2,5,5,28439.05,已送达
TRS-00265,ORD-00319,贵州贞丰,昆明,公路,519.7,2,2,28740.06,已送达
TRS-00266,ORD-00321,福建上杭,苏州,公路,1024.4,3,4,51867.73,已送达
TRS-00267,ORD-00322,福建上杭,佛山,铁路,1298.4,4,4,41373.97,已送达
TRS-00268,ORD-00323,新疆阿勒泰,银川,铁路,2383.3,5,6,74500.85,已送达
TRS-00269,ORD-00324,福建上杭,无锡,公路,1042.5,3,3,39863.36,已送达
TRS-00270,ORD-00325,黑龙江多宝山,长春,铁路,618.9,2,2,22358.80,已送达
TRS-00271,ORD-00326,新疆阿勒泰,石家庄,铁路,3943.4,7,7,93455.90,已送达
TRS-00272,ORD-00328,福建上杭,东莞,水运,1205.8,5,5,20769.07,已送达
TRS-00273,ORD-00329,贵州贞丰,武汉,铁路,1035.0,4,5,42844.83,已送达
TRS-00274,ORD-00330,河南洛阳,乌鲁木齐,铁路,3130.6,7,8,75740.90,已送达
TRS-00275,ORD-00331,黑龙江多宝山,哈尔滨,公路,407.3,1,1,14621.59,已送达
TRS-00276,ORD-00333,福建上杭,汕头,公路,685.8,2,2,31398.42,已送达
TRS-00277,ORD-00334,新疆阿勒泰,太原,铁路,3046.6,6,7,84252.60,已送达
TRS-00278,ORD-00335,贵州贞丰,贵阳,公路,319.1,1,1,13345.82,已送达
TRS-00279,ORD-00337,福建上杭,珠海,水运,1008.8,5,5,20904.81,已送达
TRS-00280,ORD-00338,河南洛阳,西宁,铁路,1571.1,4,5,52453.96,已送达
TRS-00281,ORD-00339,福建上杭,温州,公路,703.2,2,2,35896.16,已送达
TRS-00282,ORD-00340,黑龙江多宝山,大连,铁路,916.8,3,4,30956.40,已送达
TRS-00283,ORD-00341,新疆阿勒泰,呼和浩特,铁路,2673.4,6,6,85031.00,已送达
TRS-00284,ORD-00342,贵州贞丰,南宁,铁路,927.9,3,3,29445.06,已送达
TRS-00285,ORD-00343,福建上杭,宁波,水运,761.8,4,4,18308.78,已送达
TRS-00286,ORD-00345,河南洛阳,郑州,公路,168.1,1,1,7691.26,已送达
TRS-00287,ORD-00346,贵州贞丰,成都,公路,698.6,2,3,24200.09,已送达
TRS-00288,ORD-00348,黑龙江多宝山,长春,铁路,684.3,2,2,29132.05,已送达
TRS-00289,ORD-00349,新疆阿勒泰,兰州,铁路,3283.6,6,8,79925.97,延误
TRS-00290,ORD-00350,福建上杭,厦门,公路,271.5,1,1,11538.48,已送达
TRS-00291,ORD-00351,福建上杭,上海,水运,968.9,5,5,23001.55,已送达
TRS-00292,ORD-00352,新疆阿勒泰,北京,铁路,4097.4,7,7,104996.09,已送达
TRS-00293,ORD-00354,福建上杭,广州,水运,1159.7,5,6,23712.18,已送达
TRS-00294,ORD-00355,福建上杭,南京,公路,1016.7,3,3,44021.44,已送达
TRS-00295,ORD-00356,黑龙江多宝山,沈阳,铁路,912.5,3,4,36198.18,已送达
TRS-00296,ORD-00357,河南洛阳,西安,铁路,507.0,2,2,20368.35,已送达
TRS-00297,ORD-00358,福建上杭,杭州,公路,952.8,3,3,38465.07,已送达
TRS-00298,ORD-00360,福建上杭,深圳,水运,1052.6,5,5,24731.50,已送达
TRS-00299,ORD-00361,贵州贞丰,重庆,公路,490.5,2,2,25284.09,已送达
TRS-00300,ORD-00362,福建上杭,合肥,铁路,902.7,3,3,34367.69,已送达
TRS-00301,ORD-00363,福建上杭,佛山,水运,1162.1,5,6,24021.17,已送达
TRS-00302,ORD-00365,黑龙江多宝山,哈尔滨,公路,398.9,1,1,16218.96,已送达
TRS-00303,ORD-00366,新疆阿勒泰,石家庄,铁路,3290.0,7,8,86509.53,已送达
TRS-00304,ORD-00367,福建上杭,苏州,公路,956.5,3,3,45475.51,已送达
TRS-00305,ORD-00368,贵州贞丰,昆明,公路,622.7,2,2,27964.43,已送达
TRS-00306,ORD-00369,福建上杭,汕头,水运,650.7,4,4,20605.61,已送达
TRS-00307,ORD-00370,福建上杭,无锡,公路,913.9,3,3,38782.09,已送达
TRS-00308,ORD-00371,福建上杭,上海,水运,935.4,5,5,23315.91,已送达
TRS-00309,ORD-00373,新疆阿勒泰,天津,铁路,3880.1,7,7,86375.53,已送达
TRS-00310,ORD-00374,贵州贞丰,贵阳,公路,250.8,1,1,12490.46,已送达
TRS-00311,ORD-00376,河南洛阳,银川,铁路,1214.7,4,5,46263.22,已送达
TRS-00312,ORD-00377,福建上杭,温州,公路,586.5,2,2,32820.03,运输中
TRS-00313,ORD-00378,福建上杭,东莞,水运,926.7,5,5,27352.97,已送达
TRS-00314,ORD-00379,新疆阿勒泰,太原,铁路,3505.0,6,7,77759.02,已送达
TRS-00315,ORD-00380,福建上杭,苏州,公路,830.9,3,3,39451.86,已送达
TRS-00316,ORD-00381,黑龙江多宝山,大连,铁路,1059.6,3,3,32137.27,已送达
TRS-00317,ORD-00382,贵州贞丰,南宁,铁路,759.0,3,4,32217.06,已送达
TRS-00318,ORD-00384,福建上杭,珠海,水运,965.8,5,5,22148.82,已送达
TRS-00319,ORD-00385,河南洛阳,乌鲁木齐,铁路,3392.1,7,9,86837.08,延误
TRS-00320,ORD-00386,新疆阿勒泰,呼和浩特,铁路,2989.9,6,6,85002.68,已送达
TRS-00321,ORD-00387,福建上杭,上海,公路,1108.4,3,3,41628.38,已送达
TRS-00322,ORD-00388,贵州贞丰,成都,公路,587.8,2,2,30382.58,已送达
TRS-00323,ORD-00390,福建上杭,厦门,公路,279.4,1,1,13490.36,已送达
TRS-00324,ORD-00391,福建上杭,杭州,水运,669.7,4,4,22537.40,已送达
TRS-00325,ORD-00392,新疆阿勒泰,北京,铁路,3173.5,7,7,92609.71,已送达
TRS-00326,ORD-00394,福建上杭,广州,水运,1132.3,5,5,26541.01,已送达
TRS-00327,ORD-00395,贵州贞丰,重庆,公路,479.0,2,2,20205.00,已送达
TRS-00328,ORD-00396,黑龙江多宝山,沈阳,铁路,850.1,3,3,37010.24,已送达
TRS-00329,ORD-00397,福建上杭,合肥,公路,881.7,3,3,37055.80,已送达
TRS-00330,ORD-00398,新疆阿勒泰,石家庄,铁路,3415.1,7,8,107430.61,已送达
TRS-00331,ORD-00399,福建上杭,深圳,水运,939.4,5,5,27029.12,已送达
TRS-00332,ORD-00400,贵州贞丰,昆明,公路,504.6,2,2,24335.95,已送达
TRS-00333,ORD-00401,福建上杭,上海,公路,966.6,3,3,48245.53,已送达
TRS-00334,ORD-00402,福建上杭,广州,铁路,1245.0,4,4,39455.32,已送达
TRS-00335,ORD-00403,新疆阿勒泰,北京,铁路,4091.8,7,8,89957.49,已送达
TRS-00336,ORD-00404,贵州贞丰,成都,公路,737.9,2,2,26586.78,运输中
TRS-00337,ORD-00405,福建上杭,南京,水运,790.5,5,5,18798.01,已送达
TRS-00338,ORD-00406,新疆阿勒泰,兰州,铁路,2575.7,6,7,92360.04,已送达
TRS-00339,ORD-00408,福建上杭,杭州,公路,963.0,3,3,36549.62,已送达
TRS-00340,ORD-00409,黑龙江多宝山,沈阳,铁路,693.3,3,3,31563.39,已送达
TRS-00341,ORD-00410,河南洛阳,北京,公路,664.3,2,3,33153.78,已送达
TRS-00342,ORD-00412,贵州贞丰,重庆,公路,428.4,2,2,18968.62,已送达
TRS-00343,ORD-00413,福建上杭,上海,水运,798.3,5,6,18116.81,已送达
TRS-00344,ORD-00414,新疆阿勒泰,天津,铁路,3829.3,7,9,104152.83,延误
TRS-00345,ORD-00415,河南洛阳,西安,公路,592.4,2,2,22730.86,已送达
TRS-00346,ORD-00416,福建上杭,合肥,公路,778.1,3,3,42931.12,已送达
TRS-00347,ORD-00418,福建上杭,深圳,水运,949.0,5,5,28388.72,已送达
TRS-00348,ORD-00419,贵州贞丰,昆明,公路,479.3,2,2,30498.10,已送达
TRS-00349,ORD-00421,福建上杭,苏州,公路,955.1,3,4,44571.43,已送达
TRS-00350,ORD-00422,福建上杭,佛山,铁路,993.4,4,4,36485.35,已送达
TRS-00351,ORD-00423,新疆阿勒泰,银川,铁路,2199.1,5,6,73652.62,已送达
TRS-00352,ORD-00424,福建上杭,无锡,公路,831.8,3,3,44666.68,已送达
TRS-00353,ORD-00425,黑龙江多宝山,长春,铁路,564.9,2,2,29479.38,已送达
TRS-00354,ORD-00426,新疆阿勒泰,石家庄,铁路,3949.8,7,7,83658.73,已送达
TRS-00355,ORD-00428,福建上杭,东莞,水运,1096.8,5,5,21987.96,已送达
TRS-00356,ORD-00429,贵州贞丰,武汉,铁路,1278.5,4,5,40473.38,已送达
TRS-00357,ORD-00430,河南洛阳,乌鲁木齐,铁路,3736.6,7,8,84101.51,已送达
TRS-00358,ORD-00431,黑龙江多宝山,哈尔滨,公路,359.0,1,1,16901.07,已送达
TRS-00359,ORD-00433,福建上杭,汕头,公路,634.8,2,2,25722.75,已送达
TRS-00360,ORD-00434,新疆阿勒泰,太原,铁路,3598.7,6,7,81674.80,已送达
TRS-00361,ORD-00435,贵州贞丰,贵阳,公路,327.9,1,1,12949.43,已送达
TRS-00362,ORD-00437,福建上杭,珠海,水运,976.1,5,5,20058.53,已送达
TRS-00363,ORD-00438,河南洛阳,西宁,铁路,1333.5,4,5,46089.32,已送达
TRS-00364,ORD-00439,福建上杭,温州,公路,750.0,2,2,36742.02,已送达
TRS-00365,ORD-00440,黑龙江多宝山,大连,铁路,774.6,3,4,35022.92,已送达
TRS-00366,ORD-00441,新疆阿勒泰,呼和浩特,铁路,2303.5,6,6,89182.86,已送达
TRS-00367,ORD-00442,贵州贞丰,南宁,铁路,931.5,3,3,31805.22,已送达
TRS-00368,ORD-00443,福建上杭,宁波,水运,785.3,4,4,19592.48,已送达
TRS-00369,ORD-00445,河南洛阳,郑州,公路,157.8,1,1,7840.95,已送达
TRS-00370,ORD-00446,贵州贞丰,成都,公路,762.0,2,3,27590.25,已送达
TRS-00371,ORD-00448,黑龙江多宝山,长春,铁路,616.0,2,2,26428.53,已送达
TRS-00372,ORD-00449,新疆阿勒泰,兰州,铁路,2615.8,6,8,78586.50,延误
TRS-00373,ORD-00450,福建上杭,厦门,公路,215.9,1,1,13324.84,已送达
TRS-00374,ORD-00451,福建上杭,上海,水运,742.5,5,5,21210.51,已送达
TRS-00375,ORD-00452,新疆阿勒泰,北京,铁路,3941.2,7,7,92440.41,已送达
TRS-00376,ORD-00454,福建上杭,广州,水运,1125.0,5,6,25202.53,已送达
TRS-00377,ORD-00455,福建上杭,南京,公路,871.6,3,3,45614.68,已送达
TRS-00378,ORD-00456,黑龙江多宝山,沈阳,铁路,894.1,3,4,32351.17,已送达
TRS-00379,ORD-00457,河南洛阳,西安,铁路,514.8,2,2,20114.97,已送达
TRS-00380,ORD-00458,福建上杭,杭州,公路,828.6,3,3,39730.49,已送达
TRS-00381,ORD-00460,福建上杭,深圳,水运,1091.9,5,5,24532.67,已送达
TRS-00382,ORD-00461,贵州贞丰,重庆,公路,509.9,2,2,19578.46,已送达
TRS-00383,ORD-00462,福建上杭,合肥,铁路,820.2,3,3,38871.03,已送达
TRS-00384,ORD-00463,福建上杭,佛山,水运,1206.0,5,6,27170.20,已送达
TRS-00385,ORD-00465,黑龙江多宝山,哈尔滨,公路,328.6,1,1,16650.10,已送达
TRS-00386,ORD-00466,新疆阿勒泰,石家庄,铁路,3818.8,7,8,84144.49,已送达
TRS-00387,ORD-00467,福建上杭,苏州,公路,916.6,3,3,45230.02,已送达
TRS-00388,ORD-00468,贵州贞丰,昆明,公路,526.7,2,2,28212.39,已送达
TRS-00389,ORD-00469,福建上杭,汕头,水运,700.7,4,4,15415.83,已送达
TRS-00390,ORD-00470,福建上杭,无锡,公路,1022.6,3,3,46043.11,已送达
TRS-00391,ORD-00471,福建上杭,上海,水运,813.1,5,5,21291.09,已送达
TRS-00392,ORD-00473,新疆阿勒泰,天津,铁路,3899.7,7,7,94890.66,已送达
TRS-00393,ORD-00474,贵州贞丰,贵阳,公路,300.8,1,1,13411.96,已送达
TRS-00394,ORD-00476,河南洛阳,银川,铁路,1317.1,4,5,54558.62,已送达
TRS-00395,ORD-00477,福建上杭,温州,公路,678.2,2,2,29596.06,运输中
TRS-00396,ORD-00478,福建上杭,东莞,水运,1216.8,5,5,24173.09,已送达
TRS-00397,ORD-00479,新疆阿勒泰,太原,铁路,3096.9,6,7,98760.05,已送达
TRS-00398,ORD-00480,福建上杭,苏州,公路,905.9,3,3,37881.02,已送达
TRS-00399,ORD-00481,黑龙江多宝山,大连,铁路,1055.0,3,3,32853.64,已送达
TRS-00400,ORD-00482,贵州贞丰,南宁,铁路,728.3,3,4,34608.90,已送达
TRS-00401,ORD-00484,福建上杭,珠海,水运,1042.0,5,5,23429.25,已送达
TRS-00402,ORD-00485,河南洛阳,乌鲁木齐,铁路,2914.9,7,9,78302.22,延误
TRS-00403,ORD-00486,新疆阿勒泰,呼和浩特,铁路,2670.7,6,6,71790.34,已送达
TRS-00404,ORD-00487,福建上杭,上海,公路,1149.4,3,3,39824.10,已送达
TRS-00405,ORD-00488,贵州贞丰,成都,公路,587.1,2,2,25591.64,已送达
TRS-00406,ORD-00490,福建上杭,厦门,公路,228.3,1,1,12785.88,已送达
TRS-00407,ORD-00491,福建上杭,杭州,水运,682.2,4,4,21974.42,已送达
TRS-00408,ORD-00492,新疆阿勒泰,北京,铁路,3582.5,7,7,81351.92,已送达
TRS-00409,ORD-00494,福建上杭,广州,水运,1164.4,5,5,23828.87,已送达
TRS-00410,ORD-00495,贵州贞丰,重庆,公路,447.3,2,2,25668.15,已送达
TRS-00411,ORD-00496,黑龙江多宝山,沈阳,铁路,710.0,3,3,34479.01,已送达
TRS-00412,ORD-00497,福建上杭,合肥,公路,910.6,3,3,37711.84,已送达
TRS-00413,ORD-00498,新疆阿勒泰,石家庄,铁路,3604.8,7,8,89648.76,已送达
TRS-00414,ORD-00499,福建上杭,深圳,水运,1221.4,5,5,22182.25,已送达
TRS-00415,ORD-00500,贵州贞丰,昆明,公路,561.8,2,2,25320.07,已送达
TRS-00416,ORD-00501,福建上杭,上海,公路,1014.4,3,3,50917.05,已送达
TRS-00417,ORD-00502,福建上杭,广州,铁路,1235.2,4,4,38684.11,已送达
TRS-00418,ORD-00503,新疆阿勒泰,北京,铁路,3011.5,7,8,102017.84,已送达
TRS-00419,ORD-00504,贵州贞丰,成都,公路,740.9,2,2,23963.55,运输中
TRS-00420,ORD-00505,福建上杭,南京,水运,957.6,5,5,23112.63,已送达
TRS-00421,ORD-00506,新疆阿勒泰,兰州,铁路,2447.9,6,7,73767.12,已送达
TRS-00422,ORD-00508,福建上杭,杭州,公路,836.9,3,3,36248.86,已送达
TRS-00423,ORD-00509,黑龙江多宝山,沈阳,铁路,774.2,3,3,29325.73,已送达
TRS-00424,ORD-00510,河南洛阳,北京,公路,734.6,2,3,40461.47,已送达
TRS-00425,ORD-00512,贵州贞丰,重庆,公路,420.0,2,2,20636.24,已送达
TRS-00426,ORD-00513,福建上杭,上海,水运,849.6,5,6,20871.48,已送达
TRS-00427,ORD-00514,新疆阿勒泰,天津,铁路,4244.8,7,9,86278.51,延误
TRS-00428,ORD-00515,河南洛阳,西安,公路,600.2,2,2,24181.01,已送达
TRS-00429,ORD-00516,福建上杭,合肥,公路,825.8,3,3,38845.72,已送达
TRS-00430,ORD-00518,福建上杭,深圳,水运,1228.0,5,5,27246.10,已送达
TRS-00431,ORD-00519,贵州贞丰,昆明,公路,587.9,2,2,22969.15,已送达
TRS-00432,ORD-00521,福建上杭,苏州,公路,1080.7,3,4,40678.62,已送达
TRS-00433,ORD-00522,福建上杭,佛山,铁路,1271.2,4,4,38586.92,已送达
TRS-00434,ORD-00523,新疆阿勒泰,银川,铁路,2593.4,5,6,68993.28,已送达
TRS-00435,ORD-00524,福建上杭,无锡,公路,1103.3,3,3,39775.39,已送达
TRS-00436,ORD-00525,黑龙江多宝山,长春,铁路,620.8,2,2,23875.15,已送达
TRS-00437,ORD-00526,新疆阿勒泰,石家庄,铁路,3152.0,7,7,79848.55,已送达
TRS-00438,ORD-00528,福建上杭,东莞,水运,939.1,5,5,23514.14,已送达
TRS-00439,ORD-00529,贵州贞丰,武汉,铁路,1117.4,4,5,44632.77,已送达
TRS-00440,ORD-00530,河南洛阳,乌鲁木齐,铁路,2769.2,7,8,77570.42,已送达
TRS-00441,ORD-00531,黑龙江多宝山,哈尔滨,公路,357.0,1,1,15076.00,已送达
TRS-00442,ORD-00533,福建上杭,汕头,公路,559.4,2,2,34109.04,已送达
TRS-00443,ORD-00534,新疆阿勒泰,太原,铁路,3021.8,6,7,80712.68,已送达
TRS-00444,ORD-00535,贵州贞丰,贵阳,公路,293.1,1,1,12071.50,已送达
TRS-00445,ORD-00537,福建上杭,珠海,水运,1070.5,5,5,25712.32,已送达
TRS-00446,ORD-00538,河南洛阳,西宁,铁路,1557.0,4,5,56671.89,已送达
TRS-00447,ORD-00539,福建上杭,温州,公路,618.1,2,2,31665.82,已送达
TRS-00448,ORD-00540,黑龙江多宝山,大连,铁路,907.9,3,4,33225.48,已送达
TRS-00449,ORD-00541,新疆阿勒泰,呼和浩特,铁路,2916.6,6,6,69025.87,已送达
TRS-00450,ORD-00542,贵州贞丰,南宁,铁路,687.9,3,3,27689.98,已送达
TRS-00451,ORD-00543,福建上杭,宁波,水运,817.6,4,4,20960.66,已送达
TRS-00452,ORD-00545,河南洛阳,郑州,公路,138.0,1,1,8835.44,已送达
TRS-00453,ORD-00546,贵州贞丰,成都,公路,595.0,2,3,30304.04,已送达
TRS-00454,ORD-00548,黑龙江多宝山,长春,铁路,576.8,2,2,26685.10,已送达
TRS-00455,ORD-00549,新疆阿勒泰,兰州,铁路,2420.0,6,8,76835.72,延误
TRS-00456,ORD-00550,福建上杭,厦门,公路,291.3,1,1,14157.62,已送达
TRS-00457,ORD-00551,福建上杭,上海,水运,828.5,5,5,20008.98,已送达
TRS-00458,ORD-00552,新疆阿勒泰,北京,铁路,3365.4,7,7,81326.84,已送达
TRS-00459,ORD-00554,福建上杭,广州,水运,1254.6,5,6,28573.61,已送达
TRS-00460,ORD-00555,福建上杭,南京,公路,972.6,3,3,45159.28,已送达
TRS-00461,ORD-00556,黑龙江多宝山,沈阳,铁路,729.6,3,4,32799.97,已送达
TRS-00462,ORD-00557,河南洛阳,西安,铁路,572.3,2,2,21641.75,已送达
TRS-00463,ORD-00558,福建上杭,杭州,公路,1040.7,3,3,41494.87,已送达
TRS-00464,ORD-00560,福建上杭,深圳,水运,1018.4,5,5,27495.25,已送达
TRS-00465,ORD-00561,贵州贞丰,重庆,公路,439.6,2,2,19654.69,已送达
TRS-00466,ORD-00562,福建上杭,合肥,铁路,870.5,3,3,37899.68,已送达
TRS-00467,ORD-00563,福建上杭,佛山,水运,1321.7,5,6,21910.83,已送达
TRS-00468,ORD-00565,黑龙江多宝山,哈尔滨,公路,343.7,1,1,15132.93,已送达
TRS-00469,ORD-00566,新疆阿勒泰,石家庄,铁路,3266.9,7,8,91021.03,已送达
TRS-00470,ORD-00567,福建上杭,苏州,公路,1027.2,3,3,37861.16,已送达
TRS-00471,ORD-00568,贵州贞丰,昆明,公路,526.6,2,2,28247.57,已送达
TRS-00472,ORD-00569,福建上杭,汕头,水运,687.4,4,4,17510.87,已送达
TRS-00473,ORD-00570,福建上杭,无锡,公路,1032.5,3,3,37019.69,已送达
TRS-00474,ORD-00571,福建上杭,上海,水运,973.0,5,5,25396.62,已送达
TRS-00475,ORD-00573,新疆阿勒泰,天津,铁路,3246.9,7,7,112357.49,已送达
TRS-00476,ORD-00574,贵州贞丰,贵阳,公路,296.7,1,1,13528.78,已送达
TRS-00477,ORD-00576,河南洛阳,银川,铁路,1057.7,4,5,56093.52,已送达
TRS-00478,ORD-00577,福建上杭,温州,公路,707.8,2,2,28623.49,运输中
TRS-00479,ORD-00578,福建上杭,东莞,水运,1012.0,5,5,26663.93,已送达
TRS-00480,ORD-00579,新疆阿勒泰,太原,铁路,3179.4,6,7,86303.05,已送达
TRS-00481,ORD-00580,福建上杭,苏州,公路,1082.7,3,3,47611.10,已送达
TRS-00482,ORD-00581,黑龙江多宝山,大连,铁路,823.3,3,3,36720.58,已送达
TRS-00483,ORD-00582,贵州贞丰,南宁,铁路,734.0,3,4,33587.74,已送达
TRS-00484,ORD-00584,福建上杭,珠海,水运,964.1,5,5,22705.92,已送达
TRS-00485,ORD-00585,河南洛阳,乌鲁木齐,铁路,3221.7,7,9,93754.41,延误
TRS-00486,ORD-00586,新疆阿勒泰,呼和浩特,铁路,2503.8,6,6,66989.83,已送达
TRS-00487,ORD-00587,福建上杭,上海,公路,967.0,3,3,44589.47,已送达
TRS-00488,ORD-00588,贵州贞丰,成都,公路,708.4,2,2,31201.24,已送达
TRS-00489,ORD-00590,福建上杭,厦门,公路,231.3,1,1,13175.94,已送达
TRS-00490,ORD-00591,福建上杭,杭州,水运,813.8,4,4,17596.64,已送达
TRS-00491,ORD-00592,新疆阿勒泰,北京,铁路,3934.7,7,7,95324.62,已送达
TRS-00492,ORD-00594,福建上杭,广州,水运,1352.2,5,5,29971.29,已送达
TRS-00493,ORD-00595,贵州贞丰,重庆,公路,467.9,2,2,23850.97,已送达
TRS-00494,ORD-00596,黑龙江多宝山,沈阳,铁路,816.6,3,3,36125.31,已送达
TRS-00495,ORD-00597,福建上杭,合肥,公路,808.2,3,3,44376.52,已送达
TRS-00496,ORD-00598,新疆阿勒泰,石家庄,铁路,3932.3,7,8,105068.60,已送达
TRS-00497,ORD-00599,福建上杭,深圳,水运,1019.0,5,5,25450.08,已送达
TRS-00498,ORD-00600,贵州贞丰,昆明,公路,653.9,2,2,23513.98,已送达
TRS-00499,ORD-00601,福建上杭,上海,公路,948.8,3,3,38548.49,已送达
TRS-00500,ORD-00602,福建上杭,广州,铁路,1096.5,4,4,42281.84,已送达
TRS-00501,ORD-00603,新疆阿勒泰,北京,铁路,3752.4,7,8,88810.08,已送达
TRS-00502,ORD-00604,贵州贞丰,成都,公路,674.9,2,2,28525.34,运输中
TRS-00503,ORD-00605,福建上杭,南京,水运,804.9,5,5,20051.09,已送达
TRS-00504,ORD-00606,新疆阿勒泰,兰州,铁路,2658.7,6,7,87289.00,已送达
TRS-00505,ORD-00608,福建上杭,杭州,公路,786.1,3,3,48837.89,已送达
TRS-00506,ORD-00609,黑龙江多宝山,沈阳,铁路,901.1,3,3,30737.60,已送达
TRS-00507,ORD-00610,河南洛阳,北京,公路,652.7,2,3,37401.88,已送达
TRS-00508,ORD-00612,贵州贞丰,重庆,公路,473.5,2,2,19373.73,已送达
TRS-00509,ORD-00613,福建上杭,上海,水运,805.2,5,6,18506.27,已送达
TRS-00510,ORD-00614,新疆阿勒泰,天津,铁路,3104.0,7,9,97277.35,延误
TRS-00511,ORD-00615,河南洛阳,西安,公路,448.6,2,2,22399.80,已送达
TRS-00512,ORD-00616,福建上杭,合肥,公路,935.2,3,3,36782.56,已送达
TRS-00513,ORD-00618,福建上杭,深圳,水运,1041.8,5,5,23796.78,已送达
TRS-00514,ORD-00619,贵州贞丰,昆明,公路,601.0,2,2,22221.84,已送达
TRS-00515,ORD-00621,福建上杭,苏州,公路,1078.8,3,4,42222.09,已送达
TRS-00516,ORD-00622,福建上杭,佛山,铁路,1349.0,4,4,31407.84,已送达
TRS-00517,ORD-00623,新疆阿勒泰,银川,铁路,2228.6,5,6,73847.45,已送达
TRS-00518,ORD-00624,福建上杭,无锡,公路,972.9,3,3,47893.49,已送达
TRS-00519,ORD-00625,黑龙江多宝山,长春,铁路,613.8,2,2,23867.73,已送达
TRS-00520,ORD-00626,新疆阿勒泰,石家庄,铁路,3531.8,7,7,82389.68,已送达
TRS-00521,ORD-00628,福建上杭,东莞,水运,1238.1,5,5,22699.18,已送达
TRS-00522,ORD-00629,贵州贞丰,武汉,铁路,1000.3,4,5,40631.39,已送达
TRS-00523,ORD-00630,河南洛阳,乌鲁木齐,铁路,2931.7,7,8,78241.24,已送达
TRS-00524,ORD-00631,黑龙江多宝山,哈尔滨,公路,337.3,1,1,17644.56,已送达
TRS-00525,ORD-00633,福建上杭,汕头,公路,621.2,2,2,27736.41,已送达
TRS-00526,ORD-00634,新疆阿勒泰,太原,铁路,3492.9,6,7,88636.81,已送达
TRS-00527,ORD-00635,贵州贞丰,贵阳,公路,240.1,1,1,12188.32,已送达
TRS-00528,ORD-00637,福建上杭,珠海,水运,1037.8,5,5,21842.18,已送达
TRS-00529,ORD-00638,河南洛阳,西宁,铁路,1510.8,4,5,45543.63,已送达
TRS-00530,ORD-00639,福建上杭,温州,公路,593.0,2,2,28718.53,已送达
TRS-00531,ORD-00640,黑龙江多宝山,大连,铁路,797.7,3,4,30762.76,已送达
TRS-00532,ORD-00641,新疆阿勒泰,呼和浩特,铁路,2985.3,6,6,67720.85,已送达
TRS-00533,ORD-00642,贵州贞丰,南宁,铁路,778.3,3,3,32128.35,已送达
TRS-00534,ORD-00643,福建上杭,宁波,水运,857.5,4,4,17735.24,已送达
TRS-00535,ORD-00645,河南洛阳,郑州,公路,149.1,1,1,7097.00,已送达
TRS-00536,ORD-00646,贵州贞丰,成都,公路,636.8,2,3,29288.56,已送达
TRS-00537,ORD-00648,黑龙江多宝山,长春,铁路,588.1,2,2,24397.38,已送达
TRS-00538,ORD-00649,新疆阿勒泰,兰州,铁路,2759.0,6,8,82878.22,延误
TRS-00539,ORD-00650,福建上杭,厦门,公路,264.3,1,1,11030.41,已送达
TRS-00540,ORD-00651,福建上杭,上海,水运,814.6,5,5,21720.16,已送达
TRS-00541,ORD-00652,新疆阿勒泰,北京,铁路,3886.4,7,7,98315.40,已送达
TRS-00542,ORD-00654,福建上杭,广州,水运,1156.9,5,6,27030.07,已送达
TRS-00543,ORD-00655,福建上杭,南京,公路,856.3,3,3,43669.00,已送达
TRS-00544,ORD-00656,黑龙江多宝山,沈阳,铁路,775.5,3,4,28699.52,已送达
TRS-00545,ORD-00657,河南洛阳,西安,铁路,593.0,2,2,22323.47,已送达
TRS-00546,ORD-00658,福建上杭,杭州,公路,930.1,3,3,43835.82,已送达
TRS-00547,ORD-00660,福建上杭,深圳,水运,1005.7,5,5,25138.22,已送达
TRS-00548,ORD-00661,贵州贞丰,重庆,公路,454.1,2,2,25791.57,已送达
TRS-00549,ORD-00662,福建上杭,合肥,铁路,863.6,3,3,30021.42,已送达
TRS-00550,ORD-00663,福建上杭,佛山,水运,1023.4,5,6,23753.05,已送达
TRS-00551,ORD-00665,黑龙江多宝山,哈尔滨,公路,388.7,1,1,16878.79,已送达
TRS-00552,ORD-00666,新疆阿勒泰,石家庄,铁路,3695.1,7,8,85644.27,已送达
TRS-00553,ORD-00667,福建上杭,苏州,公路,1054.5,3,3,50159.63,已送达
TRS-00554,ORD-00668,贵州贞丰,昆明,公路,512.2,2,2,28502.40,已送达
TRS-00555,ORD-00669,福建上杭,汕头,水运,683.7,4,4,20831.92,已送达
TRS-00556,ORD-00670,福建上杭,无锡,公路,1041.7,3,3,40841.06,已送达
TRS-00557,ORD-00671,福建上杭,上海,水运,728.0,5,5,21652.64,已送达
TRS-00558,ORD-00673,新疆阿勒泰,天津,铁路,3854.8,7,7,105711.62,已送达
TRS-00559,ORD-00674,贵州贞丰,贵阳,公路,271.0,1,1,10445.92,已送达
TRS-00560,ORD-00676,河南洛阳,银川,铁路,1161.9,4,5,49790.78,已送达
TRS-00561,ORD-00677,福建上杭,温州,公路,760.0,2,2,34210.78,运输中
TRS-00562,ORD-00678,福建上杭,东莞,水运,1193.5,5,5,21095.38,已送达
TRS-00563,ORD-00679,新疆阿勒泰,太原,铁路,2867.1,6,7,79904.84,已送达
TRS-00564,ORD-00680,福建上杭,苏州,公路,956.9,3,3,40489.14,已送达
TRS-00565,ORD-00681,黑龙江多宝山,大连,铁路,1045.7,3,3,36011.34,已送达
TRS-00566,ORD-00682,贵州贞丰,南宁,铁路,704.8,3,4,33715.52,已送达
TRS-00567,ORD-00684,福建上杭,珠海,水运,985.6,5,5,26706.61,已送达
TRS-00568,ORD-00685,河南洛阳,乌鲁木齐,铁路,3460.9,7,9,80387.30,延误
TRS-00569,ORD-00686,新疆阿勒泰,呼和浩特,铁路,2648.5,6,6,78879.14,已送达
TRS-00570,ORD-00687,福建上杭,上海,公路,872.0,3,3,42511.95,已送达
TRS-00571,ORD-00688,贵州贞丰,成都,公路,598.3,2,2,25249.76,已送达
TRS-00572,ORD-00690,福建上杭,厦门,公路,221.2,1,1,12556.99,已送达
TRS-00573,ORD-00691,福建上杭,杭州,水运,685.5,4,4,20212.22,已送达
TRS-00574,ORD-00692,新疆阿勒泰,北京,铁路,3729.2,7,7,90487.31,已送达
TRS-00575,ORD-00694,福建上杭,广州,水运,1318.5,5,5,25694.16,已送达
TRS-00576,ORD-00695,贵州贞丰,重庆,公路,411.0,2,2,23796.52,已送达
TRS-00577,ORD-00696,黑龙江多宝山,沈阳,铁路,733.2,3,3,27688.93,已送达
TRS-00578,ORD-00697,福建上杭,合肥,公路,1026.7,3,3,40629.04,已送达
TRS-00579,ORD-00698,新疆阿勒泰,石家庄,铁路,3663.4,7,8,87408.19,已送达
TRS-00580,ORD-00699,福建上杭,深圳,水运,1037.1,5,5,23513.80,已送达
TRS-00581,ORD-00700,贵州贞丰,昆明,公路,545.7,2,2,27985.02,已送达
TRS-00582,ORD-00701,福建上杭,上海,公路,927.8,3,3,38796.48,已送达
TRS-00583,ORD-00702,福建上杭,广州,铁路,1171.6,4,4,43316.39,已送达
TRS-00584,ORD-00703,新疆阿勒泰,北京,铁路,3960.2,7,8,85471.31,已送达
TRS-00585,ORD-00704,贵州贞丰,成都,公路,661.7,2,2,24748.95,运输中
TRS-00586,ORD-00705,福建上杭,南京,水运,912.8,5,5,18848.10,已送达
TRS-00587,ORD-00706,新疆阿勒泰,兰州,铁路,2396.4,6,7,78567.56,已送达
TRS-00588,ORD-00708,福建上杭,杭州,公路,966.5,3,3,47650.09,已送达
TRS-00589,ORD-00709,黑龙江多宝山,沈阳,铁路,719.7,3,3,34193.89,已送达
TRS-00590,ORD-00710,河南洛阳,北京,公路,647.3,2,3,39923.24,已送达
TRS-00591,ORD-00712,贵州贞丰,重庆,公路,439.9,2,2,22504.97,已送达
TRS-00592,ORD-00713,福建上杭,上海,水运,982.6,5,6,23611.60,已送达
TRS-00593,ORD-00714,新疆阿勒泰,天津,铁路,3376.8,7,9,88923.93,延误
TRS-00594,ORD-00715,河南洛阳,西安,公路,516.8,2,2,27220.70,已送达
TRS-00595,ORD-00716,福建上杭,合肥,公路,774.7,3,3,40342.60,已送达
TRS-00596,ORD-00718,福建上杭,深圳,水运,1108.3,5,5,26389.75,已送达
TRS-00597,ORD-00719,贵州贞丰,昆明,公路,543.8,2,2,27418.74,已送达
TRS-00598,ORD-00721,福建上杭,苏州,公路,1035.4,3,4,47436.22,已送达
TRS-00599,ORD-00722,福建上杭,佛山,铁路,1015.9,4,4,36056.48,已送达
TRS-00600,ORD-00723,新疆阿勒泰,银川,铁路,2033.9,5,6,63219.60,已送达
TRS-00601,ORD-00724,福建上杭,无锡,公路,1029.0,3,3,47542.99,已送达
TRS-00602,ORD-00725,黑龙江多宝山,长春,铁路,574.9,2,2,25879.90,已送达
TRS-00603,ORD-00726,新疆阿勒泰,石家庄,铁路,3145.0,7,7,91112.11,已送达
TRS-00604,ORD-00728,福建上杭,东莞,水运,1002.8,5,5,20943.31,已送达
TRS-00605,ORD-00729,贵州贞丰,武汉,铁路,954.7,4,5,38426.26,已送达
TRS-00606,ORD-00730,河南洛阳,乌鲁木齐,铁路,3135.2,7,8,79516.10,已送达
TRS-00607,ORD-00731,黑龙江多宝山,哈尔滨,公路,371.9,1,1,14005.82,已送达
TRS-00608,ORD-00733,福建上杭,汕头,公路,573.0,2,2,31956.78,已送达
TRS-00609,ORD-00734,新疆阿勒泰,太原,铁路,3115.7,6,7,95977.50,已送达
TRS-00610,ORD-00735,贵州贞丰,贵阳,公路,318.4,1,1,14022.19,已送达
TRS-00611,ORD-00737,福建上杭,珠海,水运,1025.5,5,5,23427.73,已送达
TRS-00612,ORD-00738,河南洛阳,西宁,铁路,1408.3,4,5,52309.82,已送达
TRS-00613,ORD-00739,福建上杭,温州,公路,760.2,2,2,30958.30,已送达
TRS-00614,ORD-00740,黑龙江多宝山,大连,铁路,980.9,3,4,35161.92,已送达
TRS-00615,ORD-00741,新疆阿勒泰,呼和浩特,铁路,2572.8,6,6,73427.41,已送达
TRS-00616,ORD-00742,贵州贞丰,南宁,铁路,738.3,3,3,34501.18,已送达
TRS-00617,ORD-00743,福建上杭,宁波,水运,663.7,4,4,19832.06,已送达
TRS-00618,ORD-00745,河南洛阳,郑州,公路,129.8,1,1,7892.96,已送达
TRS-00619,ORD-00746,贵州贞丰,成都,公路,681.2,2,3,28794.22,已送达
TRS-00620,ORD-00748,黑龙江多宝山,长春,铁路,662.7,2,2,24799.15,已送达
TRS-00621,ORD-00749,新疆阿勒泰,兰州,铁路,3030.4,6,8,92124.62,延误
TRS-00622,ORD-00750,福建上杭,厦门,公路,266.9,1,1,10596.00,已送达
TRS-00623,ORD-00751,福建上杭,上海,水运,796.5,5,5,19600.97,已送达
TRS-00624,ORD-00752,新疆阿勒泰,北京,铁路,4129.3,7,7,108269.03,已送达
TRS-00625,ORD-00754,福建上杭,广州,水运,1091.4,5,6,30222.69,已送达
TRS-00626,ORD-00755,福建上杭,南京,公路,753.3,3,3,44670.88,已送达
TRS-00627,ORD-00756,黑龙江多宝山,沈阳,铁路,879.2,3,4,36785.31,已送达
TRS-00628,ORD-00757,河南洛阳,西安,铁路,587.1,2,2,22700.26,已送达
TRS-00629,ORD-00758,福建上杭,杭州,公路,943.0,3,3,36685.45,已送达
TRS-00630,ORD-00760,福建上杭,深圳,水运,1082.1,5,5,27665.20,已送达
TRS-00631,ORD-00761,贵州贞丰,重庆,公路,474.2,2,2,22743.09,已送达
TRS-00632,ORD-00762,福建上杭,合肥,铁路,967.8,3,3,40156.55,已送达
TRS-00633,ORD-00763,福建上杭,佛山,水运,1027.4,5,6,28552.08,已送达
TRS-00634,ORD-00765,黑龙江多宝山,哈尔滨,公路,379.0,1,1,13951.86,已送达
TRS-00635,ORD-00766,新疆阿勒泰,石家庄,铁路,2979.9,7,8,95483.95,已送达
TRS-00636,ORD-00767,福建上杭,苏州,公路,958.4,3,3,47967.27,已送达
TRS-00637,ORD-00768,贵州贞丰,昆明,公路,554.0,2,2,27068.68,已送达
TRS-00638,ORD-00769,福建上杭,汕头,水运,572.3,4,4,19781.14,已送达
TRS-00639,ORD-00770,福建上杭,无锡,公路,1043.0,3,3,38923.99,已送达
TRS-00640,ORD-00771,福建上杭,上海,水运,826.9,5,5,22401.15,已送达
TRS-00641,ORD-00773,新疆阿勒泰,天津,铁路,3099.3,7,7,92442.52,已送达
TRS-00642,ORD-00774,贵州贞丰,贵阳,公路,323.2,1,1,12774.00,已送达
TRS-00643,ORD-00776,河南洛阳,银川,铁路,1375.8,4,5,53682.67,已送达
TRS-00644,ORD-00777,福建上杭,温州,公路,766.6,2,2,28422.85,运输中
TRS-00645,ORD-00778,福建上杭,东莞,水运,1227.0,5,5,21989.54,已送达
TRS-00646,ORD-00779,新疆阿勒泰,太原,铁路,2772.9,6,7,72878.32,已送达
TRS-00647,ORD-00780,福建上杭,苏州,公路,1055.4,3,3,43862.11,已送达
TRS-00648,ORD-00781,黑龙江多宝山,大连,铁路,913.8,3,3,31552.78,已送达
TRS-00649,ORD-00782,贵州贞丰,南宁,铁路,885.8,3,4,28943.46,已送达
TRS-00650,ORD-00784,福建上杭,珠海,水运,1101.6,5,5,26214.02,已送达
TRS-00651,ORD-00785,河南洛阳,乌鲁木齐,铁路,3358.8,7,9,86314.36,延误
TRS-00652,ORD-00786,新疆阿勒泰,呼和浩特,铁路,2566.8,6,6,66418.40,已送达
TRS-00653,ORD-00787,福建上杭,上海,公路,1044.1,3,3,41622.43,已送达
TRS-00654,ORD-00788,贵州贞丰,成都,公路,558.2,2,2,29720.99,已送达
TRS-00655,ORD-00790,福建上杭,厦门,公路,247.7,1,1,12345.13,已送达
TRS-00656,ORD-00791,福建上杭,杭州,水运,835.7,4,4,19393.16,已送达
TRS-00657,ORD-00792,新疆阿勒泰,北京,铁路,3843.0,7,7,105162.24,已送达
TRS-00658,ORD-00794,福建上杭,广州,水运,1055.8,5,5,28624.23,已送达
TRS-00659,ORD-00795,贵州贞丰,重庆,公路,481.6,2,2,25626.77,已送达
TRS-00660,ORD-00796,黑龙江多宝山,沈阳,铁路,922.2,3,3,37293.25,已送达
TRS-00661,ORD-00797,福建上杭,合肥,公路,954.0,3,3,40704.28,已送达
TRS-00662,ORD-00798,新疆阿勒泰,石家庄,铁路,3838.3,7,8,91266.94,已送达
TRS-00663,ORD-00799,福建上杭,深圳,水运,1220.4,5,5,28563.62,已送达
TRS-00664,ORD-00800,贵州贞丰,昆明,公路,639.5,2,2,28595.06,已送达
TRS-00665,ORD-00801,福建上杭,上海,公路,915.2,3,3,46707.08,已送达
TRS-00666,ORD-00802,福建上杭,广州,铁路,1163.7,4,4,39921.81,已送达
TRS-00667,ORD-00803,新疆阿勒泰,北京,铁路,2998.2,7,8,96390.51,已送达
TRS-00668,ORD-00804,贵州贞丰,成都,公路,723.2,2,2,32711.06,运输中
TRS-00669,ORD-00805,福建上杭,南京,水运,794.6,5,5,22825.86,已送达
TRS-00670,ORD-00806,新疆阿勒泰,兰州,铁路,2852.5,6,7,94557.32,已送达
TRS-00671,ORD-00808,福建上杭,杭州,公路,838.5,3,3,39737.42,已送达
TRS-00672,ORD-00809,黑龙江多宝山,沈阳,铁路,851.6,3,3,27994.11,已送达
TRS-00673,ORD-00810,河南洛阳,北京,公路,872.1,2,3,35468.40,已送达
TRS-00674,ORD-00812,贵州贞丰,重庆,公路,461.1,2,2,24733.06,已送达
TRS-00675,ORD-00813,福建上杭,上海,水运,908.3,5,6,21956.03,已送达
TRS-00676,ORD-00814,新疆阿勒泰,天津,铁路,3170.2,7,9,102044.26,延误
TRS-00677,ORD-00815,河南洛阳,西安,公路,458.3,2,2,27644.42,已送达
TRS-00678,ORD-00816,福建上杭,合肥,公路,873.5,3,3,36822.16,已送达
TRS-00679,ORD-00818,福建上杭,深圳,水运,1026.7,5,5,25296.62,已送达
TRS-00680,ORD-00819,贵州贞丰,昆明,公路,515.0,2,2,28806.13,已送达
TRS-00681,ORD-00821,福建上杭,苏州,公路,904.3,3,4,40186.39,已送达
TRS-00682,ORD-00822,福建上杭,佛山,铁路,982.9,4,4,30977.78,已送达
TRS-00683,ORD-00823,新疆阿勒泰,银川,铁路,2111.1,5,6,75676.97,已送达
TRS-00684,ORD-00824,福建上杭,无锡,公路,837.5,3,3,50189.43,已送达
TRS-00685,ORD-00825,黑龙江多宝山,长春,铁路,615.4,2,2,23324.88,已送达
TRS-00686,ORD-00826,新疆阿勒泰,石家庄,铁路,3786.9,7,7,83160.82,已送达
TRS-00687,ORD-00828,福建上杭,东莞,水运,1002.4,5,5,25013.40,已送达
TRS-00688,ORD-00829,贵州贞丰,武汉,铁路,985.1,4,5,47497.63,已送达
TRS-00689,ORD-00830,河南洛阳,乌鲁木齐,铁路,3026.6,7,8,90106.98,已送达
TRS-00690,ORD-00831,黑龙江多宝山,哈尔滨,公路,338.6,1,1,15952.65,已送达
TRS-00691,ORD-00833,福建上杭,汕头,公路,577.9,2,2,27215.67,已送达
TRS-00692,ORD-00834,新疆阿勒泰,太原,铁路,3646.5,6,7,79442.02,已送达
TRS-00693,ORD-00835,贵州贞丰,贵阳,公路,258.9,1,1,12700.74,已送达
TRS-00694,ORD-00837,福建上杭,珠海,水运,1126.2,5,5,22229.27,已送达
TRS-00695,ORD-00838,河南洛阳,西宁,铁路,1422.0,4,5,54374.16,已送达
TRS-00696,ORD-00839,福建上杭,温州,公路,645.8,2,2,35487.49,已送达
TRS-00697,ORD-00840,黑龙江多宝山,大连,铁路,788.3,3,4,34362.40,已送达
TRS-00698,ORD-00841,新疆阿勒泰,呼和浩特,铁路,2333.4,6,6,74161.00,已送达
TRS-00699,ORD-00842,贵州贞丰,南宁,铁路,683.6,3,3,28818.85,已送达
TRS-00700,ORD-00843,福建上杭,宁波,水运,651.2,4,4,17250.80,已送达
TRS-00701,ORD-00845,河南洛阳,郑州,公路,150.6,1,1,7755.42,已送达
TRS-00702,ORD-00846,贵州贞丰,成都,公路,576.4,2,3,23801.85,已送达
TRS-00703,ORD-00848,黑龙江多宝山,长春,铁路,532.3,2,2,27639.62,已送达
TRS-00704,ORD-00849,新疆阿勒泰,兰州,铁路,2928.9,6,8,96456.93,延误
TRS-00705,ORD-00850,福建上杭,厦门,公路,244.0,1,1,11051.80,已送达
TRS-00706,ORD-00851,福建上杭,上海,水运,859.1,5,5,22990.66,已送达
TRS-00707,ORD-00852,新疆阿勒泰,北京,铁路,3217.2,7,7,99976.96,已送达
TRS-00708,ORD-00854,福建上杭,广州,水运,1184.7,5,6,26125.74,已送达
TRS-00709,ORD-00855,福建上杭,南京,公路,910.7,3,3,44764.60,已送达
TRS-00710,ORD-00856,黑龙江多宝山,沈阳,铁路,831.7,3,4,37060.93,已送达
TRS-00711,ORD-00857,河南洛阳,西安,铁路,567.7,2,2,20170.15,已送达
TRS-00712,ORD-00858,福建上杭,杭州,公路,825.1,3,3,39015.31,已送达
TRS-00713,ORD-00860,福建上杭,深圳,水运,1116.2,5,5,22001.57,已送达
TRS-00714,ORD-00861,贵州贞丰,重庆,公路,501.0,2,2,25703.00,已送达
TRS-00715,ORD-00862,福建上杭,合肥,铁路,884.9,3,3,31797.81,已送达
TRS-00716,ORD-00863,福建上杭,佛山,水运,1348.2,5,6,27688.30,已送达
TRS-00717,ORD-00865,黑龙江多宝山,哈尔滨,公路,300.2,1,1,17321.33,已送达
TRS-00718,ORD-00866,新疆阿勒泰,石家庄,铁路,3230.4,7,8,82383.61,已送达
TRS-00719,ORD-00867,福建上杭,苏州,公路,1069.0,3,3,41591.71,已送达
TRS-00720,ORD-00868,贵州贞丰,昆明,公路,521.3,2,2,26081.12,已送达
TRS-00721,ORD-00869,福建上杭,汕头,水运,758.2,4,4,17841.73,已送达
TRS-00722,ORD-00870,福建上杭,无锡,公路,1052.4,3,3,47388.32,已送达
TRS-00723,ORD-00871,福建上杭,上海,水运,983.7,5,5,24151.53,已送达
TRS-00724,ORD-00873,新疆阿勒泰,天津,铁路,3419.3,7,7,114204.10,已送达
TRS-00725,ORD-00874,贵州贞丰,贵阳,公路,275.6,1,1,11591.94,已送达
TRS-00726,ORD-00876,河南洛阳,银川,铁路,1294.4,4,5,41424.10,已送达
TRS-00727,ORD-00877,福建上杭,温州,公路,591.9,2,2,27733.28,运输中
TRS-00728,ORD-00878,福建上杭,东莞,水运,1089.2,5,5,27261.89,已送达
TRS-00729,ORD-00879,新疆阿勒泰,太原,铁路,3314.2,6,7,75164.39,已送达
TRS-00730,ORD-00880,福建上杭,苏州,公路,835.0,3,3,48217.02,已送达
TRS-00731,ORD-00881,黑龙江多宝山,大连,铁路,846.1,3,3,41354.96,已送达
TRS-00732,ORD-00882,贵州贞丰,南宁,铁路,753.3,3,4,27466.11,已送达
TRS-00733,ORD-00884,福建上杭,珠海,水运,1080.3,5,5,21191.72,已送达
TRS-00734,ORD-00885,河南洛阳,乌鲁木齐,铁路,3371.6,7,9,94738.86,延误
TRS-00735,ORD-00886,新疆阿勒泰,呼和浩特,铁路,3019.0,6,6,76269.10,已送达
TRS-00736,ORD-00887,福建上杭,上海,公路,895.2,3,3,42693.12,已送达
TRS-00737,ORD-00888,贵州贞丰,成都,公路,657.3,2,2,25403.14,已送达
TRS-00738,ORD-00890,福建上杭,厦门,公路,236.2,1,1,13725.19,已送达
TRS-00739,ORD-00891,福建上杭,杭州,水运,676.3,4,4,19685.54,已送达
TRS-00740,ORD-00892,新疆阿勒泰,北京,铁路,3662.5,7,7,94606.70,已送达
TRS-00741,ORD-00894,福建上杭,广州,水运,1212.7,5,5,22260.45,已送达
TRS-00742,ORD-00895,贵州贞丰,重庆,公路,457.2,2,2,21739.04,已送达
TRS-00743,ORD-00896,黑龙江多宝山,沈阳,铁路,790.6,3,3,30200.10,已送达
TRS-00744,ORD-00897,福建上杭,合肥,公路,951.9,3,3,46534.72,已送达
TRS-00745,ORD-00898,新疆阿勒泰,石家庄,铁路,2941.9,7,8,107731.17,已送达
TRS-00746,ORD-00899,福建上杭,深圳,水运,1117.3,5,5,25287.55,已送达
TRS-00747,ORD-00900,贵州贞丰,昆明,公路,532.0,2,2,22770.10,已送达
TRS-00748,ORD-00901,福建上杭,上海,公路,928.4,3,3,50519.07,已送达
TRS-00749,ORD-00902,福建上杭,广州,铁路,1254.1,4,4,34816.78,已送达
TRS-00750,ORD-00903,新疆阿勒泰,北京,铁路,3017.5,7,8,85026.14,已送达
TRS-00751,ORD-00904,贵州贞丰,成都,公路,740.9,2,2,29023.37,运输中
TRS-00752,ORD-00905,福建上杭,南京,水运,764.7,5,5,25479.39,已送达
TRS-00753,ORD-00906,新疆阿勒泰,兰州,铁路,2474.9,6,7,73583.11,已送达
TRS-00754,ORD-00908,福建上杭,杭州,公路,788.2,3,3,45801.17,已送达
TRS-00755,ORD-00909,黑龙江多宝山,沈阳,铁路,766.5,3,3,31484.19,已送达
TRS-00756,ORD-00910,河南洛阳,北京,公路,850.9,2,3,35347.13,已送达
TRS-00757,ORD-00912,贵州贞丰,重庆,公路,512.9,2,2,18885.13,已送达
TRS-00758,ORD-00913,福建上杭,上海,水运,969.6,5,6,20785.55,已送达
TRS-00759,ORD-00914,新疆阿勒泰,天津,铁路,3682.6,7,9,91621.08,延误
TRS-00760,ORD-00915,河南洛阳,西安,公路,584.7,2,2,21922.22,已送达
TRS-00761,ORD-00916,福建上杭,合肥,公路,798.5,3,3,38798.20,已送达
TRS-00762,ORD-00918,福建上杭,深圳,水运,1247.6,5,5,22081.60,已送达
TRS-00763,ORD-00919,贵州贞丰,昆明,公路,564.8,2,2,23583.48,已送达
TRS-00764,ORD-00921,福建上杭,苏州,公路,1002.8,3,4,40545.03,已送达
TRS-00765,ORD-00922,福建上杭,佛山,铁路,1212.8,4,4,39009.85,已送达
TRS-00766,ORD-00923,新疆阿勒泰,银川,铁路,2371.8,5,6,67330.08,已送达
TRS-00767,ORD-00924,福建上杭,无锡,公路,961.5,3,3,42619.06,已送达
TRS-00768,ORD-00925,黑龙江多宝山,长春,铁路,526.8,2,2,25706.65,已送达
TRS-00769,ORD-00926,新疆阿勒泰,石家庄,铁路,3759.2,7,7,81682.29,已送达
TRS-00770,ORD-00928,福建上杭,东莞,水运,1087.0,5,5,22737.98,已送达
TRS-00771,ORD-00929,贵州贞丰,武汉,铁路,1089.4,4,5,43318.84,已送达
TRS-00772,ORD-00930,河南洛阳,乌鲁木齐,铁路,2792.4,7,8,96678.74,已送达
TRS-00773,ORD-00931,黑龙江多宝山,哈尔滨,公路,320.2,1,1,13359.34,已送达
TRS-00774,ORD-00933,福建上杭,汕头,公路,587.3,2,2,27555.24,已送达
TRS-00775,ORD-00934,新疆阿勒泰,太原,铁路,2894.5,6,7,78255.50,已送达
TRS-00776,ORD-00935,贵州贞丰,贵阳,公路,298.3,1,1,10504.92,已送达
TRS-00777,ORD-00937,福建上杭,珠海,水运,1219.5,5,5,25344.97,已送达
TRS-00778,ORD-00938,河南洛阳,西宁,铁路,1635.9,4,5,44804.03,已送达
TRS-00779,ORD-00939,福建上杭,温州,公路,692.6,2,2,33503.26,已送达
TRS-00780,ORD-00940,黑龙江多宝山,大连,铁路,905.4,3,4,41783.83,已送达
TRS-00781,ORD-00941,新疆阿勒泰,呼和浩特,铁路,2515.4,6,6,67265.25,已送达
TRS-00782,ORD-00942,贵州贞丰,南宁,铁路,781.4,3,3,28082.82,已送达
TRS-00783,ORD-00943,福建上杭,宁波,水运,706.0,4,4,23244.26,已送达
TRS-00784,ORD-00945,河南洛阳,郑州,公路,161.7,1,1,9193.42,已送达
TRS-00785,ORD-00946,贵州贞丰,成都,公路,644.5,2,3,31350.00,已送达
TRS-00786,ORD-00948,黑龙江多宝山,长春,铁路,592.0,2,2,22075.00,已送达
TRS-00787,ORD-00949,新疆阿勒泰,兰州,铁路,2879.4,6,8,88688.00,延误
TRS-00788,ORD-00950,福建上杭,厦门,公路,248.0,1,1,12397.80,已送达
TRS-00789,ORD-00951,福建上杭,上海,水运,955.0,5,5,24820.91,已送达
TRS-00790,ORD-00952,新疆阿勒泰,北京,铁路,3090.5,7,7,108626.42,已送达
TRS-00791,ORD-00954,福建上杭,广州,水运,1069.1,5,6,22907.38,已送达
TRS-00792,ORD-00955,福建上杭,南京,公路,1002.9,3,3,36368.08,已送达
TRS-00793,ORD-00956,黑龙江多宝山,沈阳,铁路,929.9,3,4,29906.53,已送达
TRS-00794,ORD-00957,河南洛阳,西安,铁路,580.7,2,2,25181.73,已送达
TRS-00795,ORD-00958,福建上杭,杭州,公路,1057.6,3,3,47565.55,已送达
TRS-00796,ORD-00960,福建上杭,深圳,水运,1135.0,5,5,28884.55,已送达
TRS-00797,ORD-00961,贵州贞丰,重庆,公路,419.3,2,2,23107.55,已送达
TRS-00798,ORD-00962,福建上杭,合肥,铁路,973.8,3,3,30493.82,已送达
TRS-00799,ORD-00963,福建上杭,佛山,水运,1188.8,5,6,25715.73,已送达
TRS-00800,ORD-00965,黑龙江多宝山,哈尔滨,公路,401.6,1,1,16548.63,已送达
TRS-00801,ORD-00966,新疆阿勒泰,石家庄,铁路,3883.1,7,8,98683.89,已送达
TRS-00802,ORD-00967,福建上杭,苏州,公路,883.6,3,3,49093.96,已送达
TRS-00803,ORD-00968,贵州贞丰,昆明,公路,581.2,2,2,24015.91,已送达
TRS-00804,ORD-00969,福建上杭,汕头,水运,725.1,4,4,20915.68,已送达
TRS-00805,ORD-00970,福建上杭,无锡,公路,999.5,3,3,38773.57,已送达
TRS-00806,ORD-00971,福建上杭,上海,水运,934.1,5,5,21066.76,已送达
TRS-00807,ORD-00973,新疆阿勒泰,天津,铁路,3258.8,7,7,94570.49,已送达
TRS-00808,ORD-00974,贵州贞丰,贵阳,公路,285.1,1,1,12659.16,已送达
TRS-00809,ORD-00976,河南洛阳,银川,铁路,1131.9,4,5,54338.45,已送达
TRS-00810,ORD-00977,福建上杭,温州,公路,723.9,2,2,32826.37,运输中
TRS-00811,ORD-00978,福建上杭,东莞,水运,1174.3,5,5,27547.80,已送达
TRS-00812,ORD-00979,新疆阿勒泰,太原,铁路,2753.5,6,7,74062.03,已送达
TRS-00813,ORD-00980,福建上杭,苏州,公路,870.4,3,3,45391.79,已送达
TRS-00814,ORD-00981,黑龙江多宝山,大连,铁路,771.7,3,3,33189.84,已送达
TRS-00815,ORD-00982,贵州贞丰,南宁,铁路,816.0,3,4,30466.21,已送达
TRS-00816,ORD-00984,福建上杭,珠海,水运,946.6,5,5,26418.95,已送达
TRS-00817,ORD-00985,河南洛阳,乌鲁木齐,铁路,2894.3,7,9,90862.02,延误
TRS-00818,ORD-00986,新疆阿勒泰,呼和浩特,铁路,2963.3,6,6,71303.86,已送达
TRS-00819,ORD-00987,福建上杭,上海,公路,961.2,3,3,40876.96,已送达
TRS-00820,ORD-00988,贵州贞丰,成都,公路,553.5,2,2,25867.91,已送达
TRS-00821,ORD-00990,福建上杭,厦门,公路,231.2,1,1,13253.56,已送达
TRS-00822,ORD-00991,福建上杭,杭州,水运,796.1,4,4,23291.12,已送达
TRS-00823,ORD-00992,新疆阿勒泰,北京,铁路,3600.7,7,7,101857.96,已送达
TRS-00824,ORD-00994,福建上杭,广州,水运,1163.6,5,5,22705.75,已送达
TRS-00825,ORD-00995,贵州贞丰,重庆,公路,531.3,2,2,22605.15,已送达
TRS-00826,ORD-00996,黑龙江多宝山,沈阳,铁路,880.7,3,3,32589.82,已送达
TRS-00827,ORD-00997,福建上杭,合肥,公路,1025.1,3,3,36535.72,已送达
TRS-00828,ORD-00998,新疆阿勒泰,石家庄,铁路,3962.4,7,8,80695.59,已送达
TRS-00829,ORD-00999,福建上杭,深圳,水运,1119.4,5,5,23235.78,已送达
TRS-00830,ORD-01000,贵州贞丰,昆明,公路,555.5,2,2,23325.22,已送达
TRS-00831,ORD-01001,福建上杭,上海,公路,1068.2,3,3,39100.90,已送达
TRS-00832,ORD-01002,福建上杭,广州,铁路,1059.0,4,4,43089.42,已送达
TRS-00833,ORD-01003,新疆阿勒泰,北京,铁路,3632.8,7,8,93838.62,已送达
TRS-00834,ORD-01004,贵州贞丰,成都,公路,682.9,2,2,27035.85,运输中
TRS-00835,ORD-01005,福建上杭,南京,水运,862.4,5,5,22115.83,已送达
TRS-00836,ORD-01006,新疆阿勒泰,兰州,铁路,3271.1,6,7,71561.73,已送达
TRS-00837,ORD-01008,福建上杭,杭州,公路,954.5,3,3,44729.79,已送达
TRS-00838,ORD-01009,黑龙江多宝山,沈阳,铁路,922.5,3,3,30615.10,已送达
TRS-00839,ORD-01010,河南洛阳,北京,公路,709.6,2,3,35244.33,已送达
TRS-00840,ORD-01012,贵州贞丰,重庆,公路,419.9,2,2,21351.35,已送达
TRS-00841,ORD-01013,福建上杭,上海,水运,861.4,5,6,23598.43,已送达
TRS-00842,ORD-01014,新疆阿勒泰,天津,铁路,4047.2,7,9,109294.89,延误
TRS-00843,ORD-01015,河南洛阳,西安,公路,543.7,2,2,24386.14,已送达
TRS-00844,ORD-01016,福建上杭,合肥,公路,916.3,3,3,40114.24,已送达
TRS-00845,ORD-01018,福建上杭,深圳,水运,1267.0,5,5,25390.68,已送达
TRS-00846,ORD-01019,贵州贞丰,昆明,公路,515.5,2,2,24689.44,已送达
TRS-00847,ORD-01021,福建上杭,苏州,公路,961.3,3,4,39254.20,已送达
TRS-00848,ORD-01022,福建上杭,佛山,铁路,1274.1,4,4,42019.06,已送达
TRS-00849,ORD-01023,新疆阿勒泰,银川,铁路,2009.3,5,6,66405.82,已送达
TRS-00850,ORD-01024,福建上杭,无锡,公路,826.1,3,3,38545.11,已送达
TRS-00851,ORD-01025,黑龙江多宝山,长春,铁路,630.6,2,2,26649.62,已送达
TRS-00852,ORD-01026,新疆阿勒泰,石家庄,铁路,3968.5,7,7,79171.52,已送达
TRS-00853,ORD-01028,福建上杭,东莞,水运,979.6,5,5,24837.58,已送达
TRS-00854,ORD-01029,贵州贞丰,武汉,铁路,994.3,4,5,46768.60,已送达
TRS-00855,ORD-01030,河南洛阳,乌鲁木齐,铁路,3335.1,7,8,91309.24,已送达
TRS-00856,ORD-01031,黑龙江多宝山,哈尔滨,公路,395.8,1,1,16173.42,已送达
TRS-00857,ORD-01033,福建上杭,汕头,公路,665.6,2,2,32872.53,已送达
TRS-00858,ORD-01034,新疆阿勒泰,太原,铁路,3296.9,6,7,95514.67,已送达
TRS-00859,ORD-01035,贵州贞丰,贵阳,公路,254.0,1,1,11793.90,已送达
TRS-00860,ORD-01037,福建上杭,珠海,水运,1009.4,5,5,21280.52,已送达
TRS-00861,ORD-01038,河南洛阳,西宁,铁路,1481.8,4,5,57205.56,已送达
TRS-00862,ORD-01039,福建上杭,温州,公路,657.2,2,2,37483.33,已送达
TRS-00863,ORD-01040,黑龙江多宝山,大连,铁路,941.1,3,4,38503.76,已送达
TRS-00864,ORD-01041,新疆阿勒泰,呼和浩特,铁路,2883.4,6,6,88652.62,已送达
TRS-00865,ORD-01042,贵州贞丰,南宁,铁路,763.6,3,3,28550.62,已送达
TRS-00866,ORD-01043,福建上杭,宁波,水运,713.1,4,4,19237.40,已送达
TRS-00867,ORD-01045,河南洛阳,郑州,公路,135.1,1,1,7759.11,已送达
TRS-00868,ORD-01046,贵州贞丰,成都,公路,560.7,2,3,30186.69,已送达
TRS-00869,ORD-01048,黑龙江多宝山,长春,铁路,581.7,2,2,22730.88,已送达
TRS-00870,ORD-01049,新疆阿勒泰,兰州,铁路,2380.2,6,8,81525.22,延误
TRS-00871,ORD-01050,福建上杭,厦门,公路,276.4,1,1,13427.00,已送达
TRS-00872,ORD-01051,福建上杭,上海,水运,999.9,5,5,25056.86,已送达
TRS-00873,ORD-01052,新疆阿勒泰,北京,铁路,3223.4,7,7,86891.46,已送达
TRS-00874,ORD-01054,福建上杭,广州,水运,1254.0,5,6,30369.40,已送达
TRS-00875,ORD-01055,福建上杭,南京,公路,926.1,3,3,38932.84,已送达
TRS-00876,ORD-01056,黑龙江多宝山,沈阳,铁路,803.9,3,4,31719.68,已送达
TRS-00877,ORD-01057,河南洛阳,西安,铁路,581.9,2,2,21472.59,已送达
TRS-00878,ORD-01058,福建上杭,杭州,公路,1065.5,3,3,42610.60,已送达
TRS-00879,ORD-01060,福建上杭,深圳,水运,1008.5,5,5,21339.92,已送达
TRS-00880,ORD-01061,贵州贞丰,重庆,公路,445.9,2,2,24586.41,已送达
TRS-00881,ORD-01062,福建上杭,合肥,铁路,774.5,3,3,32816.53,已送达
TRS-00882,ORD-01063,福建上杭,佛山,水运,1343.6,5,6,25340.35,已送达
TRS-00883,ORD-01065,黑龙江多宝山,哈尔滨,公路,318.0,1,1,13138.57,已送达
TRS-00884,ORD-01066,新疆阿勒泰,石家庄,铁路,3765.6,7,8,88449.54,已送达
TRS-00885,ORD-01067,福建上杭,苏州,公路,1097.0,3,3,44228.21,已送达
TRS-00886,ORD-01068,贵州贞丰,昆明,公路,501.5,2,2,28402.87,已送达
TRS-00887,ORD-01069,福建上杭,汕头,水运,628.7,4,4,20558.68,已送达
TRS-00888,ORD-01070,福建上杭,无锡,公路,963.0,3,3,48747.72,已送达
TRS-00889,ORD-01071,福建上杭,上海,水运,842.5,5,5,22689.37,已送达
TRS-00890,ORD-01073,新疆阿勒泰,天津,铁路,3967.4,7,7,92943.79,已送达
TRS-00891,ORD-01074,贵州贞丰,贵阳,公路,307.4,1,1,13485.61,已送达
TRS-00892,ORD-01076,河南洛阳,银川,铁路,1398.4,4,5,46210.94,已送达
TRS-00893,ORD-01077,福建上杭,温州,公路,656.9,2,2,27262.30,运输中
TRS-00894,ORD-01078,福建上杭,东莞,水运,906.2,5,5,27314.16,已送达
TRS-00895,ORD-01079,新疆阿勒泰,太原,铁路,2686.7,6,7,93110.79,已送达
TRS-00896,ORD-01080,福建上杭,苏州,公路,1079.1,3,3,44967.51,已送达
TRS-00897,ORD-01081,黑龙江多宝山,大连,铁路,795.9,3,3,31530.20,已送达
TRS-00898,ORD-01082,贵州贞丰,南宁,铁路,897.1,3,4,32334.27,已送达
TRS-00899,ORD-01084,福建上杭,珠海,水运,1240.6,5,5,22793.21,已送达
TRS-00900,ORD-01085,河南洛阳,乌鲁木齐,铁路,2746.6,7,9,85626.11,延误
TRS-00901,ORD-01086,新疆阿勒泰,呼和浩特,铁路,2395.6,6,6,81834.09,已送达
TRS-00902,ORD-01087,福建上杭,上海,公路,1055.0,3,3,42197.13,已送达
TRS-00903,ORD-01088,贵州贞丰,成都,公路,635.6,2,2,24410.76,已送达
TRS-00904,ORD-01090,福建上杭,厦门,公路,237.2,1,1,12108.72,已送达
TRS-00905,ORD-01091,福建上杭,杭州,水运,680.4,4,4,17585.42,已送达
TRS-00906,ORD-01092,新疆阿勒泰,北京,铁路,4003.2,7,7,105246.89,已送达
TRS-00907,ORD-01094,福建上杭,广州,水运,1181.1,5,5,26843.88,已送达
TRS-00908,ORD-01095,贵州贞丰,重庆,公路,478.0,2,2,25605.71,已送达
TRS-00909,ORD-01096,黑龙江多宝山,沈阳,铁路,684.9,3,3,28073.31,已送达
TRS-00910,ORD-01097,福建上杭,合肥,公路,869.6,3,3,38511.76,已送达
TRS-00911,ORD-01098,新疆阿勒泰,石家庄,铁路,3208.8,7,8,107773.68,已送达
TRS-00912,ORD-01099,福建上杭,深圳,水运,1279.7,5,5,28612.30,已送达
TRS-00913,ORD-01100,贵州贞丰,昆明,公路,655.8,2,2,24831.01,已送达
TRS-00914,ORD-01101,福建上杭,上海,公路,1045.7,3,3,40061.70,已送达
TRS-00915,ORD-01102,福建上杭,广州,铁路,1324.8,4,4,37282.14,已送达
TRS-00916,ORD-01103,新疆阿勒泰,北京,铁路,3929.3,7,8,83477.45,已送达
TRS-00917,ORD-01104,贵州贞丰,成都,公路,595.6,2,2,27295.49,运输中
TRS-00918,ORD-01105,福建上杭,南京,水运,760.8,5,5,19158.83,已送达
TRS-00919,ORD-01106,新疆阿勒泰,兰州,铁路,2902.3,6,7,91935.20,已送达
TRS-00920,ORD-01108,福建上杭,杭州,公路,1065.5,3,3,46180.93,已送达
TRS-00921,ORD-01109,黑龙江多宝山,沈阳,铁路,717.9,3,3,31908.70,已送达
TRS-00922,ORD-01110,河南洛阳,北京,公路,817.9,2,3,37562.42,已送达
TRS-00923,ORD-01112,贵州贞丰,重庆,公路,472.3,2,2,19429.63,已送达
TRS-00924,ORD-01113,福建上杭,上海,水运,858.4,5,6,18868.71,已送达
TRS-00925,ORD-01114,新疆阿勒泰,天津,铁路,3090.3,7,9,91265.34,延误
TRS-00926,ORD-01115,河南洛阳,西安,公路,514.7,2,2,23263.87,已送达
TRS-00927,ORD-01116,福建上杭,合肥,公路,822.7,3,3,41815.72,已送达
TRS-00928,ORD-01118,福建上杭,深圳,水运,1004.8,5,5,27138.85,已送达
TRS-00929,ORD-01119,贵州贞丰,昆明,公路,543.2,2,2,23942.13,已送达
TRS-00930,ORD-01121,福建上杭,苏州,公路,839.1,3,4,48789.49,已送达
TRS-00931,ORD-01122,福建上杭,佛山,铁路,1043.1,4,4,38228.15,已送达
TRS-00932,ORD-01123,新疆阿勒泰,银川,铁路,2027.3,5,6,64787.76,已送达
TRS-00933,ORD-01124,福建上杭,无锡,公路,1040.3,3,3,43916.03,已送达
TRS-00934,ORD-01125,黑龙江多宝山,长春,铁路,561.1,2,2,28727.80,已送达
TRS-00935,ORD-01126,新疆阿勒泰,石家庄,铁路,3369.9,7,7,84590.78,已送达
TRS-00936,ORD-01128,福建上杭,东莞,水运,1079.7,5,5,28277.23,已送达
TRS-00937,ORD-01129,贵州贞丰,武汉,铁路,976.6,4,5,42966.80,已送达
TRS-00938,ORD-01130,河南洛阳,乌鲁木齐,铁路,3031.7,7,8,99321.38,已送达
TRS-00939,ORD-01131,黑龙江多宝山,哈尔滨,公路,361.0,1,1,15274.99,已送达
TRS-00940,ORD-01133,福建上杭,汕头,公路,714.1,2,2,30804.42,已送达
TRS-00941,ORD-01134,新疆阿勒泰,太原,铁路,2760.9,6,7,80460.24,已送达
TRS-00942,ORD-01135,贵州贞丰,贵阳,公路,257.2,1,1,12633.02,已送达
TRS-00943,ORD-01137,福建上杭,珠海,水运,994.3,5,5,20206.53,已送达
TRS-00944,ORD-01138,河南洛阳,西宁,铁路,1225.6,4,5,47827.62,已送达
TRS-00945,ORD-01139,福建上杭,温州,公路,749.3,2,2,35414.62,已送达
TRS-00946,ORD-01140,黑龙江多宝山,大连,铁路,775.5,3,4,39424.46,已送达
TRS-00947,ORD-01141,新疆阿勒泰,呼和浩特,铁路,2722.1,6,6,77844.39,已送达
TRS-00948,ORD-01142,贵州贞丰,南宁,铁路,928.5,3,3,32984.77,已送达
TRS-00949,ORD-01143,福建上杭,宁波,水运,646.8,4,4,19644.62,已送达
TRS-00950,ORD-01145,河南洛阳,郑州,公路,131.6,1,1,9420.99,已送达
TRS-00951,ORD-01146,贵州贞丰,成都,公路,755.4,2,3,25848.51,已送达
TRS-00952,ORD-01148,黑龙江多宝山,长春,铁路,689.5,2,2,27963.85,已送达
TRS-00953,ORD-01149,新疆阿勒泰,兰州,铁路,3135.0,6,8,94408.49,延误
TRS-00954,ORD-01150,福建上杭,厦门,公路,220.8,1,1,10673.62,已送达
TRS-00955,ORD-01151,福建上杭,上海,水运,919.3,5,5,23413.92,已送达
TRS-00956,ORD-01152,新疆阿勒泰,北京,铁路,3616.0,7,7,95390.45,已送达
TRS-00957,ORD-01154,福建上杭,广州,水运,1353.9,5,6,27302.05,已送达
TRS-00958,ORD-01155,福建上杭,南京,公路,1006.2,3,3,37548.16,已送达
TRS-00959,ORD-01156,黑龙江多宝山,沈阳,铁路,704.8,3,4,32219.17,已送达
TRS-00960,ORD-01157,河南洛阳,西安,铁路,472.8,2,2,18736.30,已送达
TRS-00961,ORD-01158,福建上杭,杭州,公路,859.8,3,3,47479.61,已送达
TRS-00962,ORD-01160,福建上杭,深圳,水运,1259.1,5,5,22018.90,已送达
TRS-00963,ORD-01161,贵州贞丰,重庆,公路,543.6,2,2,24209.61,已送达
TRS-00964,ORD-01162,福建上杭,合肥,铁路,1016.7,3,3,30108.05,已送达
TRS-00965,ORD-01163,福建上杭,佛山,水运,1207.9,5,6,22126.97,已送达
TRS-00966,ORD-01165,黑龙江多宝山,哈尔滨,公路,304.9,1,1,13070.76,已送达
TRS-00967,ORD-01166,新疆阿勒泰,石家庄,铁路,3497.3,7,8,83182.08,已送达
TRS-00968,ORD-01167,福建上杭,苏州,公路,1048.1,3,3,47280.48,已送达
TRS-00969,ORD-01168,贵州贞丰,昆明,公路,600.7,2,2,30346.24,已送达
TRS-00970,ORD-01169,福建上杭,汕头,水运,742.1,4,4,16438.10,已送达
TRS-00971,ORD-01170,福建上杭,无锡,公路,886.7,3,3,47284.74,已送达
TRS-00972,ORD-01171,福建上杭,上海,水运,987.7,5,5,24913.11,已送达
TRS-00973,ORD-01173,新疆阿勒泰,天津,铁路,3246.2,7,7,112480.38,已送达
TRS-00974,ORD-01174,贵州贞丰,贵阳,公路,268.1,1,1,12531.65,已送达
TRS-00975,ORD-01176,河南洛阳,银川,铁路,1158.0,4,5,51370.03,已送达
TRS-00976,ORD-01177,福建上杭,温州,公路,717.4,2,2,30969.92,运输中
TRS-00977,ORD-01178,福建上杭,东莞,水运,1188.7,5,5,21808.97,已送达
TRS-00978,ORD-01179,新疆阿勒泰,太原,铁路,3180.1,6,7,99234.10,已送达
TRS-00979,ORD-01180,福建上杭,苏州,公路,1090.4,3,3,45366.25,已送达
TRS-00980,ORD-01181,黑龙江多宝山,大连,铁路,784.2,3,3,38286.36,已送达
TRS-00981,ORD-01182,贵州贞丰,南宁,铁路,844.5,3,4,30502.11,已送达
TRS-00982,ORD-01184,福建上杭,珠海,水运,995.7,5,5,20005.40,已送达
TRS-00983,ORD-01185,河南洛阳,乌鲁木齐,铁路,3046.6,7,9,85373.46,延误
TRS-00984,ORD-01186,新疆阿勒泰,呼和浩特,铁路,2986.5,6,6,78022.00,已送达
TRS-00985,ORD-01187,福建上杭,上海,公路,1011.9,3,3,49528.58,已送达
TRS-00986,ORD-01188,贵州贞丰,成都,公路,594.2,2,2,27728.85,已送达
TRS-00987,ORD-01190,福建上杭,厦门,公路,227.1,1,1,10807.07,已送达
TRS-00988,ORD-01191,福建上杭,杭州,水运,692.9,4,4,19617.56,已送达
TRS-00989,ORD-01192,新疆阿勒泰,北京,铁路,3865.6,7,7,92484.31,已送达
TRS-00990,ORD-01194,福建上杭,广州,水运,1397.5,5,5,27893.22,已送达
TRS-00991,ORD-01195,贵州贞丰,重庆,公路,514.7,2,2,25786.49,已送达
TRS-00992,ORD-01196,黑龙江多宝山,沈阳,铁路,698.6,3,3,28114.50,已送达
TRS-00993,ORD-01197,福建上杭,合肥,公路,904.2,3,3,41860.60,已送达
TRS-00994,ORD-01198,新疆阿勒泰,石家庄,铁路,3462.7,7,8,105851.89,已送达
TRS-00995,ORD-01199,福建上杭,深圳,水运,1004.7,5,5,25214.12,已送达
TRS-00996,ORD-01200,贵州贞丰,昆明,公路,491.2,2,2,28584.76,已送达
TRS-00997,ORD-01201,福建上杭,上海,公路,1025.3,3,3,38682.14,已送达
TRS-00998,ORD-01202,福建上杭,广州,铁路,1063.5,4,4,33987.88,已送达
TRS-00999,ORD-01203,新疆阿勒泰,北京,铁路,3041.2,7,8,96102.10,已送达
TRS-01000,ORD-01204,贵州贞丰,成都,公路,737.1,2,2,30526.72,运输中
TRS-01001,ORD-01205,福建上杭,南京,水运,839.6,5,5,25552.71,已送达
TRS-01002,ORD-01206,新疆阿勒泰,兰州,铁路,2703.6,6,7,88571.64,已送达
TRS-01003,ORD-01208,福建上杭,杭州,公路,924.8,3,3,38290.43,已送达
TRS-01004,ORD-01209,黑龙江多宝山,沈阳,铁路,698.2,3,3,33785.22,已送达
TRS-01005,ORD-01210,河南洛阳,北京,公路,798.7,2,3,40185.43,已送达
TRS-01006,ORD-01212,贵州贞丰,重庆,公路,459.2,2,2,24956.67,已送达
TRS-01007,ORD-01213,福建上杭,上海,水运,855.9,5,6,18321.93,已送达
TRS-01008,ORD-01214,新疆阿勒泰,天津,铁路,3493.9,7,9,99573.49,延误
TRS-01009,ORD-01215,河南洛阳,西安,公路,584.3,2,2,25398.31,已送达
TRS-01010,ORD-01216,福建上杭,合肥,公路,981.4,3,3,34557.04,已送达
TRS-01011,ORD-01218,福建上杭,深圳,水运,1117.7,5,5,23313.32,已送达
TRS-01012,ORD-01219,贵州贞丰,昆明,公路,561.6,2,2,27759.37,已送达
TRS-01013,ORD-01221,福建上杭,苏州,公路,964.8,3,4,39216.45,已送达
TRS-01014,ORD-01222,福建上杭,佛山,铁路,1092.0,4,4,42197.26,已送达
TRS-01015,ORD-01223,新疆阿勒泰,银川,铁路,1962.7,5,6,70972.49,已送达
TRS-01016,ORD-01224,福建上杭,无锡,公路,1120.5,3,3,41703.81,已送达
TRS-01017,ORD-01225,黑龙江多宝山,长春,铁路,553.4,2,2,27043.97,已送达
TRS-01018,ORD-01226,新疆阿勒泰,石家庄,铁路,3047.8,7,7,94952.65,已送达
TRS-01019,ORD-01228,福建上杭,东莞,水运,1119.3,5,5,24439.99,已送达
TRS-01020,ORD-01229,贵州贞丰,武汉,铁路,946.6,4,5,46715.93,已送达
TRS-01021,ORD-01230,河南洛阳,乌鲁木齐,铁路,3311.7,7,8,89096.39,已送达
TRS-01022,ORD-01231,黑龙江多宝山,哈尔滨,公路,389.7,1,1,12889.59,已送达
TRS-01023,ORD-01233,福建上杭,汕头,公路,674.4,2,2,27536.43,已送达
TRS-01024,ORD-01234,新疆阿勒泰,太原,铁路,3342.5,6,7,95430.52,已送达
TRS-01025,ORD-01235,贵州贞丰,贵阳,公路,306.8,1,1,13972.69,已送达
TRS-01026,ORD-01237,福建上杭,珠海,水运,1213.6,5,5,21946.92,已送达
TRS-01027,ORD-01238,河南洛阳,西宁,铁路,1376.0,4,5,60682.18,已送达
TRS-01028,ORD-01239,福建上杭,温州,公路,629.2,2,2,32374.40,已送达
TRS-01029,ORD-01240,黑龙江多宝山,大连,铁路,990.1,3,4,38605.93,已送达
TRS-01030,ORD-01241,新疆阿勒泰,呼和浩特,铁路,3045.5,6,6,66593.44,已送达
TRS-01031,ORD-01242,贵州贞丰,南宁,铁路,855.6,3,3,32675.36,已送达
TRS-01032,ORD-01243,福建上杭,宁波,水运,852.4,4,4,21477.44,已送达
TRS-01033,ORD-01245,河南洛阳,郑州,公路,133.8,1,1,7369.98,已送达
TRS-01034,ORD-01246,贵州贞丰,成都,公路,625.2,2,3,27686.34,已送达
TRS-01035,ORD-01248,黑龙江多宝山,长春,铁路,581.9,2,2,28098.33,已送达
TRS-01036,ORD-01249,新疆阿勒泰,兰州,铁路,3018.7,6,8,69905.66,延误
TRS-01037,ORD-01250,福建上杭,厦门,公路,227.3,1,1,13777.86,已送达
TRS-01038,ORD-01251,福建上杭,上海,水运,845.1,5,5,19543.61,已送达
TRS-01039,ORD-01252,新疆阿勒泰,北京,铁路,3916.2,7,7,82132.54,已送达
TRS-01040,ORD-01254,福建上杭,广州,水运,1366.7,5,6,30014.19,已送达
TRS-01041,ORD-01255,福建上杭,南京,公路,804.9,3,3,37029.40,已送达
TRS-01042,ORD-01256,黑龙江多宝山,沈阳,铁路,934.4,3,4,36600.51,已送达
TRS-01043,ORD-01257,河南洛阳,西安,铁路,506.1,2,2,23396.49,已送达
TRS-01044,ORD-01258,福建上杭,杭州,公路,911.9,3,3,36725.64,已送达
TRS-01045,ORD-01260,福建上杭,深圳,水运,1073.6,5,5,26374.07,已送达
TRS-01046,ORD-01261,贵州贞丰,重庆,公路,487.0,2,2,25612.97,已送达
TRS-01047,ORD-01262,福建上杭,合肥,铁路,751.2,3,3,36551.80,已送达
TRS-01048,ORD-01263,福建上杭,佛山,水运,1285.2,5,6,22279.60,已送达
TRS-01049,ORD-01265,黑龙江多宝山,哈尔滨,公路,328.2,1,1,16677.83,已送达
TRS-01050,ORD-01266,新疆阿勒泰,石家庄,铁路,3446.3,7,8,80428.42,已送达
TRS-01051,ORD-01267,福建上杭,苏州,公路,832.1,3,3,50281.66,已送达
TRS-01052,ORD-01268,贵州贞丰,昆明,公路,538.4,2,2,23139.90,已送达
TRS-01053,ORD-01269,福建上杭,汕头,水运,668.6,4,4,21237.03,已送达
TRS-01054,ORD-01270,福建上杭,无锡,公路,1048.7,3,3,48642.72,已送达
TRS-01055,ORD-01271,福建上杭,上海,水运,970.8,5,5,20565.09,已送达
TRS-01056,ORD-01273,新疆阿勒泰,天津,铁路,4081.2,7,7,86896.21,已送达
TRS-01057,ORD-01274,贵州贞丰,贵阳,公路,288.8,1,1,13370.77,已送达
TRS-01058,ORD-01276,河南洛阳,银川,铁路,1138.1,4,5,41088.29,已送达
TRS-01059,ORD-01277,福建上杭,温州,公路,764.2,2,2,32595.10,运输中
TRS-01060,ORD-01278,福建上杭,东莞,水运,1010.9,5,5,25003.10,已送达
TRS-01061,ORD-01279,新疆阿勒泰,太原,铁路,2641.0,6,7,89043.54,已送达
TRS-01062,ORD-01280,福建上杭,苏州,公路,1081.2,3,3,42614.81,已送达
TRS-01063,ORD-01281,黑龙江多宝山,大连,铁路,985.9,3,3,31608.61,已送达
TRS-01064,ORD-01282,贵州贞丰,南宁,铁路,836.6,3,4,33688.06,已送达
TRS-01065,ORD-01284,福建上杭,珠海,水运,945.9,5,5,19658.54,已送达
TRS-01066,ORD-01285,河南洛阳,乌鲁木齐,铁路,3233.4,7,9,87850.58,延误
TRS-01067,ORD-01286,新疆阿勒泰,呼和浩特,铁路,2576.6,6,6,72675.80,已送达
TRS-01068,ORD-01287,福建上杭,上海,公路,953.6,3,3,44564.22,已送达
TRS-01069,ORD-01288,贵州贞丰,成都,公路,682.0,2,2,27417.46,已送达
TRS-01070,ORD-01290,福建上杭,厦门,公路,234.4,1,1,11959.03,已送达
TRS-01071,ORD-01291,福建上杭,杭州,水运,653.9,4,4,18484.34,已送达
TRS-01072,ORD-01292,新疆阿勒泰,北京,铁路,3531.7,7,7,99083.48,已送达
TRS-01073,ORD-01294,福建上杭,广州,水运,1055.1,5,5,27761.94,已送达
TRS-01074,ORD-01295,贵州贞丰,重庆,公路,531.8,2,2,21155.33,已送达
TRS-01075,ORD-01296,黑龙江多宝山,沈阳,铁路,826.0,3,3,32071.33,已送达
TRS-01076,ORD-01297,福建上杭,合肥,公路,1024.2,3,3,35399.20,已送达
TRS-01077,ORD-01298,新疆阿勒泰,石家庄,铁路,2982.8,7,8,88118.61,已送达
TRS-01078,ORD-01299,福建上杭,深圳,水运,1059.1,5,5,27838.45,已送达
TRS-01079,ORD-01300,贵州贞丰,昆明,公路,656.0,2,2,22924.54,已送达
TRS-01080,ORD-01301,福建上杭,上海,公路,1104.7,3,3,48885.57,已送达
TRS-01081,ORD-01302,福建上杭,广州,铁路,1343.9,4,4,33537.70,已送达
TRS-01082,ORD-01303,新疆阿勒泰,北京,铁路,3115.9,7,8,92863.64,已送达
TRS-01083,ORD-01304,贵州贞丰,成都,公路,637.7,2,2,29588.86,运输中
TRS-01084,ORD-01305,福建上杭,南京,水运,746.9,5,5,21213.41,已送达
TRS-01085,ORD-01306,新疆阿勒泰,兰州,铁路,2729.5,6,7,70801.34,已送达
TRS-01086,ORD-01308,福建上杭,杭州,公路,801.2,3,3,37657.03,已送达
TRS-01087,ORD-01309,黑龙江多宝山,沈阳,铁路,896.9,3,3,28725.92,已送达
TRS-01088,ORD-01310,河南洛阳,北京,公路,824.7,2,3,36534.47,已送达
TRS-01089,ORD-01312,贵州贞丰,重庆,公路,478.6,2,2,23267.27,已送达
TRS-01090,ORD-01313,福建上杭,上海,水运,912.2,5,6,22030.18,已送达
TRS-01091,ORD-01314,新疆阿勒泰,天津,铁路,3179.4,7,9,90495.65,延误
TRS-01092,ORD-01315,河南洛阳,西安,公路,467.2,2,2,20613.84,已送达
TRS-01093,ORD-01316,福建上杭,合肥,公路,819.5,3,3,39701.08,已送达
TRS-01094,ORD-01318,福建上杭,深圳,水运,1066.3,5,5,26817.10,已送达
TRS-01095,ORD-01319,贵州贞丰,昆明,公路,585.4,2,2,29235.99,已送达
TRS-01096,ORD-01321,福建上杭,苏州,公路,1031.3,3,4,39180.15,已送达
TRS-01097,ORD-01322,福建上杭,佛山,铁路,1059.0,4,4,34870.86,已送达
TRS-01098,ORD-01323,新疆阿勒泰,银川,铁路,2439.5,5,6,80835.26,已送达
TRS-01099,ORD-01324,福建上杭,无锡,公路,1019.4,3,3,46734.16,已送达
TRS-01100,ORD-01325,黑龙江多宝山,长春,铁路,539.9,2,2,26112.55,已送达
TRS-01101,ORD-01326,新疆阿勒泰,石家庄,铁路,3472.4,7,7,87645.00,已送达
TRS-01102,ORD-01328,福建上杭,东莞,水运,1206.6,5,5,20986.08,已送达
TRS-01103,ORD-01329,贵州贞丰,武汉,铁路,1011.4,4,5,46373.59,已送达
TRS-01104,ORD-01330,河南洛阳,乌鲁木齐,铁路,3770.3,7,8,77036.08,已送达
TRS-01105,ORD-01331,黑龙江多宝山,哈尔滨,公路,358.1,1,1,17479.73,已送达
TRS-01106,ORD-01333,福建上杭,汕头,公路,733.6,2,2,28367.04,已送达
TRS-01107,ORD-01334,新疆阿勒泰,太原,铁路,3156.8,6,7,97295.85,已送达
TRS-01108,ORD-01335,贵州贞丰,贵阳,公路,287.5,1,1,12530.86,已送达
TRS-01109,ORD-01337,福建上杭,珠海,水运,1022.3,5,5,26969.22,已送达
TRS-01110,ORD-01338,河南洛阳,西宁,铁路,1473.9,4,5,50260.91,已送达
TRS-01111,ORD-01339,福建上杭,温州,公路,597.4,2,2,30069.15,已送达
TRS-01112,ORD-01340,黑龙江多宝山,大连,铁路,827.8,3,4,39279.53,已送达
TRS-01113,ORD-01341,新疆阿勒泰,呼和浩特,铁路,2877.4,6,6,71270.39,已送达
TRS-01114,ORD-01342,贵州贞丰,南宁,铁路,876.1,3,3,37312.26,已送达
TRS-01115,ORD-01343,福建上杭,宁波,水运,748.5,4,4,22264.82,已送达
TRS-01116,ORD-01345,河南洛阳,郑州,公路,154.6,1,1,9407.79,已送达
TRS-01117,ORD-01346,贵州贞丰,成都,公路,638.5,2,3,26053.64,已送达
TRS-01118,ORD-01348,黑龙江多宝山,长春,铁路,706.6,2,2,29424.10,已送达
TRS-01119,ORD-01349,新疆阿勒泰,兰州,铁路,2584.9,6,8,70059.90,延误
TRS-01120,ORD-01350,福建上杭,厦门,公路,279.6,1,1,10390.87,已送达
TRS-01121,ORD-01351,福建上杭,上海,水运,978.6,5,5,22035.97,已送达
TRS-01122,ORD-01352,新疆阿勒泰,北京,铁路,3113.1,7,7,85264.40,已送达
TRS-01123,ORD-01354,福建上杭,广州,水运,1277.1,5,6,23597.21,已送达
TRS-01124,ORD-01355,福建上杭,南京,公路,883.6,3,3,47134.00,已送达
TRS-01125,ORD-01356,黑龙江多宝山,沈阳,铁路,840.1,3,4,37218.27,已送达
TRS-01126,ORD-01357,河南洛阳,西安,铁路,488.1,2,2,21310.70,已送达
TRS-01127,ORD-01358,福建上杭,杭州,公路,926.3,3,3,38778.31,已送达
TRS-01128,ORD-01360,福建上杭,深圳,水运,936.8,5,5,24558.25,已送达
TRS-01129,ORD-01361,贵州贞丰,重庆,公路,542.6,2,2,19718.58,已送达
TRS-01130,ORD-01362,福建上杭,合肥,铁路,775.1,3,3,37705.64,已送达
TRS-01131,ORD-01363,福建上杭,佛山,水运,1265.5,5,6,22551.02,已送达
TRS-01132,ORD-01365,黑龙江多宝山,哈尔滨,公路,301.1,1,1,15920.97,已送达
TRS-01133,ORD-01366,新疆阿勒泰,石家庄,铁路,3009.3,7,8,101634.88,已送达
TRS-01134,ORD-01367,福建上杭,苏州,公路,827.8,3,3,46159.47,已送达
TRS-01135,ORD-01368,贵州贞丰,昆明,公路,506.3,2,2,24671.43,已送达
TRS-01136,ORD-01369,福建上杭,汕头,水运,714.7,4,4,15567.30,已送达
TRS-01137,ORD-01370,福建上杭,无锡,公路,1120.5,3,3,48610.08,已送达
TRS-01138,ORD-01371,福建上杭,上海,水运,776.2,5,5,23578.72,已送达
TRS-01139,ORD-01373,新疆阿勒泰,天津,铁路,3958.7,7,7,109330.47,已送达
TRS-01140,ORD-01374,贵州贞丰,贵阳,公路,317.1,1,1,11738.86,已送达
TRS-01141,ORD-01376,河南洛阳,银川,铁路,1377.3,4,5,50606.54,已送达
TRS-01142,ORD-01377,福建上杭,温州,公路,710.1,2,2,28615.04,运输中
TRS-01143,ORD-01378,福建上杭,东莞,水运,1123.7,5,5,24161.21,已送达
TRS-01144,ORD-01379,新疆阿勒泰,太原,铁路,3000.2,6,7,78426.61,已送达
TRS-01145,ORD-01380,福建上杭,苏州,公路,863.3,3,3,48008.42,已送达
TRS-01146,ORD-01381,黑龙江多宝山,大连,铁路,1050.7,3,3,40189.54,已送达
TRS-01147,ORD-01382,贵州贞丰,南宁,铁路,844.0,3,4,31433.50,已送达
TRS-01148,ORD-01384,福建上杭,珠海,水运,1148.6,5,5,25201.51,已送达
TRS-01149,ORD-01385,河南洛阳,乌鲁木齐,铁路,3050.2,7,9,80953.58,延误
TRS-01150,ORD-01386,新疆阿勒泰,呼和浩特,铁路,2261.5,6,6,86325.72,已送达
TRS-01151,ORD-01387,福建上杭,上海,公路,950.7,3,3,40229.50,已送达
TRS-01152,ORD-01388,贵州贞丰,成都,公路,650.2,2,2,31859.13,已送达
TRS-01153,ORD-01390,福建上杭,厦门,公路,275.2,1,1,13451.56,已送达
TRS-01154,ORD-01391,福建上杭,杭州,水运,742.7,4,4,22184.96,已送达
TRS-01155,ORD-01392,新疆阿勒泰,北京,铁路,3152.1,7,7,98911.06,已送达
TRS-01156,ORD-01394,福建上杭,广州,水运,1177.1,5,5,28866.19,已送达
TRS-01157,ORD-01395,贵州贞丰,重庆,公路,467.3,2,2,24542.12,已送达
TRS-01158,ORD-01396,黑龙江多宝山,沈阳,铁路,858.3,3,3,35863.42,已送达
TRS-01159,ORD-01397,福建上杭,合肥,公路,1031.5,3,3,39318.28,已送达
TRS-01160,ORD-01398,新疆阿勒泰,石家庄,铁路,2987.2,7,8,85953.94,已送达
TRS-01161,ORD-01399,福建上杭,深圳,水运,1151.2,5,5,22090.67,已送达
TRS-01162,ORD-01400,贵州贞丰,昆明,公路,644.3,2,2,27735.34,已送达
TRS-01163,ORD-01401,福建上杭,上海,公路,854.4,3,3,41554.12,已送达
TRS-01164,ORD-01402,福建上杭,广州,铁路,1238.8,4,4,42793.47,已送达
TRS-01165,ORD-01403,新疆阿勒泰,北京,铁路,3008.6,7,8,89286.60,已送达
TRS-01166,ORD-01404,贵州贞丰,成都,公路,581.4,2,2,24452.34,运输中
TRS-01167,ORD-01405,福建上杭,南京,水运,859.9,5,5,20277.60,已送达
TRS-01168,ORD-01406,新疆阿勒泰,兰州,铁路,3052.7,6,7,87137.46,已送达
TRS-01169,ORD-01408,福建上杭,杭州,公路,1068.6,3,3,37605.75,已送达
TRS-01170,ORD-01409,黑龙江多宝山,沈阳,铁路,864.1,3,3,29546.43,已送达
TRS-01171,ORD-01410,河南洛阳,北京,公路,683.8,2,3,40257.04,已送达
TRS-01172,ORD-01412,贵州贞丰,重庆,公路,506.8,2,2,19449.23,已送达
TRS-01173,ORD-01413,福建上杭,上海,水运,975.9,5,6,23512.50,已送达
TRS-01174,ORD-01414,新疆阿勒泰,天津,铁路,4083.8,7,9,88248.02,延误
TRS-01175,ORD-01415,河南洛阳,西安,公路,453.7,2,2,22773.62,已送达
TRS-01176,ORD-01416,福建上杭,合肥,公路,894.1,3,3,41143.84,已送达
TRS-01177,ORD-01418,福建上杭,深圳,水运,1164.1,5,5,22496.58,已送达
TRS-01178,ORD-01419,贵州贞丰,昆明,公路,483.8,2,2,28543.58,已送达
TRS-01179,ORD-01421,福建上杭,苏州,公路,885.9,3,4,41327.66,已送达
TRS-01180,ORD-01422,福建上杭,佛山,铁路,1227.8,4,4,33698.30,已送达
TRS-01181,ORD-01423,新疆阿勒泰,银川,铁路,1960.8,5,6,75387.10,已送达
TRS-01182,ORD-01424,福建上杭,无锡,公路,1125.3,3,3,45566.33,已送达
TRS-01183,ORD-01425,黑龙江多宝山,长春,铁路,591.4,2,2,23531.12,已送达
TRS-01184,ORD-01426,新疆阿勒泰,石家庄,铁路,3297.5,7,7,99026.96,已送达
TRS-01185,ORD-01428,福建上杭,东莞,水运,1135.8,5,5,21653.74,已送达
TRS-01186,ORD-01429,贵州贞丰,武汉,铁路,1135.3,4,5,45188.56,已送达
TRS-01187,ORD-01430,河南洛阳,乌鲁木齐,铁路,3258.7,7,8,80169.50,已送达
TRS-01188,ORD-01431,黑龙江多宝山,哈尔滨,公路,389.3,1,1,15819.00,已送达
TRS-01189,ORD-01433,福建上杭,汕头,公路,658.1,2,2,27015.69,已送达
TRS-01190,ORD-01434,新疆阿勒泰,太原,铁路,2663.8,6,7,100193.41,已送达
TRS-01191,ORD-01435,贵州贞丰,贵阳,公路,257.0,1,1,10468.09,已送达
TRS-01192,ORD-01437,福建上杭,珠海,水运,1212.5,5,5,21301.77,已送达
TRS-01193,ORD-01438,河南洛阳,西宁,铁路,1630.1,4,5,49373.74,已送达
TRS-01194,ORD-01439,福建上杭,温州,公路,648.9,2,2,30163.14,已送达
TRS-01195,ORD-01440,黑龙江多宝山,大连,铁路,1050.3,3,4,36740.77,已送达
TRS-01196,ORD-01441,新疆阿勒泰,呼和浩特,铁路,2630.4,6,6,67411.97,已送达
TRS-01197,ORD-01442,贵州贞丰,南宁,铁路,857.9,3,3,33454.69,已送达
TRS-01198,ORD-01443,福建上杭,宁波,水运,640.3,4,4,19356.20,已送达
TRS-01199,ORD-01445,河南洛阳,郑州,公路,153.2,1,1,6989.29,已送达
TRS-01200,ORD-01446,贵州贞丰,成都,公路,698.0,2,3,30123.86,已送达
TRS-01201,ORD-01448,黑龙江多宝山,长春,铁路,552.7,2,2,24535.97,已送达
TRS-01202,ORD-01449,新疆阿勒泰,兰州,铁路,2768.6,6,8,87359.36,延误
TRS-01203,ORD-01450,福建上杭,厦门,公路,281.0,1,1,11546.80,已送达
TRS-01204,ORD-01451,福建上杭,上海,水运,724.6,5,5,24455.73,已送达
TRS-01205,ORD-01452,新疆阿勒泰,北京,铁路,4018.5,7,7,83794.09,已送达
TRS-01206,ORD-01454,福建上杭,广州,水运,1066.0,5,6,24785.54,已送达
TRS-01207,ORD-01455,福建上杭,南京,公路,760.8,3,3,34450.12,已送达
TRS-01208,ORD-01456,黑龙江多宝山,沈阳,铁路,923.5,3,4,30110.34,已送达
TRS-01209,ORD-01457,河南洛阳,西安,铁路,481.4,2,2,18716.70,已送达
TRS-01210,ORD-01458,福建上杭,杭州,公路,1052.3,3,3,36373.60,已送达
TRS-01211,ORD-01460,福建上杭,深圳,水运,1169.8,5,5,26253.63,已送达
TRS-01212,ORD-01461,贵州贞丰,重庆,公路,419.7,2,2,24624.16,已送达
TRS-01213,ORD-01462,福建上杭,合肥,铁路,928.4,3,3,32932.03,已送达
TRS-01214,ORD-01463,福建上杭,佛山,水运,1338.9,5,6,27112.45,已送达
TRS-01215,ORD-01465,黑龙江多宝山,哈尔滨,公路,365.5,1,1,13397.95,已送达
TRS-01216,ORD-01466,新疆阿勒泰,石家庄,铁路,3030.0,7,8,94606.54,已送达
TRS-01217,ORD-01467,福建上杭,苏州,公路,1056.3,3,3,39114.13,已送达
TRS-01218,ORD-01468,贵州贞丰,昆明,公路,489.6,2,2,28742.64,已送达
TRS-01219,ORD-01469,福建上杭,汕头,水运,760.1,4,4,17605.31,已送达
TRS-01220,ORD-01470,福建上杭,无锡,公路,854.4,3,3,48049.58,已送达
TRS-01221,ORD-01471,福建上杭,上海,水运,1002.9,5,5,24364.98,已送达
TRS-01222,ORD-01473,新疆阿勒泰,天津,铁路,4072.4,7,7,111429.33,已送达
TRS-01223,ORD-01474,贵州贞丰,贵阳,公路,261.7,1,1,13826.17,已送达
TRS-01224,ORD-01476,河南洛阳,银川,铁路,1064.0,4,5,50918.59,已送达
TRS-01225,ORD-01477,福建上杭,温州,公路,757.7,2,2,34692.32,运输中
TRS-01226,ORD-01478,福建上杭,东莞,水运,898.8,5,5,25853.71,已送达
TRS-01227,ORD-01479,新疆阿勒泰,太原,铁路,3157.7,6,7,95141.60,已送达
TRS-01228,ORD-01480,福建上杭,苏州,公路,989.7,3,3,37798.72,已送达
TRS-01229,ORD-01481,黑龙江多宝山,大连,铁路,942.8,3,3,35488.62,已送达
TRS-01230,ORD-01482,贵州贞丰,南宁,铁路,792.8,3,4,28655.17,已送达
TRS-01231,ORD-01484,福建上杭,珠海,水运,948.3,5,5,24429.61,已送达
TRS-01232,ORD-01485,河南洛阳,乌鲁木齐,铁路,3368.8,7,9,103224.35,延误
TRS-01233,ORD-01486,新疆阿勒泰,呼和浩特,铁路,2222.3,6,6,81206.03,已送达
TRS-01234,ORD-01487,福建上杭,上海,公路,978.3,3,3,50625.99,已送达
TRS-01235,ORD-01488,贵州贞丰,成都,公路,605.6,2,2,27563.45,已送达
TRS-01236,ORD-01490,福建上杭,厦门,公路,247.6,1,1,11419.68,已送达
TRS-01237,ORD-01491,福建上杭,杭州,水运,734.4,4,4,22677.98,已送达
TRS-01238,ORD-01492,新疆阿勒泰,北京,铁路,3488.1,7,7,87502.79,已送达
TRS-01239,ORD-01494,福建上杭,广州,水运,1109.1,5,5,29915.52,已送达
TRS-01240,ORD-01495,贵州贞丰,重庆,公路,500.6,2,2,20654.39,已送达
TRS-01241,ORD-01496,黑龙江多宝山,沈阳,铁路,854.2,3,3,29809.38,已送达
TRS-01242,ORD-01497,福建上杭,合肥,公路,846.2,3,3,39689.20,已送达
TRS-01243,ORD-01498,新疆阿勒泰,石家庄,铁路,3407.6,7,8,105308.44,已送达
TRS-01244,ORD-01499,福建上杭,深圳,水运,973.5,5,5,22253.20,已送达
TRS-01245,ORD-01500,贵州贞丰,昆明,公路,536.4,2,2,22967.44,已送达
TRS-01246,ORD-01501,福建上杭,上海,公路,946.7,3,3,46958.04,已送达
TRS-01247,ORD-01502,福建上杭,广州,铁路,1140.3,4,4,44349.69,已送达
TRS-01248,ORD-01503,新疆阿勒泰,北京,铁路,3802.2,7,8,104757.83,已送达
TRS-01249,ORD-01504,贵州贞丰,成都,公路,573.7,2,2,32724.92,运输中
TRS-01250,ORD-01505,福建上杭,南京,水运,830.9,5,5,23825.56,已送达
TRS-01251,ORD-01506,新疆阿勒泰,兰州,铁路,2958.9,6,7,93396.44,已送达
TRS-01252,ORD-01508,福建上杭,杭州,公路,887.1,3,3,35952.25,已送达
TRS-01253,ORD-01509,黑龙江多宝山,沈阳,铁路,690.7,3,3,29184.22,已送达
TRS-01254,ORD-01510,河南洛阳,北京,公路,672.4,2,3,33871.04,已送达
TRS-01255,ORD-01512,贵州贞丰,重庆,公路,430.9,2,2,20373.43,已送达
TRS-01256,ORD-01513,福建上杭,上海,水运,887.3,5,6,18095.32,已送达
TRS-01257,ORD-01514,新疆阿勒泰,天津,铁路,3807.4,7,9,96556.17,延误
TRS-01258,ORD-01515,河南洛阳,西安,公路,545.5,2,2,22107.55,已送达
TRS-01259,ORD-01516,福建上杭,合肥,公路,812.6,3,3,38135.56,已送达
TRS-01260,ORD-01518,福建上杭,深圳,水运,944.8,5,5,23729.95,已送达
TRS-01261,ORD-01519,贵州贞丰,昆明,公路,555.8,2,2,29649.54,已送达
TRS-01262,ORD-01521,福建上杭,苏州,公路,1019.0,3,4,38549.98,已送达
TRS-01263,ORD-01522,福建上杭,佛山,铁路,1293.1,4,4,35799.88,已送达
TRS-01264,ORD-01523,新疆阿勒泰,银川,铁路,1959.0,5,6,70765.78,已送达
TRS-01265,ORD-01524,福建上杭,无锡,公路,929.9,3,3,43376.81,已送达
TRS-01266,ORD-01525,黑龙江多宝山,长春,铁路,673.6,2,2,28302.10,已送达
TRS-01267,ORD-01526,新疆阿勒泰,石家庄,铁路,3695.3,7,7,98228.49,已送达
TRS-01268,ORD-01528,福建上杭,东莞,水运,1096.7,5,5,24624.53,已送达
TRS-01269,ORD-01529,贵州贞丰,武汉,铁路,1047.9,4,5,45444.97,已送达
TRS-01270,ORD-01530,河南洛阳,乌鲁木齐,铁路,2798.1,7,8,100122.88,已送达
TRS-01271,ORD-01531,黑龙江多宝山,哈尔滨,公路,386.4,1,1,17114.41,已送达
TRS-01272,ORD-01533,福建上杭,汕头,公路,569.0,2,2,27323.58,已送达
TRS-01273,ORD-01534,新疆阿勒泰,太原,铁路,3612.5,6,7,94204.73,已送达
TRS-01274,ORD-01535,贵州贞丰,贵阳,公路,264.8,1,1,13981.01,已送达
TRS-01275,ORD-01537,福建上杭,珠海,水运,1236.2,5,5,25546.86,已送达
TRS-01276,ORD-01538,河南洛阳,西宁,铁路,1461.9,4,5,56798.87,已送达
TRS-01277,ORD-01539,福建上杭,温州,公路,797.4,2,2,32892.90,已送达
TRS-01278,ORD-01540,黑龙江多宝山,大连,铁路,869.9,3,4,35988.77,已送达
TRS-01279,ORD-01541,新疆阿勒泰,呼和浩特,铁路,2443.1,6,6,82343.74,已送达
TRS-01280,ORD-01542,贵州贞丰,南宁,铁路,872.9,3,3,29339.46,已送达
TRS-01281,ORD-01543,福建上杭,宁波,水运,685.3,4,4,21273.50,已送达
TRS-01282,ORD-01545,河南洛阳,郑州,公路,174.9,1,1,7992.22,已送达
TRS-01283,ORD-01546,贵州贞丰,成都,公路,723.6,2,3,32763.72,已送达
TRS-01284,ORD-01548,黑龙江多宝山,长春,铁路,705.6,2,2,24092.95,已送达
TRS-01285,ORD-01549,新疆阿勒泰,兰州,铁路,2605.4,6,8,92752.41,延误
TRS-01286,ORD-01550,福建上杭,厦门,公路,294.2,1,1,12797.76,已送达
TRS-01287,ORD-01551,福建上杭,上海,水运,726.2,5,5,23207.73,已送达
TRS-01288,ORD-01552,新疆阿勒泰,北京,铁路,3030.7,7,7,95001.71,已送达
TRS-01289,ORD-01554,福建上杭,广州,水运,1202.0,5,6,27456.49,已送达
TRS-01290,ORD-01555,福建上杭,南京,公路,789.8,3,3,42400.48,已送达
TRS-01291,ORD-01556,黑龙江多宝山,沈阳,铁路,726.1,3,4,32569.76,已送达
TRS-01292,ORD-01557,河南洛阳,西安,铁路,612.7,2,2,19488.44,已送达
TRS-01293,ORD-01558,福建上杭,杭州,公路,1070.0,3,3,39557.24,已送达
TRS-01294,ORD-01560,福建上杭,深圳,水运,1065.5,5,5,27737.80,已送达
TRS-01295,ORD-01561,贵州贞丰,重庆,公路,443.2,2,2,24003.43,已送达
TRS-01296,ORD-01562,福建上杭,合肥,铁路,864.5,3,3,33087.95,已送达
TRS-01297,ORD-01563,福建上杭,佛山,水运,1030.7,5,6,28585.07,已送达
TRS-01298,ORD-01565,黑龙江多宝山,哈尔滨,公路,377.1,1,1,13694.46,已送达
TRS-01299,ORD-01566,新疆阿勒泰,石家庄,铁路,3066.9,7,8,101580.24,已送达
TRS-01300,ORD-01567,福建上杭,苏州,公路,1008.3,3,3,49885.76,已送达
TRS-01301,ORD-01568,贵州贞丰,昆明,公路,618.6,2,2,28750.36,已送达
TRS-01302,ORD-01569,福建上杭,汕头,水运,697.8,4,4,19690.85,已送达
TRS-01303,ORD-01570,福建上杭,无锡,公路,910.9,3,3,37913.66,已送达
TRS-01304,ORD-01571,福建上杭,上海,水运,735.1,5,5,23080.68,已送达
TRS-01305,ORD-01573,新疆阿勒泰,天津,铁路,4069.7,7,7,96504.42,已送达
TRS-01306,ORD-01574,贵州贞丰,贵阳,公路,300.1,1,1,13942.99,已送达
TRS-01307,ORD-01576,河南洛阳,银川,铁路,1338.7,4,5,47992.94,已送达
TRS-01308,ORD-01577,福建上杭,温州,公路,665.2,2,2,33787.33,运输中
TRS-01309,ORD-01578,福建上杭,东莞,水运,1107.0,5,5,25417.32,已送达
TRS-01310,ORD-01579,新疆阿勒泰,太原,铁路,2772.1,6,7,84973.48,已送达
TRS-01311,ORD-01580,福建上杭,苏州,公路,956.4,3,3,46143.86,已送达
TRS-01312,ORD-01581,黑龙江多宝山,大连,铁路,830.4,3,3,40648.10,已送达
TRS-01313,ORD-01582,贵州贞丰,南宁,铁路,893.2,3,4,36234.08,已送达
TRS-01314,ORD-01584,福建上杭,珠海,水运,1205.7,5,5,22904.78,已送达
TRS-01315,ORD-01585,河南洛阳,乌鲁木齐,铁路,3143.4,7,9,92563.77,延误
TRS-01316,ORD-01586,新疆阿勒泰,呼和浩特,铁路,2848.9,6,6,71751.73,已送达
TRS-01317,ORD-01587,福建上杭,上海,公路,901.5,3,3,45887.36,已送达
TRS-01318,ORD-01588,贵州贞丰,成都,公路,719.4,2,2,24657.47,已送达
TRS-01319,ORD-01590,福建上杭,厦门,公路,223.5,1,1,12937.55,已送达
TRS-01320,ORD-01591,福建上杭,杭州,水运,853.4,4,4,18321.32,已送达
TRS-01321,ORD-01592,新疆阿勒泰,北京,铁路,3923.4,7,7,103782.85,已送达
TRS-01322,ORD-01594,福建上杭,广州,水运,1331.1,5,5,26750.36,已送达
TRS-01323,ORD-01595,贵州贞丰,重庆,公路,499.8,2,2,25946.21,已送达
TRS-01324,ORD-01596,黑龙江多宝山,沈阳,铁路,888.2,3,3,31506.37,已送达
TRS-01325,ORD-01597,福建上杭,合肥,公路,981.7,3,3,46438.36,已送达
TRS-01326,ORD-01598,新疆阿勒泰,石家庄,铁路,3810.5,7,8,87842.34,已送达
TRS-01327,ORD-01599,福建上杭,深圳,水运,1081.3,5,5,25521.02,已送达
TRS-01328,ORD-01600,贵州贞丰,昆明,公路,523.2,2,2,26625.09,已送达
TRS-01329,ORD-01601,福建上杭,上海,公路,915.5,3,3,42299.60,已送达
TRS-01330,ORD-01602,福建上杭,广州,铁路,1374.4,4,4,33832.39,已送达
TRS-01331,ORD-01603,新疆阿勒泰,北京,铁路,3232.0,7,8,80765.67,已送达
TRS-01332,ORD-01604,贵州贞丰,成都,公路,732.0,2,2,32821.94,运输中
TRS-01333,ORD-01605,福建上杭,南京,水运,798.9,5,5,23284.69,已送达
TRS-01334,ORD-01606,新疆阿勒泰,兰州,铁路,2445.2,6,7,93323.38,已送达
TRS-01335,ORD-01608,福建上杭,杭州,公路,848.0,3,3,39970.27,已送达
TRS-01336,ORD-01609,黑龙江多宝山,沈阳,铁路,850.1,3,3,30959.36,已送达
TRS-01337,ORD-01610,河南洛阳,北京,公路,671.5,2,3,36253.81,已送达
TRS-01338,ORD-01612,贵州贞丰,重庆,公路,443.2,2,2,24738.87,已送达
TRS-01339,ORD-01613,福建上杭,上海,水运,977.7,5,6,19588.74,已送达
TRS-01340,ORD-01614,新疆阿勒泰,天津,铁路,3182.6,7,9,104709.08,延误
TRS-01341,ORD-01615,河南洛阳,西安,公路,582.2,2,2,21264.07,已送达
TRS-01342,ORD-01616,福建上杭,合肥,公路,792.4,3,3,34256.08,已送达
TRS-01343,ORD-01618,福建上杭,深圳,水运,1043.8,5,5,21264.03,已送达
TRS-01344,ORD-01619,贵州贞丰,昆明,公路,576.0,2,2,24008.19,已送达
TRS-01345,ORD-01621,福建上杭,苏州,公路,854.9,3,4,37805.11,已送达
TRS-01346,ORD-01622,福建上杭,佛山,铁路,1262.5,4,4,41384.66,已送达
TRS-01347,ORD-01623,新疆阿勒泰,银川,铁路,2066.4,5,6,71780.33,已送达
TRS-01348,ORD-01624,福建上杭,无锡,公路,898.6,3,3,36578.38,已送达
TRS-01349,ORD-01625,黑龙江多宝山,长春,铁路,628.2,2,2,22156.67,已送达
TRS-01350,ORD-01626,新疆阿勒泰,石家庄,铁路,3602.9,7,7,103489.88,已送达
TRS-01351,ORD-01628,福建上杭,东莞,水运,988.3,5,5,23410.39,已送达
TRS-01352,ORD-01629,贵州贞丰,武汉,铁路,1184.0,4,5,38350.03,已送达
TRS-01353,ORD-01630,河南洛阳,乌鲁木齐,铁路,2887.2,7,8,98726.06,已送达
TRS-01354,ORD-01631,黑龙江多宝山,哈尔滨,公路,376.6,1,1,14317.17,已送达
TRS-01355,ORD-01633,福建上杭,汕头,公路,592.2,2,2,25592.07,已送达
TRS-01356,ORD-01634,新疆阿勒泰,太原,铁路,3269.3,6,7,99346.30,已送达
TRS-01357,ORD-01635,贵州贞丰,贵阳,公路,252.1,1,1,12393.44,已送达
TRS-01358,ORD-01637,福建上杭,珠海,水运,1273.0,5,5,21530.99,已送达
TRS-01359,ORD-01638,河南洛阳,西宁,铁路,1221.3,4,5,50653.88,已送达
TRS-01360,ORD-01639,福建上杭,温州,公路,629.8,2,2,31052.29,已送达
TRS-01361,ORD-01640,黑龙江多宝山,大连,铁路,854.5,3,4,37014.01,已送达
TRS-01362,ORD-01641,新疆阿勒泰,呼和浩特,铁路,2450.8,6,6,68168.72,已送达
TRS-01363,ORD-01642,贵州贞丰,南宁,铁路,816.5,3,3,32307.87,已送达
TRS-01364,ORD-01643,福建上杭,宁波,水运,648.2,4,4,19843.28,已送达
TRS-01365,ORD-01645,河南洛阳,郑州,公路,156.8,1,1,7592.79,已送达
TRS-01366,ORD-01646,贵州贞丰,成都,公路,629.1,2,3,25021.53,已送达
TRS-01367,ORD-01648,黑龙江多宝山,长春,铁路,524.2,2,2,25798.22,已送达
TRS-01368,ORD-01649,新疆阿勒泰,兰州,铁路,3012.4,6,8,90287.25,延误
TRS-01369,ORD-01650,福建上杭,厦门,公路,245.4,1,1,13937.84,已送达
TRS-01370,ORD-01651,福建上杭,上海,水运,905.6,5,5,23403.03,已送达
TRS-01371,ORD-01652,新疆阿勒泰,北京,铁路,3367.8,7,7,87161.07,已送达
TRS-01372,ORD-01654,福建上杭,广州,水运,1333.9,5,6,25295.19,已送达
TRS-01373,ORD-01655,福建上杭,南京,公路,776.2,3,3,45387.64,已送达
TRS-01374,ORD-01656,黑龙江多宝山,沈阳,铁路,762.6,3,4,27404.86,已送达
TRS-01375,ORD-01657,河南洛阳,西安,铁路,447.9,2,2,25391.54,已送达
TRS-01376,ORD-01658,福建上杭,杭州,公路,865.7,3,3,41887.10,已送达
TRS-01377,ORD-01660,福建上杭,深圳,水运,935.8,5,5,28779.77,已送达
TRS-01378,ORD-01661,贵州贞丰,重庆,公路,415.7,2,2,20864.93,已送达
TRS-01379,ORD-01662,福建上杭,合肥,铁路,924.1,3,3,31400.49,已送达
TRS-01380,ORD-01663,福建上杭,佛山,水运,1287.2,5,6,28988.50,已送达
TRS-01381,ORD-01665,黑龙江多宝山,哈尔滨,公路,329.3,1,1,15107.69,已送达
TRS-01382,ORD-01666,新疆阿勒泰,石家庄,铁路,3687.3,7,8,105141.46,已送达
TRS-01383,ORD-01667,福建上杭,苏州,公路,848.5,3,3,48800.23,已送达
TRS-01384,ORD-01668,贵州贞丰,昆明,公路,575.9,2,2,28462.93,已送达
TRS-01385,ORD-01669,福建上杭,汕头,水运,591.3,4,4,15945.68,已送达
TRS-01386,ORD-01670,福建上杭,无锡,公路,1061.3,3,3,40543.07,已送达
TRS-01387,ORD-01671,福建上杭,上海,水运,831.4,5,5,24319.97,已送达
TRS-01388,ORD-01673,新疆阿勒泰,天津,铁路,4022.8,7,7,104605.59,已送达
TRS-01389,ORD-01674,贵州贞丰,贵阳,公路,310.1,1,1,11734.50,已送达
TRS-01390,ORD-01676,河南洛阳,银川,铁路,1364.4,4,5,51701.09,已送达
TRS-01391,ORD-01677,福建上杭,温州,公路,783.5,2,2,32050.21,运输中
TRS-01392,ORD-01678,福建上杭,东莞,水运,1113.8,5,5,22427.52,已送达
TRS-01393,ORD-01679,新疆阿勒泰,太原,铁路,3360.8,6,7,90715.32,已送达
TRS-01394,ORD-01680,福建上杭,苏州,公路,1023.4,3,3,41167.43,已送达
TRS-01395,ORD-01681,黑龙江多宝山,大连,铁路,1007.4,3,3,38475.25,已送达
TRS-01396,ORD-01682,贵州贞丰,南宁,铁路,703.2,3,4,28843.14,已送达
TRS-01397,ORD-01684,福建上杭,珠海,水运,1064.7,5,5,24719.55,已送达
TRS-01398,ORD-01685,河南洛阳,乌鲁木齐,铁路,2865.5,7,9,78313.84,延误
TRS-01399,ORD-01686,新疆阿勒泰,呼和浩特,铁路,2761.6,6,6,90292.25,已送达
TRS-01400,ORD-01687,福建上杭,上海,公路,1149.5,3,3,49191.48,已送达
TRS-01401,ORD-01688,贵州贞丰,成都,公路,676.7,2,2,24937.44,已送达
TRS-01402,ORD-01690,福建上杭,厦门,公路,281.3,1,1,12549.86,已送达
TRS-01403,ORD-01691,福建上杭,杭州,水运,738.3,4,4,23365.70,已送达
TRS-01404,ORD-01692,新疆阿勒泰,北京,铁路,3330.7,7,7,104864.42,已送达
TRS-01405,ORD-01694,福建上杭,广州,水运,1360.7,5,5,25383.57,已送达
TRS-01406,ORD-01695,贵州贞丰,重庆,公路,442.1,2,2,25043.79,已送达
TRS-01407,ORD-01696,黑龙江多宝山,沈阳,铁路,920.5,3,3,32354.34,已送达
TRS-01408,ORD-01697,福建上杭,合肥,公路,826.2,3,3,38076.16,已送达
TRS-01409,ORD-01698,新疆阿勒泰,石家庄,铁路,3167.2,7,8,96242.95,已送达
TRS-01410,ORD-01699,福建上杭,深圳,水运,1091.5,5,5,21426.55,已送达
TRS-01411,ORD-01700,贵州贞丰,昆明,公路,641.0,2,2,29009.47,已送达
TRS-01412,ORD-01701,福建上杭,上海,公路,870.2,3,3,45802.71,已送达
TRS-01413,ORD-01702,福建上杭,广州,铁路,1051.6,4,4,39561.91,已送达
TRS-01414,ORD-01703,新疆阿勒泰,北京,铁路,3652.3,7,8,103510.10,已送达
TRS-01415,ORD-01704,贵州贞丰,成都,公路,758.6,2,2,24255.53,运输中
TRS-01416,ORD-01705,福建上杭,南京,水运,937.3,5,5,18991.85,已送达
TRS-01417,ORD-01706,新疆阿勒泰,兰州,铁路,3272.5,6,7,82220.66,已送达
TRS-01418,ORD-01708,福建上杭,杭州,公路,996.3,3,3,43905.12,已送达
TRS-01419,ORD-01709,黑龙江多宝山,沈阳,铁路,911.2,3,3,34652.19,已送达
TRS-01420,ORD-01710,河南洛阳,北京,公路,642.0,2,3,35689.01,已送达
TRS-01421,ORD-01712,贵州贞丰,重庆,公路,437.8,2,2,24803.48,已送达
TRS-01422,ORD-01713,福建上杭,上海,水运,822.6,5,6,18008.00,已送达
TRS-01423,ORD-01714,新疆阿勒泰,天津,铁路,3333.8,7,9,102513.19,延误
TRS-01424,ORD-01715,河南洛阳,西安,公路,448.1,2,2,23347.82,已送达
TRS-01425,ORD-01716,福建上杭,合肥,公路,867.0,3,3,41744.44,已送达
TRS-01426,ORD-01718,福建上杭,深圳,水运,1013.3,5,5,23725.00,已送达
TRS-01427,ORD-01719,贵州贞丰,昆明,公路,533.9,2,2,24139.47,已送达
TRS-01428,ORD-01721,福建上杭,苏州,公路,901.7,3,4,50407.02,已送达
TRS-01429,ORD-01722,福建上杭,佛山,铁路,1311.4,4,4,40292.89,已送达
TRS-01430,ORD-01723,新疆阿勒泰,银川,铁路,1927.5,5,6,77119.20,已送达
TRS-01431,ORD-01724,福建上杭,无锡,公路,954.7,3,3,47125.81,已送达
TRS-01432,ORD-01725,黑龙江多宝山,长春,铁路,589.7,2,2,23931.25,已送达
TRS-01433,ORD-01726,新疆阿勒泰,石家庄,铁路,3429.8,7,7,93316.24,已送达
TRS-01434,ORD-01728,福建上杭,东莞,水运,1188.7,5,5,21869.95,已送达
TRS-01435,ORD-01729,贵州贞丰,武汉,铁路,1174.5,4,5,43462.99,已送达
TRS-01436,ORD-01730,河南洛阳,乌鲁木齐,铁路,3283.3,7,8,80300.18,已送达
TRS-01437,ORD-01731,黑龙江多宝山,哈尔滨,公路,378.7,1,1,14535.47,已送达
TRS-01438,ORD-01733,福建上杭,汕头,公路,739.5,2,2,34057.56,已送达
TRS-01439,ORD-01734,新疆阿勒泰,太原,铁路,3537.0,6,7,86535.86,已送达
TRS-01440,ORD-01735,贵州贞丰,贵阳,公路,255.0,1,1,12199.80,已送达
TRS-01441,ORD-01737,福建上杭,珠海,水运,1197.0,5,5,20007.68,已送达
TRS-01442,ORD-01738,河南洛阳,西宁,铁路,1631.1,4,5,51434.66,已送达
TRS-01443,ORD-01739,福建上杭,温州,公路,755.3,2,2,28088.10,已送达
TRS-01444,ORD-01740,黑龙江多宝山,大连,铁路,983.1,3,4,37934.71,已送达
TRS-01445,ORD-01741,新疆阿勒泰,呼和浩特,铁路,2672.5,6,6,68892.02,已送达
TRS-01446,ORD-01742,贵州贞丰,南宁,铁路,799.8,3,3,27499.90,已送达
TRS-01447,ORD-01743,福建上杭,宁波,水运,791.8,4,4,22320.26,已送达
TRS-01448,ORD-01745,河南洛阳,郑州,公路,137.5,1,1,8553.49,已送达
TRS-01449,ORD-01746,贵州贞丰,成都,公路,691.4,2,3,26537.81,已送达
TRS-01450,ORD-01748,黑龙江多宝山,长春,铁路,599.4,2,2,22372.00,已送达
TRS-01451,ORD-01749,新疆阿勒泰,兰州,铁路,3276.4,6,8,92562.99,延误
TRS-01452,ORD-01750,福建上杭,厦门,公路,240.9,1,1,10455.82,已送达
TRS-01453,ORD-01751,福建上杭,上海,水运,961.5,5,5,25779.23,已送达
TRS-01454,ORD-01752,新疆阿勒泰,北京,铁路,3732.7,7,7,99522.38,已送达
TRS-01455,ORD-01754,福建上杭,广州,水运,1265.9,5,6,30478.37,已送达
TRS-01456,ORD-01755,福建上杭,南京,公路,880.0,3,3,42376.72,已送达
TRS-01457,ORD-01756,黑龙江多宝山,沈阳,铁路,844.8,3,4,33784.16,已送达
TRS-01458,ORD-01757,河南洛阳,西安,铁路,551.2,2,2,20703.76,已送达
TRS-01459,ORD-01758,福建上杭,杭州,公路,936.4,3,3,47177.47,已送达
TRS-01460,ORD-01760,福建上杭,深圳,水运,974.4,5,5,26039.95,已送达
TRS-01461,ORD-01761,贵州贞丰,重庆,公路,452.1,2,2,21893.67,已送达
TRS-01462,ORD-01762,福建上杭,合肥,铁路,976.4,3,3,37968.98,已送达
TRS-01463,ORD-01763,福建上杭,佛山,水运,1254.7,5,6,27649.52,已送达
TRS-01464,ORD-01765,黑龙江多宝山,哈尔滨,公路,330.9,1,1,13923.15,已送达
TRS-01465,ORD-01766,新疆阿勒泰,石家庄,铁路,3887.6,7,8,106674.64,已送达
TRS-01466,ORD-01767,福建上杭,苏州,公路,867.3,3,3,50422.14,已送达
TRS-01467,ORD-01768,贵州贞丰,昆明,公路,618.3,2,2,22498.97,已送达
TRS-01468,ORD-01769,福建上杭,汕头,水运,754.1,4,4,17983.69,已送达
TRS-01469,ORD-01770,福建上杭,无锡,公路,1061.6,3,3,39829.31,已送达
TRS-01470,ORD-01771,福建上杭,上海,水运,929.8,5,5,19922.58,已送达
TRS-01471,ORD-01773,新疆阿勒泰,天津,铁路,3174.2,7,7,103444.59,已送达
TRS-01472,ORD-01774,贵州贞丰,贵阳,公路,293.8,1,1,10216.63,已送达
TRS-01473,ORD-01776,河南洛阳,银川,铁路,1181.7,4,5,47558.93,已送达
TRS-01474,ORD-01777,福建上杭,温州,公路,790.1,2,2,33578.24,运输中
TRS-01475,ORD-01778,福建上杭,东莞,水运,1049.8,5,5,27668.18,已送达
TRS-01476,ORD-01779,新疆阿勒泰,太原,铁路,3273.1,6,7,76642.63,已送达
TRS-01477,ORD-01780,福建上杭,苏州,公路,1006.1,3,3,42428.92,已送达
TRS-01478,ORD-01781,黑龙江多宝山,大连,铁路,899.7,3,3,34016.69,已送达
TRS-01479,ORD-01782,贵州贞丰,南宁,铁路,858.5,3,4,28970.91,已送达
TRS-01480,ORD-01784,福建上杭,珠海,水运,1219.4,5,5,19757.97,已送达
TRS-01481,ORD-01785,河南洛阳,乌鲁木齐,铁路,3623.4,7,9,97576.07,延误
TRS-01482,ORD-01786,新疆阿勒泰,呼和浩特,铁路,2589.2,6,6,69141.70,已送达
TRS-01483,ORD-01787,福建上杭,上海,公路,1030.8,3,3,44761.72,已送达
TRS-01484,ORD-01788,贵州贞丰,成都,公路,597.9,2,2,32424.62,已送达
TRS-01485,ORD-01790,福建上杭,厦门,公路,254.9,1,1,11615.70,已送达
TRS-01486,ORD-01791,福建上杭,杭州,水运,660.5,4,4,18470.48,已送达
TRS-01487,ORD-01792,新疆阿勒泰,北京,铁路,3773.5,7,7,87587.43,已送达
TRS-01488,ORD-01794,福建上杭,广州,水运,1099.3,5,5,24030.50,已送达
TRS-01489,ORD-01795,贵州贞丰,重庆,公路,524.4,2,2,21205.43,已送达
TRS-01490,ORD-01796,黑龙江多宝山,沈阳,铁路,823.1,3,3,29185.28,已送达
TRS-01491,ORD-01797,福建上杭,合肥,公路,1037.8,3,3,37348.84,已送达
TRS-01492,ORD-01798,新疆阿勒泰,石家庄,铁路,3347.6,7,8,101364.68,已送达
TRS-01493,ORD-01799,福建上杭,深圳,水运,1277.1,5,5,28469.58,已送达
TRS-01494,ORD-01800,贵州贞丰,昆明,公路,534.7,2,2,30456.92,已送达
TRS-01495,ORD-01801,福建上杭,上海,公路,901.9,3,3,44625.11,已送达
TRS-01496,ORD-01802,福建上杭,广州,铁路,1205.0,4,4,34512.06,已送达
TRS-01497,ORD-01803,新疆阿勒泰,北京,铁路,3290.0,7,8,103042.99,已送达
TRS-01498,ORD-01804,贵州贞丰,成都,公路,578.7,2,2,30399.21,运输中
TRS-01499,ORD-01805,福建上杭,南京,水运,722.6,5,5,19449.96,已送达
TRS-01500,ORD-01806,新疆阿勒泰,兰州,铁路,3282.2,6,7,93794.22,已送达
TRS-01501,ORD-01808,福建上杭,杭州,公路,973.7,3,3,42966.80,已送达
TRS-01502,ORD-01809,黑龙江多宝山,沈阳,铁路,910.5,3,3,34881.34,已送达
TRS-01503,ORD-01810,河南洛阳,北京,公路,713.8,2,3,31760.85,已送达
TRS-01504,ORD-01812,贵州贞丰,重庆,公路,464.4,2,2,25248.52,已送达
TRS-01505,ORD-01813,福建上杭,上海,水运,880.4,5,6,18725.26,已送达
TRS-01506,ORD-01814,新疆阿勒泰,天津,铁路,4048.2,7,9,109889.95,延误
TRS-01507,ORD-01815,河南洛阳,西安,公路,485.1,2,2,26736.79,已送达
TRS-01508,ORD-01816,福建上杭,合肥,公路,940.2,3,3,39195.52,已送达
TRS-01509,ORD-01818,福建上杭,深圳,水运,974.6,5,5,21859.67,已送达
TRS-01510,ORD-01819,贵州贞丰,昆明,公路,479.6,2,2,28897.08,已送达
TRS-01511,ORD-01821,福建上杭,苏州,公路,808.0,3,4,51253.53,已送达
TRS-01512,ORD-01822,福建上杭,佛山,铁路,1061.9,4,4,39082.32,已送达
TRS-01513,ORD-01823,新疆阿勒泰,银川,铁路,1890.3,5,6,80680.82,已送达
TRS-01514,ORD-01824,福建上杭,无锡,公路,1103.6,3,3,44686.55,已送达
TRS-01515,ORD-01825,黑龙江多宝山,长春,铁路,598.2,2,2,21310.22,已送达
TRS-01516,ORD-01826,新疆阿勒泰,石家庄,铁路,2892.2,7,7,106981.28,已送达
TRS-01517,ORD-01828,福建上杭,东莞,水运,930.6,5,5,26415.24,已送达
TRS-01518,ORD-01829,贵州贞丰,武汉,铁路,1237.4,4,5,41213.51,已送达
TRS-01519,ORD-01830,河南洛阳,乌鲁木齐,铁路,3121.4,7,8,97512.18,已送达
TRS-01520,ORD-01831,黑龙江多宝山,哈尔滨,公路,319.6,1,1,15448.74,已送达
TRS-01521,ORD-01833,福建上杭,汕头,公路,729.2,2,2,31945.89,已送达
TRS-01522,ORD-01834,新疆阿勒泰,太原,铁路,2958.9,6,7,78392.95,已送达
TRS-01523,ORD-01835,贵州贞丰,贵阳,公路,238.9,1,1,11277.52,已送达
TRS-01524,ORD-01837,福建上杭,珠海,水运,1262.3,5,5,23326.78,已送达
TRS-01525,ORD-01838,河南洛阳,西宁,铁路,1445.9,4,5,56313.24,已送达
TRS-01526,ORD-01839,福建上杭,温州,公路,636.6,2,2,28249.66,已送达
TRS-01527,ORD-01840,黑龙江多宝山,大连,铁路,876.7,3,4,30777.01,已送达
TRS-01528,ORD-01841,新疆阿勒泰,呼和浩特,铁路,2523.0,6,6,85625.59,已送达
TRS-01529,ORD-01842,贵州贞丰,南宁,铁路,822.5,3,3,33458.91,已送达
TRS-01530,ORD-01843,福建上杭,宁波,水运,655.5,4,4,18492.92,已送达
TRS-01531,ORD-01845,河南洛阳,郑州,公路,151.4,1,1,7402.18,已送达
TRS-01532,ORD-01846,贵州贞丰,成都,公路,644.9,2,3,29691.42,已送达
TRS-01533,ORD-01848,黑龙江多宝山,长春,铁路,569.5,2,2,28453.08,已送达
TRS-01534,ORD-01849,新疆阿勒泰,兰州,铁路,2502.2,6,8,92630.64,延误
TRS-01535,ORD-01850,福建上杭,厦门,公路,258.0,1,1,11320.28,已送达
TRS-01536,ORD-01851,福建上杭,上海,水运,935.9,5,5,22541.99,已送达
TRS-01537,ORD-01852,新疆阿勒泰,北京,铁路,4065.2,7,7,104873.82,已送达
TRS-01538,ORD-01854,福建上杭,广州,水运,1276.5,5,6,29552.59,已送达
TRS-01539,ORD-01855,福建上杭,南京,公路,807.4,3,3,35902.12,已送达
TRS-01540,ORD-01856,黑龙江多宝山,沈阳,铁路,778.3,3,4,30444.03,已送达
TRS-01541,ORD-01857,河南洛阳,西安,铁路,590.0,2,2,24161.70,已送达
TRS-01542,ORD-01858,福建上杭,杭州,公路,787.9,3,3,42488.63,已送达
TRS-01543,ORD-01860,福建上杭,深圳,水运,1269.6,5,5,24039.33,已送达
TRS-01544,ORD-01861,贵州贞丰,重庆,公路,478.7,2,2,23337.69,已送达
TRS-01545,ORD-01862,福建上杭,合肥,铁路,1013.0,3,3,39293.76,已送达
TRS-01546,ORD-01863,福建上杭,佛山,水运,1090.7,5,6,22126.15,已送达
TRS-01547,ORD-01865,黑龙江多宝山,哈尔滨,公路,314.0,1,1,16690.69,已送达
TRS-01548,ORD-01866,新疆阿勒泰,石家庄,铁路,3942.4,7,8,78321.44,已送达
TRS-01549,ORD-01867,福建上杭,苏州,公路,956.8,3,3,42196.20,已送达
TRS-01550,ORD-01868,贵州贞丰,昆明,公路,640.0,2,2,30166.92,已送达
TRS-01551,ORD-01869,福建上杭,汕头,水运,737.7,4,4,16590.76,已送达
TRS-01552,ORD-01870,福建上杭,无锡,公路,1050.9,3,3,43242.00,已送达
TRS-01553,ORD-01871,福建上杭,上海,水运,753.0,5,5,25483.02,已送达
TRS-01554,ORD-01873,新疆阿勒泰,天津,铁路,3394.3,7,7,109010.30,已送达
TRS-01555,ORD-01874,贵州贞丰,贵阳,公路,309.5,1,1,10935.37,已送达
TRS-01556,ORD-01876,河南洛阳,银川,铁路,1280.9,4,5,45539.33,已送达
TRS-01557,ORD-01877,福建上杭,温州,公路,665.0,2,2,28977.25,运输中
TRS-01558,ORD-01878,福建上杭,东莞,水运,1131.0,5,5,24190.51,已送达
TRS-01559,ORD-01879,新疆阿勒泰,太原,铁路,3104.9,6,7,86356.35,已送达
TRS-01560,ORD-01880,福建上杭,苏州,公路,887.8,3,3,47862.27,已送达
TRS-01561,ORD-01881,黑龙江多宝山,大连,铁路,960.5,3,3,32071.93,已送达
TRS-01562,ORD-01882,贵州贞丰,南宁,铁路,765.9,3,4,29014.21,已送达
TRS-01563,ORD-01884,福建上杭,珠海,水运,1154.3,5,5,23746.51,已送达
TRS-01564,ORD-01885,河南洛阳,乌鲁木齐,铁路,2884.3,7,9,97033.02,延误
TRS-01565,ORD-01886,新疆阿勒泰,呼和浩特,铁路,2794.4,6,6,74647.48,已送达
TRS-01566,ORD-01887,福建上杭,上海,公路,872.1,3,3,47174.85,已送达
TRS-01567,ORD-01888,贵州贞丰,成都,公路,752.4,2,2,32135.40,已送达
TRS-01568,ORD-01890,福建上杭,厦门,公路,273.3,1,1,11218.51,已送达
TRS-01569,ORD-01891,福建上杭,杭州,水运,668.0,4,4,23504.30,已送达
TRS-01570,ORD-01892,新疆阿勒泰,北京,铁路,3660.4,7,7,88067.09,已送达
TRS-01571,ORD-01894,福建上杭,广州,水运,1401.9,5,5,25011.19,已送达
TRS-01572,ORD-01895,贵州贞丰,重庆,公路,529.8,2,2,20593.41,已送达
TRS-01573,ORD-01896,黑龙江多宝山,沈阳,铁路,781.0,3,3,31511.65,已送达
TRS-01574,ORD-01897,福建上杭,合肥,公路,1001.8,3,3,45703.12,已送达
TRS-01575,ORD-01898,新疆阿勒泰,石家庄,铁路,3437.6,7,8,90602.06,已送达
TRS-01576,ORD-01899,福建上杭,深圳,水运,1047.1,5,5,22718.50,已送达
TRS-01577,ORD-01900,贵州贞丰,昆明,公路,585.8,2,2,24343.67,已送达
TRS-01578,ORD-01901,福建上杭,上海,公路,1113.2,3,3,47011.50,已送达
TRS-01579,ORD-01902,福建上杭,广州,铁路,1256.1,4,4,40241.58,已送达
TRS-01580,ORD-01903,新疆阿勒泰,北京,铁路,3562.4,7,8,86461.97,已送达
TRS-01581,ORD-01904,贵州贞丰,成都,公路,676.7,2,2,32699.04,运输中
TRS-01582,ORD-01905,福建上杭,南京,水运,926.1,5,5,19234.34,已送达
TRS-01583,ORD-01906,新疆阿勒泰,兰州,铁路,2425.6,6,7,92389.81,已送达
TRS-01584,ORD-01908,福建上杭,杭州,公路,794.2,3,3,46192.02,已送达
TRS-01585,ORD-01909,黑龙江多宝山,沈阳,铁路,802.2,3,3,27777.63,已送达
TRS-01586,ORD-01910,河南洛阳,北京,公路,784.0,2,3,33228.86,已送达
TRS-01587,ORD-01912,贵州贞丰,重庆,公路,519.8,2,2,20109.17,已送达
TRS-01588,ORD-01913,福建上杭,上海,水运,866.7,5,6,19273.42,已送达
TRS-01589,ORD-01914,新疆阿勒泰,天津,铁路,4058.8,7,9,106193.49,延误
TRS-01590,ORD-01915,河南洛阳,西安,公路,445.9,2,2,20723.14,已送达
TRS-01591,ORD-01916,福建上杭,合肥,公路,920.5,3,3,41192.68,已送达
TRS-01592,ORD-01918,福建上杭,深圳,水运,1070.1,5,5,26657.05,已送达
TRS-01593,ORD-01919,贵州贞丰,昆明,公路,584.4,2,2,23084.13,已送达
TRS-01594,ORD-01921,福建上杭,苏州,公路,901.5,3,4,47918.29,已送达
TRS-01595,ORD-01922,福建上杭,佛山,铁路,1067.7,4,4,31850.96,已送达
TRS-01596,ORD-01923,新疆阿勒泰,银川,铁路,2520.4,5,6,68912.50,已送达
TRS-01597,ORD-01924,福建上杭,无锡,公路,1074.5,3,3,44336.05,已送达
TRS-01598,ORD-01925,黑龙江多宝山,长春,铁路,642.7,2,2,27533.20,已送达
TRS-01599,ORD-01926,新疆阿勒泰,石家庄,铁路,3726.2,7,7,93844.51,已送达
TRS-01600,ORD-01928,福建上杭,东莞,水运,1005.1,5,5,20781.74,已送达
TRS-01601,ORD-01929,贵州贞丰,武汉,铁路,1115.7,4,5,49497.63,已送达
TRS-01602,ORD-01930,河南洛阳,乌鲁木齐,铁路,2916.0,7,8,94047.71,已送达
TRS-01603,ORD-01931,黑龙江多宝山,哈尔滨,公路,362.2,1,1,16957.99,已送达
TRS-01604,ORD-01933,福建上杭,汕头,公路,593.1,2,2,28943.22,已送达
TRS-01605,ORD-01934,新疆阿勒泰,太原,铁路,3004.0,6,7,79136.27,已送达
TRS-01606,ORD-01935,贵州贞丰,贵阳,公路,317.9,1,1,13060.70,已送达
TRS-01607,ORD-01937,福建上杭,珠海,水运,1099.5,5,5,25325.23,已送达
TRS-01608,ORD-01938,河南洛阳,西宁,铁路,1423.3,4,5,60690.76,已送达
TRS-01609,ORD-01939,福建上杭,温州,公路,591.5,2,2,34172.77,已送达
TRS-01610,ORD-01940,黑龙江多宝山,大连,铁路,890.2,3,4,33522.48,已送达
TRS-01611,ORD-01941,新疆阿勒泰,呼和浩特,铁路,2282.2,6,6,72469.88,已送达
TRS-01612,ORD-01942,贵州贞丰,南宁,铁路,843.0,3,3,29732.29,已送达
TRS-01613,ORD-01943,福建上杭,宁波,水运,662.4,4,4,22353.26,已送达
TRS-01614,ORD-01945,河南洛阳,郑州,公路,128.9,1,1,7809.54,已送达
TRS-01615,ORD-01946,贵州贞丰,成都,公路,725.4,2,3,26003.74,已送达
TRS-01616,ORD-01948,黑龙江多宝山,长春,铁路,641.5,2,2,28828.45,已送达
TRS-01617,ORD-01949,新疆阿勒泰,兰州,铁路,2653.8,6,8,73431.57,延误
TRS-01618,ORD-01950,福建上杭,厦门,公路,223.7,1,1,10873.20,已送达
TRS-01619,ORD-01951,福建上杭,上海,水运,959.5,5,5,23431.34,已送达
TRS-01620,ORD-01952,新疆阿勒泰,北京,铁路,3049.6,7,7,97973.69,已送达
TRS-01621,ORD-01954,福建上杭,广州,水运,1406.1,5,6,30109.43,已送达
TRS-01622,ORD-01955,福建上杭,南京,公路,921.9,3,3,35615.68,已送达
TRS-01623,ORD-01956,黑龙江多宝山,沈阳,铁路,937.8,3,4,36671.26,已送达
TRS-01624,ORD-01957,河南洛阳,西安,铁路,550.9,2,2,24875.36,已送达
TRS-01625,ORD-01958,福建上杭,杭州,公路,971.3,3,3,45627.92,已送达
TRS-01626,ORD-01960,福建上杭,深圳,水运,1035.2,5,5,22381.90,已送达
TRS-01627,ORD-01961,贵州贞丰,重庆,公路,539.2,2,2,20196.29,已送达
TRS-01628,ORD-01962,福建上杭,合肥,铁路,916.6,3,3,34293.77,已送达
TRS-01629,ORD-01963,福建上杭,佛山,水运,1144.4,5,6,26925.18,已送达
TRS-01630,ORD-01965,黑龙江多宝山,哈尔滨,公路,379.7,1,1,14357.76,已送达
TRS-01631,ORD-01966,新疆阿勒泰,石家庄,铁路,3760.3,7,8,83837.85,已送达
TRS-01632,ORD-01967,福建上杭,苏州,公路,881.8,3,3,43750.01,已送达
TRS-01633,ORD-01968,贵州贞丰,昆明,公路,649.3,2,2,29941.26,已送达
TRS-01634,ORD-01969,福建上杭,汕头,水运,762.2,4,4,17108.14,已送达
TRS-01635,ORD-01970,福建上杭,无锡,公路,830.7,3,3,39236.17,已送达
TRS-01636,ORD-01971,福建上杭,上海,水运,849.2,5,5,23722.47,已送达
TRS-01637,ORD-01973,新疆阿勒泰,天津,铁路,3334.5,7,7,106038.25,已送达
TRS-01638,ORD-01974,贵州贞丰,贵阳,公路,253.6,1,1,13884.38,已送达
TRS-01639,ORD-01976,河南洛阳,银川,铁路,1266.7,4,5,52371.12,已送达
TRS-01640,ORD-01977,福建上杭,温州,公路,578.9,2,2,27430.21,运输中
TRS-01641,ORD-01978,福建上杭,东莞,水运,1040.4,5,5,20877.58,已送达
TRS-01642,ORD-01979,新疆阿勒泰,太原,铁路,3252.9,6,7,98762.86,已送达
TRS-01643,ORD-01980,福建上杭,苏州,公路,1095.2,3,3,49850.29,已送达
TRS-01644,ORD-01981,黑龙江多宝山,大连,铁路,811.5,3,3,39056.18,已送达
TRS-01645,ORD-01982,贵州贞丰,南宁,铁路,789.4,3,4,36762.08,已送达
TRS-01646,ORD-01984,福建上杭,珠海,水运,1020.5,5,5,25379.12,已送达
TRS-01647,ORD-01985,河南洛阳,乌鲁木齐,铁路,2897.1,7,9,77544.28,延误
TRS-01648,ORD-01986,新疆阿勒泰,呼和浩特,铁路,2233.5,6,6,80554.81,已送达
TRS-01649,ORD-01987,福建上杭,上海,公路,1086.6,3,3,52344.14,已送达
TRS-01650,ORD-01988,贵州贞丰,成都,公路,576.2,2,2,27337.07,已送达
TRS-01651,ORD-01990,福建上杭,厦门,公路,248.7,1,1,11481.85,已送达
TRS-01652,ORD-01991,福建上杭,杭州,水运,868.5,4,4,22664.12,已送达
TRS-01653,ORD-01992,新疆阿勒泰,北京,铁路,3387.9,7,7,111018.43,已送达
TRS-01654,ORD-01994,福建上杭,广州,水运,1108.2,5,5,29204.24,已送达
TRS-01655,ORD-01995,贵州贞丰,重庆,公路,442.5,2,2,25664.52,已送达
TRS-01656,ORD-01996,黑龙江多宝山,沈阳,铁路,739.4,3,3,28055.36,已送达
TRS-01657,ORD-01997,福建上杭,合肥,公路,848.2,3,3,43455.16,已送达
TRS-01658,ORD-01998,新疆阿勒泰,石家庄,铁路,3100.9,7,8,104321.74,已送达
TRS-01659,ORD-01999,福建上杭,深圳,水运,1027.1,5,5,21960.33,已送达
TRS-01660,ORD-02000,贵州贞丰,昆明,公路,617.0,2,2,27740.49,已送达
TRS-01661,ORD-02001,福建上杭,上海,公路,951.6,3,3,41212.57,已送达
TRS-01662,ORD-02002,福建上杭,广州,铁路,1368.6,4,4,36706.56,已送达
TRS-01663,ORD-02003,新疆阿勒泰,北京,铁路,3470.8,7,8,98434.54,已送达
TRS-01664,ORD-02004,贵州贞丰,成都,公路,590.3,2,2,29159.20,运输中
TRS-01665,ORD-02005,福建上杭,南京,水运,922.0,5,5,22398.97,已送达
TRS-01666,ORD-02006,新疆阿勒泰,兰州,铁路,3039.9,6,7,74045.84,已送达
TRS-01667,ORD-02008,福建上杭,杭州,公路,813.4,3,3,37347.95,已送达
TRS-01668,ORD-02009,黑龙江多宝山,沈阳,铁路,915.1,3,3,34553.98,已送达
TRS-01669,ORD-02010,河南洛阳,北京,公路,767.3,2,3,40028.35,已送达
TRS-01670,ORD-02012,贵州贞丰,重庆,公路,523.2,2,2,24962.48,已送达
TRS-01671,ORD-02013,福建上杭,上海,水运,771.3,5,6,24658.73,已送达
TRS-01672,ORD-02014,新疆阿勒泰,天津,铁路,4131.6,7,9,93183.10,延误
TRS-01673,ORD-02015,河南洛阳,西安,公路,463.7,2,2,27343.46,已送达
TRS-01674,ORD-02016,福建上杭,合肥,公路,986.8,3,3,34799.92,已送达
TRS-01675,ORD-02018,福建上杭,深圳,水运,1225.4,5,5,23385.92,已送达
TRS-01676,ORD-02019,贵州贞丰,昆明,公路,548.7,2,2,27876.06,已送达
TRS-01677,ORD-02021,福建上杭,苏州,公路,830.7,3,4,50518.82,已送达
TRS-01678,ORD-02022,福建上杭,佛山,铁路,1278.1,4,4,37283.69,已送达
TRS-01679,ORD-02023,新疆阿勒泰,银川,铁路,2562.7,5,6,79240.97,已送达
TRS-01680,ORD-02024,福建上杭,无锡,公路,1042.2,3,3,39512.87,已送达
TRS-01681,ORD-02025,黑龙江多宝山,长春,铁路,672.3,2,2,25849.37,已送达
TRS-01682,ORD-02026,新疆阿勒泰,石家庄,铁路,3533.4,7,7,81424.23,已送达
TRS-01683,ORD-02028,福建上杭,东莞,水运,895.0,5,5,26081.02,已送达
TRS-01684,ORD-02029,贵州贞丰,武汉,铁路,1279.1,4,5,41116.49,已送达
TRS-01685,ORD-02030,河南洛阳,乌鲁木齐,铁路,3522.0,7,8,83636.87,已送达
TRS-01686,ORD-02031,黑龙江多宝山,哈尔滨,公路,343.4,1,1,14176.59,已送达
TRS-01687,ORD-02033,福建上杭,汕头,公路,720.3,2,2,30300.51,已送达
TRS-01688,ORD-02034,新疆阿勒泰,太原,铁路,3192.7,6,7,73012.96,已送达
TRS-01689,ORD-02035,贵州贞丰,贵阳,公路,298.2,1,1,12239.80,已送达
TRS-01690,ORD-02037,福建上杭,珠海,水运,996.1,5,5,20811.46,已送达
TRS-01691,ORD-02038,河南洛阳,西宁,铁路,1315.7,4,5,47901.41,已送达
TRS-01692,ORD-02039,福建上杭,温州,公路,689.7,2,2,37671.30,已送达
TRS-01693,ORD-02040,黑龙江多宝山,大连,铁路,974.7,3,4,40288.14,已送达
TRS-01694,ORD-02041,新疆阿勒泰,呼和浩特,铁路,2295.3,6,6,85723.40,已送达
TRS-01695,ORD-02042,贵州贞丰,南宁,铁路,683.9,3,3,30183.20,已送达
TRS-01696,ORD-02043,福建上杭,宁波,水运,823.3,4,4,17269.28,已送达
TRS-01697,ORD-02045,河南洛阳,郑州,公路,156.8,1,1,8423.86,已送达
TRS-01698,ORD-02046,贵州贞丰,成都,公路,601.0,2,3,25269.16,已送达
TRS-01699,ORD-02048,黑龙江多宝山,长春,铁路,555.2,2,2,24369.33,已送达
TRS-01700,ORD-02049,新疆阿勒泰,兰州,铁路,2969.1,6,8,96337.86,延误
TRS-01701,ORD-02050,福建上杭,厦门,公路,284.5,1,1,12311.08,已送达
TRS-01702,ORD-02051,福建上杭,上海,水运,960.2,5,5,25427.12,已送达
TRS-01703,ORD-02052,新疆阿勒泰,北京,铁路,3301.7,7,7,98660.26,已送达
TRS-01704,ORD-02054,福建上杭,广州,水运,1229.6,5,6,28689.44,已送达
TRS-01705,ORD-02055,福建上杭,南京,公路,971.5,3,3,43967.32,已送达
TRS-01706,ORD-02056,黑龙江多宝山,沈阳,铁路,909.3,3,4,28245.44,已送达
TRS-01707,ORD-02057,河南洛阳,西安,铁路,466.7,2,2,21845.76,已送达
TRS-01708,ORD-02058,福建上杭,杭州,公路,875.3,3,3,39242.62,已送达
TRS-01709,ORD-02060,福建上杭,深圳,水运,1208.1,5,5,26143.08,已送达
TRS-01710,ORD-02061,贵州贞丰,重庆,公路,485.6,2,2,22412.76,已送达
TRS-01711,ORD-02062,福建上杭,合肥,铁路,846.2,3,3,35322.88,已送达
TRS-01712,ORD-02063,福建上杭,佛山,水运,1219.9,5,6,21718.60,已送达
TRS-01713,ORD-02065,黑龙江多宝山,哈尔滨,公路,392.9,1,1,17164.91,已送达
TRS-01714,ORD-02066,新疆阿勒泰,石家庄,铁路,3009.2,7,8,86719.02,已送达
TRS-01715,ORD-02067,福建上杭,苏州,公路,1057.1,3,3,42709.88,已送达
TRS-01716,ORD-02068,贵州贞丰,昆明,公路,476.7,2,2,27512.26,已送达
TRS-01717,ORD-02069,福建上杭,汕头,水运,637.8,4,4,20215.35,已送达
TRS-01718,ORD-02070,福建上杭,无锡,公路,1113.9,3,3,48495.14,已送达
TRS-01719,ORD-02071,福建上杭,上海,水运,783.5,5,5,19897.17,已送达
TRS-01720,ORD-02073,新疆阿勒泰,天津,铁路,3620.3,7,7,89561.02,已送达
TRS-01721,ORD-02074,贵州贞丰,贵阳,公路,324.3,1,1,13411.96,已送达
TRS-01722,ORD-02076,河南洛阳,银川,铁路,1334.8,4,5,46549.92,已送达
TRS-01723,ORD-02077,福建上杭,温州,公路,619.7,2,2,37131.68,运输中
TRS-01724,ORD-02078,福建上杭,东莞,水运,996.2,5,5,27518.50,已送达
TRS-01725,ORD-02079,新疆阿勒泰,太原,铁路,2807.2,6,7,78519.18,已送达
TRS-01726,ORD-02080,福建上杭,苏州,公路,957.5,3,3,44646.81,已送达
TRS-01727,ORD-02081,黑龙江多宝山,大连,铁路,914.4,3,3,36351.11,已送达
TRS-01728,ORD-02082,贵州贞丰,南宁,铁路,890.5,3,4,32142.08,已送达
TRS-01729,ORD-02084,福建上杭,珠海,水运,962.2,5,5,25809.47,已送达
TRS-01730,ORD-02085,河南洛阳,乌鲁木齐,铁路,2901.4,7,9,81647.63,延误
TRS-01731,ORD-02086,新疆阿勒泰,呼和浩特,铁路,2684.4,6,6,87151.97,已送达
TRS-01732,ORD-02087,福建上杭,上海,公路,1080.6,3,3,48995.46,已送达
TRS-01733,ORD-02088,贵州贞丰,成都,公路,622.1,2,2,26360.40,已送达
TRS-01734,ORD-02090,福建上杭,厦门,公路,262.1,1,1,11955.86,已送达
TRS-01735,ORD-02091,福建上杭,杭州,水运,860.8,4,4,22069.46,已送达
TRS-01736,ORD-02092,新疆阿勒泰,北京,铁路,3272.1,7,7,85063.76,已送达
TRS-01737,ORD-02094,福建上杭,广州,水运,1410.3,5,5,28015.91,已送达
TRS-01738,ORD-02095,贵州贞丰,重庆,公路,445.0,2,2,25795.92,已送达
TRS-01739,ORD-02096,黑龙江多宝山,沈阳,铁路,769.6,3,3,33786.27,已送达
TRS-01740,ORD-02097,福建上杭,合肥,公路,823.7,3,3,35409.76,已送达
TRS-01741,ORD-02098,新疆阿勒泰,石家庄,铁路,3348.1,7,8,92369.01,已送达
TRS-01742,ORD-02099,福建上杭,深圳,水运,1256.8,5,5,27462.25,已送达
TRS-01743,ORD-02100,贵州贞丰,昆明,公路,551.5,2,2,24414.03,已送达
TRS-01744,ORD-02101,福建上杭,上海,公路,964.8,3,3,45000.81,已送达
TRS-01745,ORD-02102,福建上杭,广州,铁路,1266.3,4,4,35554.13,已送达
TRS-01746,ORD-02103,新疆阿勒泰,北京,铁路,3656.4,7,8,86919.68,已送达
TRS-01747,ORD-02104,贵州贞丰,成都,公路,688.3,2,2,26181.15,运输中
TRS-01748,ORD-02105,福建上杭,南京,水运,773.6,5,5,19709.14,已送达
TRS-01749,ORD-02106,新疆阿勒泰,兰州,铁路,3269.9,6,7,83725.20,已送达
TRS-01750,ORD-02108,福建上杭,杭州,公路,804.3,3,3,38688.22,已送达
TRS-01751,ORD-02109,黑龙江多宝山,沈阳,铁路,901.4,3,3,33448.35,已送达
TRS-01752,ORD-02110,河南洛阳,北京,公路,824.9,2,3,41274.59,已送达
TRS-01753,ORD-02112,贵州贞丰,重庆,公路,416.7,2,2,23307.92,已送达
TRS-01754,ORD-02113,福建上杭,上海,水运,807.0,5,6,24286.58,已送达
TRS-01755,ORD-02114,新疆阿勒泰,天津,铁路,3290.6,7,9,101336.02,延误
TRS-01756,ORD-02115,河南洛阳,西安,公路,477.2,2,2,21481.87,已送达
TRS-01757,ORD-02116,福建上杭,合肥,公路,953.6,3,3,37663.00,已送达
TRS-01758,ORD-02118,福建上杭,深圳,水运,949.8,5,5,28156.90,已送达
TRS-01759,ORD-02119,贵州贞丰,昆明,公路,576.7,2,2,27128.74,已送达
TRS-01760,ORD-02121,福建上杭,苏州,公路,1013.0,3,4,45859.35,已送达
TRS-01761,ORD-02122,福建上杭,佛山,铁路,1021.0,4,4,36800.17,已送达
TRS-01762,ORD-02123,新疆阿勒泰,银川,铁路,2395.9,5,6,64773.50,已送达
TRS-01763,ORD-02124,福建上杭,无锡,公路,849.4,3,3,45610.32,已送达
TRS-01764,ORD-02125,黑龙江多宝山,长春,铁路,574.3,2,2,29419.15,已送达
TRS-01765,ORD-02126,新疆阿勒泰,石家庄,铁路,3505.6,7,7,81500.13,已送达
TRS-01766,ORD-02128,福建上杭,东莞,水运,1156.4,5,5,25643.04,已送达
TRS-01767,ORD-02129,贵州贞丰,武汉,铁路,1122.1,4,5,40352.80,已送达
TRS-01768,ORD-02130,河南洛阳,乌鲁木齐,铁路,2770.9,7,8,80172.40,已送达
TRS-01769,ORD-02131,黑龙江多宝山,哈尔滨,公路,412.5,1,1,13238.57,已送达
TRS-01770,ORD-02133,福建上杭,汕头,公路,694.7,2,2,27076.08,已送达
TRS-01771,ORD-02134,新疆阿勒泰,太原,铁路,3504.7,6,7,79500.92,已送达
TRS-01772,ORD-02135,贵州贞丰,贵阳,公路,270.1,1,1,13484.42,已送达
TRS-01773,ORD-02137,福建上杭,珠海,水运,1005.5,5,5,23453.54,已送达
TRS-01774,ORD-02138,河南洛阳,西宁,铁路,1523.7,4,5,51537.62,已送达
TRS-01775,ORD-02139,福建上杭,温州,公路,748.7,2,2,35163.30,已送达
TRS-01776,ORD-02140,黑龙江多宝山,大连,铁路,1050.4,3,4,42254.28,已送达
TRS-01777,ORD-02141,新疆阿勒泰,呼和浩特,铁路,2776.5,6,6,83028.43,已送达
TRS-01778,ORD-02142,贵州贞丰,南宁,铁路,744.9,3,3,33147.39,已送达
TRS-01779,ORD-02143,福建上杭,宁波,水运,696.8,4,4,23505.62,已送达
TRS-01780,ORD-02145,河南洛阳,郑州,公路,139.4,1,1,7813.23,已送达
TRS-01781,ORD-02146,贵州贞丰,成都,公路,726.5,2,3,23887.78,已送达
TRS-01782,ORD-02148,黑龙江多宝山,长春,铁路,585.7,2,2,21774.70,已送达
TRS-01783,ORD-02149,新疆阿勒泰,兰州,铁路,2600.4,6,8,87053.58,延误
TRS-01784,ORD-02150,福建上杭,厦门,公路,288.3,1,1,11065.66,已送达
TRS-01785,ORD-02151,福建上杭,上海,水运,761.2,5,5,21553.91,已送达
TRS-01786,ORD-02152,新疆阿勒泰,北京,铁路,3171.3,7,7,109667.24,已送达
TRS-01787,ORD-02154,福建上杭,广州,水运,1278.1,5,6,29616.94,已送达
TRS-01788,ORD-02155,福建上杭,南京,公路,907.5,3,3,40639.60,已送达
TRS-01789,ORD-02156,黑龙江多宝山,沈阳,铁路,926.4,3,4,27511.52,已送达
TRS-01790,ORD-02157,河南洛阳,西安,铁路,463.0,2,2,21072.57,已送达
TRS-01791,ORD-02158,福建上杭,杭州,公路,1054.3,3,3,45530.90,已送达
TRS-01792,ORD-02160,福建上杭,深圳,水运,1243.8,5,5,22611.25,已送达
TRS-01793,ORD-02161,贵州贞丰,重庆,公路,521.5,2,2,19271.36,已送达
TRS-01794,ORD-02162,福建上杭,合肥,铁路,787.8,3,3,37862.72,已送达
TRS-01795,ORD-02163,福建上杭,佛山,水运,1055.7,5,6,26332.82,已送达
TRS-01796,ORD-02165,黑龙江多宝山,哈尔滨,公路,342.9,1,1,13018.29,已送达
TRS-01797,ORD-02166,新疆阿勒泰,石家庄,铁路,3661.8,7,8,107585.44,已送达
TRS-01798,ORD-02167,福建上杭,苏州,公路,909.3,3,3,40721.86,已送达
TRS-01799,ORD-02168,贵州贞丰,昆明,公路,510.3,2,2,30649.97,已送达
TRS-01800,ORD-02169,福建上杭,汕头,水运,661.3,4,4,17358.80,已送达
TRS-01801,ORD-02170,福建上杭,无锡,公路,1105.5,3,3,45783.43,已送达
TRS-01802,ORD-02171,福建上杭,上海,水运,807.9,5,5,22422.93,已送达
TRS-01803,ORD-02173,新疆阿勒泰,天津,铁路,3284.9,7,7,88813.97,已送达
TRS-01804,ORD-02174,贵州贞丰,贵阳,公路,301.9,1,1,11241.48,已送达
TRS-01805,ORD-02176,河南洛阳,银川,铁路,1298.4,4,5,52976.21,已送达
TRS-01806,ORD-02177,福建上杭,温州,公路,786.8,2,2,34655.36,运输中
TRS-01807,ORD-02178,福建上杭,东莞,水运,1145.6,5,5,25257.34,已送达
TRS-01808,ORD-02179,新疆阿勒泰,太原,铁路,2657.3,6,7,77461.69,已送达
TRS-01809,ORD-02180,福建上杭,苏州,公路,826.4,3,3,46907.28,已送达
TRS-01810,ORD-02181,黑龙江多宝山,大连,铁路,1045.7,3,3,37366.85,已送达
TRS-01811,ORD-02182,贵州贞丰,南宁,铁路,927.4,3,4,29296.16,已送达
TRS-01812,ORD-02184,福建上杭,珠海,水运,1171.7,5,5,24357.51,已送达
TRS-01813,ORD-02185,河南洛阳,乌鲁木齐,铁路,3676.2,7,9,94590.76,延误
TRS-01814,ORD-02186,新疆阿勒泰,呼和浩特,铁路,2868.9,6,6,82021.99,已送达
TRS-01815,ORD-02187,福建上杭,上海,公路,863.6,3,3,44090.50,已送达
TRS-01816,ORD-02188,贵州贞丰,成都,公路,671.3,2,2,26632.98,已送达
TRS-01817,ORD-02190,福建上杭,厦门,公路,290.8,1,1,12656.39,已送达
TRS-01818,ORD-02191,福建上杭,杭州,水运,732.2,4,4,17501.60,已送达
TRS-01819,ORD-02192,新疆阿勒泰,北京,铁路,3348.9,7,7,108717.34,已送达
TRS-01820,ORD-02194,福建上杭,广州,水运,1359.8,5,5,28310.20,已送达
TRS-01821,ORD-02195,贵州贞丰,重庆,公路,560.9,2,2,23607.03,已送达
TRS-01822,ORD-02196,黑龙江多宝山,沈阳,铁路,898.6,3,3,27204.22,已送达
TRS-01823,ORD-02197,福建上杭,合肥,公路,1026.6,3,3,46066.12,已送达
TRS-01824,ORD-02198,新疆阿勒泰,石家庄,铁路,2980.9,7,8,94867.64,已送达
TRS-01825,ORD-02199,福建上杭,深圳,水运,1195.0,5,5,26334.48,已送达
TRS-01826,ORD-02200,贵州贞丰,昆明,公路,635.0,2,2,30487.81,已送达
TRS-01827,ORD-02201,福建上杭,上海,公路,854.6,3,3,45628.96,已送达
TRS-01828,ORD-02202,福建上杭,广州,铁路,1022.4,4,4,43907.02,已送达
TRS-01829,ORD-02203,新疆阿勒泰,北京,铁路,3205.4,7,8,100497.36,已送达
TRS-01830,ORD-02204,贵州贞丰,成都,公路,627.9,2,2,25893.78,运输中
TRS-01831,ORD-02205,福建上杭,南京,水运,880.7,5,5,25382.83,已送达
TRS-01832,ORD-02206,新疆阿勒泰,兰州,铁路,2915.9,6,7,88674.47,已送达
TRS-01833,ORD-02208,福建上杭,杭州,公路,936.7,3,3,39302.21,已送达
TRS-01834,ORD-02209,黑龙江多宝山,沈阳,铁路,722.4,3,3,36465.34,已送达
TRS-01835,ORD-02210,河南洛阳,北京,公路,666.9,2,3,36108.28,已送达
TRS-01836,ORD-02212,贵州贞丰,重庆,公路,518.3,2,2,20512.10,已送达
TRS-01837,ORD-02213,福建上杭,上海,水运,972.1,5,6,23429.34,已送达
TRS-01838,ORD-02214,新疆阿勒泰,天津,铁路,4084.8,7,9,110265.09,延误
TRS-01839,ORD-02215,河南洛阳,西安,公路,610.6,2,2,21157.94,已送达
TRS-01840,ORD-02216,福建上杭,合肥,公路,836.7,3,3,41597.92,已送达
TRS-01841,ORD-02218,福建上杭,深圳,水运,1253.2,5,5,27941.58,已送达
TRS-01842,ORD-02219,贵州贞丰,昆明,公路,487.2,2,2,25049.80,已送达
TRS-01843,ORD-02221,福建上杭,苏州,公路,888.7,3,4,51236.11,已送达
TRS-01844,ORD-02222,福建上杭,佛山,铁路,1233.0,4,4,35703.65,已送达
TRS-01845,ORD-02223,新疆阿勒泰,银川,铁路,2525.9,5,6,65674.01,已送达
TRS-01846,ORD-02224,福建上杭,无锡,公路,994.2,3,3,49755.21,已送达
TRS-01847,ORD-02225,黑龙江多宝山,长春,铁路,660.3,2,2,24356.12,已送达
TRS-01848,ORD-02226,新疆阿勒泰,石家庄,铁路,3124.3,7,7,80009.46,已送达
TRS-01849,ORD-02228,福建上杭,东莞,水运,1085.7,5,5,21241.90,已送达
TRS-01850,ORD-02229,贵州贞丰,武汉,铁路,973.6,4,5,38591.20,已送达
TRS-01851,ORD-02230,河南洛阳,乌鲁木齐,铁路,3477.5,7,8,83352.28,已送达
TRS-01852,ORD-02231,黑龙江多宝山,哈尔滨,公路,342.6,1,1,14650.80,已送达
TRS-01853,ORD-02233,福建上杭,汕头,公路,617.8,2,2,32535.93,已送达
TRS-01854,ORD-02234,新疆阿勒泰,太原,铁路,2929.8,6,7,84328.33,已送达
TRS-01855,ORD-02235,贵州贞丰,贵阳,公路,282.8,1,1,10902.11,已送达
TRS-01856,ORD-02237,福建上杭,珠海,水运,927.7,5,5,24319.56,已送达
TRS-01857,ORD-02238,河南洛阳,西宁,铁路,1428.0,4,5,58887.24,已送达
TRS-01858,ORD-02239,福建上杭,温州,公路,615.3,2,2,35966.91,已送达
TRS-01859,ORD-02240,黑龙江多宝山,大连,铁路,829.1,3,4,42376.64,已送达
TRS-01860,ORD-02241,新疆阿勒泰,呼和浩特,铁路,3060.8,6,6,72292.27,已送达
TRS-01861,ORD-02242,贵州贞丰,南宁,铁路,895.3,3,3,30878.05,已送达
TRS-01862,ORD-02243,福建上杭,宁波,水运,824.3,4,4,20998.28,已送达
TRS-01863,ORD-02245,河南洛阳,郑州,公路,141.5,1,1,8093.86,已送达
TRS-01864,ORD-02246,贵州贞丰,成都,公路,561.3,2,3,29022.45,已送达
TRS-01865,ORD-02248,黑龙江多宝山,长春,铁路,631.8,2,2,26852.58,已送达
TRS-01866,ORD-02249,新疆阿勒泰,兰州,铁路,2526.9,6,8,75388.01,延误
TRS-01867,ORD-02250,福建上杭,厦门,公路,243.7,1,1,13919.63,已送达
TRS-01868,ORD-02251,福建上杭,上海,水运,998.6,5,5,19931.30,已送达
TRS-01869,ORD-02252,新疆阿勒泰,北京,铁路,3590.7,7,7,102227.89,已送达
TRS-01870,ORD-02254,福建上杭,广州,水运,1386.9,5,6,25506.26,已送达
TRS-01871,ORD-02255,福建上杭,南京,公路,913.9,3,3,41176.84,已送达
TRS-01872,ORD-02256,黑龙江多宝山,沈阳,铁路,882.8,3,4,36792.70,已送达
TRS-01873,ORD-02257,河南洛阳,西安,铁路,571.6,2,2,20801.77,已送达
TRS-01874,ORD-02258,福建上杭,杭州,公路,812.1,3,3,47162.22,已送达
TRS-01875,ORD-02260,福建上杭,深圳,水运,1092.3,5,5,25059.03,已送达
TRS-01876,ORD-02261,贵州贞丰,重庆,公路,448.5,2,2,20053.26,已送达
TRS-01877,ORD-02262,福建上杭,合肥,铁路,920.2,3,3,32146.62,已送达
TRS-01878,ORD-02263,福建上杭,佛山,水运,1171.6,5,6,23700.25,已送达
TRS-01879,ORD-02265,黑龙江多宝山,哈尔滨,公路,353.2,1,1,13306.88,已送达
TRS-01880,ORD-02266,新疆阿勒泰,石家庄,铁路,2953.7,7,8,78212.14,已送达
TRS-01881,ORD-02267,福建上杭,苏州,公路,1087.1,3,3,44846.89,已送达
TRS-01882,ORD-02268,贵州贞丰,昆明,公路,527.9,2,2,26745.21,已送达
TRS-01883,ORD-02269,福建上杭,汕头,水运,645.6,4,4,19710.45,已送达
TRS-01884,ORD-02270,福建上杭,无锡,公路,1015.8,3,3,36618.11,已送达
TRS-01885,ORD-02271,福建上杭,上海,水运,954.6,5,5,24138.47,已送达
TRS-01886,ORD-02273,新疆阿勒泰,天津,铁路,4060.1,7,7,88015.17,已送达
TRS-01887,ORD-02274,贵州贞丰,贵阳,公路,253.2,1,1,11960.22,已送达
TRS-01888,ORD-02276,河南洛阳,银川,铁路,1096.7,4,5,43784.26,已送达
TRS-01889,ORD-02277,福建上杭,温州,公路,760.0,2,2,30375.39,运输中
TRS-01890,ORD-02278,福建上杭,东莞,水运,1018.3,5,5,25898.06,已送达
TRS-01891,ORD-02279,新疆阿勒泰,太原,铁路,3597.1,6,7,77032.52,已送达
TRS-01892,ORD-02280,福建上杭,苏州,公路,1089.3,3,3,38945.27,已送达
TRS-01893,ORD-02281,黑龙江多宝山,大连,铁路,831.4,3,3,41656.72,已送达
TRS-01894,ORD-02282,贵州贞丰,南宁,铁路,830.6,3,4,30353.22,已送达
TRS-01895,ORD-02284,福建上杭,珠海,水运,1090.5,5,5,21484.69,已送达
TRS-01896,ORD-02285,河南洛阳,乌鲁木齐,铁路,3214.2,7,9,92049.76,延误
TRS-01897,ORD-02286,新疆阿勒泰,呼和浩特,铁路,2917.6,6,6,90657.76,已送达
TRS-01898,ORD-02287,福建上杭,上海,公路,909.3,3,3,46313.55,已送达
TRS-01899,ORD-02288,贵州贞丰,成都,公路,726.3,2,2,29640.60,已送达
TRS-01900,ORD-02290,福建上杭,厦门,公路,272.2,1,1,13101.89,已送达
TRS-01901,ORD-02291,福建上杭,杭州,水运,706.1,4,4,20972.54,已送达
TRS-01902,ORD-02292,新疆阿勒泰,北京,铁路,3487.1,7,7,91891.79,已送达
TRS-01903,ORD-02294,福建上杭,广州,水运,1324.2,5,5,26819.86,已送达
TRS-01904,ORD-02295,贵州贞丰,重庆,公路,429.8,2,2,18824.87,已送达
TRS-01905,ORD-02296,黑龙江多宝山,沈阳,铁路,862.0,3,3,27469.28,已送达
TRS-01906,ORD-02297,福建上杭,合肥,公路,1031.8,3,3,41241.52,已送达
TRS-01907,ORD-02298,新疆阿勒泰,石家庄,铁路,3589.8,7,8,101252.35,已送达
TRS-01908,ORD-02299,福建上杭,深圳,水运,973.8,5,5,21533.80,已送达
TRS-01909,ORD-02300,贵州贞丰,昆明,公路,562.2,2,2,27724.19,已送达
TRS-01910,ORD-02301,福建上杭,上海,公路,860.6,3,3,42930.72,已送达
TRS-01911,ORD-02302,福建上杭,广州,铁路,1088.6,4,4,44038.69,已送达
TRS-01912,ORD-02303,新疆阿勒泰,北京,铁路,3500.1,7,8,97660.19,已送达
TRS-01913,ORD-02304,贵州贞丰,成都,公路,608.2,2,2,29598.10,运输中
TRS-01914,ORD-02305,福建上杭,南京,水运,777.7,5,5,23436.42,已送达
TRS-01915,ORD-02306,新疆阿勒泰,兰州,铁路,2618.1,6,7,77571.75,已送达
TRS-01916,ORD-02308,福建上杭,杭州,公路,824.2,3,3,41263.40,已送达
TRS-01917,ORD-02309,黑龙江多宝山,沈阳,铁路,816.8,3,3,34886.62,已送达
TRS-01918,ORD-02310,河南洛阳,北京,公路,690.9,2,3,32900.84,已送达
TRS-01919,ORD-02312,贵州贞丰,重庆,公路,501.7,2,2,18857.54,已送达
TRS-01920,ORD-02313,福建上杭,上海,水运,1002.4,5,6,18755.06,已送达
TRS-01921,ORD-02314,新疆阿勒泰,天津,铁路,3814.0,7,9,114433.72,延误
TRS-01922,ORD-02315,河南洛阳,西安,公路,601.4,2,2,27271.39,已送达
TRS-01923,ORD-02316,福建上杭,合肥,公路,910.0,3,3,35337.16,已送达
TRS-01924,ORD-02318,福建上杭,深圳,水运,984.6,5,5,23617.75,已送达
TRS-01925,ORD-02319,贵州贞丰,昆明,公路,527.3,2,2,26677.43,已送达
TRS-01926,ORD-02321,福建上杭,苏州,公路,1070.0,3,4,44044.35,已送达
TRS-01927,ORD-02322,福建上杭,佛山,铁路,1199.9,4,4,34003.62,已送达
TRS-01928,ORD-02323,新疆阿勒泰,银川,铁路,2293.0,5,6,80478.86,已送达
TRS-01929,ORD-02324,福建上杭,无锡,公路,981.3,3,3,40686.39,已送达
TRS-01930,ORD-02325,黑龙江多宝山,长春,铁路,539.8,2,2,29245.90,已送达
TRS-01931,ORD-02326,新疆阿勒泰,石家庄,铁路,3606.4,7,7,85282.99,已送达
TRS-01932,ORD-02328,福建上杭,东莞,水运,1235.6,5,5,20803.92,已送达
TRS-01933,ORD-02329,贵州贞丰,武汉,铁路,974.5,4,5,43083.22,已送达
TRS-01934,ORD-02330,河南洛阳,乌鲁木齐,铁路,3419.1,7,8,99402.69,已送达
TRS-01935,ORD-02331,黑龙江多宝山,哈尔滨,公路,336.3,1,1,13966.21,已送达
TRS-01936,ORD-02333,福建上杭,汕头,公路,592.2,2,2,30594.54,已送达
TRS-01937,ORD-02334,新疆阿勒泰,太原,铁路,2736.0,6,7,87764.46,已送达
TRS-01938,ORD-02335,贵州贞丰,贵阳,公路,252.7,1,1,11722.22,已送达
TRS-01939,ORD-02337,福建上杭,珠海,水运,1010.1,5,5,25637.94,已送达
TRS-01940,ORD-02338,河南洛阳,西宁,铁路,1573.2,4,5,56675.32,已送达
TRS-01941,ORD-02339,福建上杭,温州,公路,693.4,2,2,35908.83,已送达
TRS-01942,ORD-02340,黑龙江多宝山,大连,铁路,892.0,3,4,32995.01,已送达
TRS-01943,ORD-02341,新疆阿勒泰,呼和浩特,铁路,2857.0,6,6,68444.14,已送达
TRS-01944,ORD-02342,贵州贞丰,南宁,铁路,939.0,3,3,30851.65,已送达
TRS-01945,ORD-02343,福建上杭,宁波,水运,798.4,4,4,17709.50,已送达
TRS-01946,ORD-02345,河南洛阳,郑州,公路,155.4,1,1,7943.65,已送达
TRS-01947,ORD-02346,贵州贞丰,成都,公路,763.9,2,3,25453.04,已送达
TRS-01948,ORD-02348,黑龙江多宝山,长春,铁路,586.0,2,2,24680.35,已送达
TRS-01949,ORD-02349,新疆阿勒泰,兰州,铁路,2388.8,6,8,90219.60,延误
TRS-01950,ORD-02350,福建上杭,厦门,公路,217.7,1,1,12243.36,已送达
TRS-01951,ORD-02351,福建上杭,上海,水运,902.4,5,5,23364.55,已送达
TRS-01952,ORD-02352,新疆阿勒泰,北京,铁路,3227.5,7,7,107566.79,已送达
TRS-01953,ORD-02354,福建上杭,广州,水运,1175.7,5,6,25994.46,已送达
TRS-01954,ORD-02355,福建上杭,南京,公路,1015.9,3,3,35061.28,已送达
TRS-01955,ORD-02356,黑龙江多宝山,沈阳,铁路,911.3,3,4,31513.76,已送达
TRS-01956,ORD-02357,河南洛阳,西安,铁路,528.3,2,2,20365.44,已送达
TRS-01957,ORD-02358,福建上杭,杭州,公路,791.0,3,3,43160.84,已送达
TRS-01958,ORD-02360,福建上杭,深圳,水运,1053.6,5,5,26120.80,已送达
TRS-01959,ORD-02361,贵州贞丰,重庆,公路,520.4,2,2,21744.12,已送达
TRS-01960,ORD-02362,福建上杭,合肥,铁路,795.9,3,3,30898.07,已送达
TRS-01961,ORD-02363,福建上杭,佛山,水运,1007.4,5,6,28736.88,已送达
TRS-01962,ORD-02365,黑龙江多宝山,哈尔滨,公路,378.6,1,1,15258.66,已送达
TRS-01963,ORD-02366,新疆阿勒泰,石家庄,铁路,3581.3,7,8,82319.85,已送达
TRS-01964,ORD-02367,福建上杭,苏州,公路,824.5,3,3,40043.58,已送达
TRS-01965,ORD-02368,贵州贞丰,昆明,公路,654.9,2,2,27356.97,已送达
TRS-01966,ORD-02369,福建上杭,汕头,水运,615.6,4,4,17766.29,已送达
TRS-01967,ORD-02370,福建上杭,无锡,公路,1131.7,3,3,45008.66,已送达
TRS-01968,ORD-02371,福建上杭,上海,水运,819.7,5,5,21808.73,已送达
TRS-01969,ORD-02373,新疆阿勒泰,天津,铁路,3833.0,7,7,85612.31,已送达
TRS-01970,ORD-02374,贵州贞丰,贵阳,公路,285.4,1,1,10809.84,已送达
TRS-01971,ORD-02376,河南洛阳,银川,铁路,1087.5,4,5,51832.56,已送达
TRS-01972,ORD-02377,福建上杭,温州,公路,637.0,2,2,32765.12,运输中
TRS-01973,ORD-02378,福建上杭,东莞,水运,1158.9,5,5,21039.14,已送达
TRS-01974,ORD-02379,新疆阿勒泰,太原,铁路,3357.2,6,7,74224.72,已送达
TRS-01975,ORD-02380,福建上杭,苏州,公路,999.8,3,3,45791.95,已送达
TRS-01976,ORD-02381,黑龙江多宝山,大连,铁路,820.2,3,3,32902.34,已送达
TRS-01977,ORD-02382,贵州贞丰,南宁,铁路,872.7,3,4,33454.69,已送达
TRS-01978,ORD-02384,福建上杭,珠海,水运,1121.0,5,5,26250.45,已送达
TRS-01979,ORD-02385,河南洛阳,乌鲁木齐,铁路,2929.6,7,9,103506.04,延误
TRS-01980,ORD-02386,新疆阿勒泰,呼和浩特,铁路,2753.5,6,6,68230.50,已送达
TRS-01981,ORD-02387,福建上杭,上海,公路,1053.4,3,3,43285.63,已送达
TRS-01982,ORD-02388,贵州贞丰,成都,公路,683.5,2,2,25344.93,已送达
TRS-01983,ORD-02390,福建上杭,厦门,公路,244.9,1,1,10514.03,已送达
TRS-01984,ORD-02391,福建上杭,杭州,水运,713.4,4,4,22888.52,已送达
TRS-01985,ORD-02392,新疆阿勒泰,北京,铁路,3691.4,7,7,105061.93,已送达
TRS-01986,ORD-02394,福建上杭,广州,水运,1050.1,5,5,29077.26,已送达
TRS-01987,ORD-02395,贵州贞丰,重庆,公路,549.3,2,2,24267.69,已送达
TRS-01988,ORD-02396,黑龙江多宝山,沈阳,铁路,871.1,3,3,33897.15,已送达
TRS-01989,ORD-02397,福建上杭,合肥,公路,944.3,3,3,41042.20,已送达
TRS-01990,ORD-02398,新疆阿勒泰,石家庄,铁路,2890.4,7,8,84272.00,已送达
TRS-01991,ORD-02399,福建上杭,深圳,水运,1266.8,5,5,26280.03,已送达
TRS-01992,ORD-02400,贵州贞丰,昆明,公路,577.5,2,2,25561.17,已送达
TRS-01993,ORD-02401,福建上杭,上海,公路,899.7,3,3,50389.88,已送达
TRS-01994,ORD-02402,福建上杭,广州,铁路,1337.4,4,4,40483.60,已送达
TRS-01995,ORD-02403,新疆阿勒泰,北京,铁路,3548.9,7,8,81442.83,已送达
TRS-01996,ORD-02404,贵州贞丰,成都,公路,751.0,2,2,31247.44,运输中
TRS-01997,ORD-02405,福建上杭,南京,水运,899.2,5,5,24661.19,已送达
TRS-01998,ORD-02406,新疆阿勒泰,兰州,铁路,2589.4,6,7,87456.77,已送达
TRS-01999,ORD-02408,福建上杭,杭州,公路,1061.5,3,3,40136.59,已送达
TRS-02000,ORD-02409,黑龙江多宝山,沈阳,铁路,865.1,3,3,34549.76,已送达
TRS-02001,ORD-02410,河南洛阳,北京,公路,701.8,2,3,33343.21,已送达
TRS-02002,ORD-02412,贵州贞丰,重庆,公路,547.0,2,2,21759.36,已送达
TRS-02003,ORD-02413,福建上杭,上海,水运,876.9,5,6,23330.94,已送达
TRS-02004,ORD-02414,新疆阿勒泰,天津,铁路,3356.5,7,9,103544.84,延误
TRS-02005,ORD-02415,河南洛阳,西安,公路,580.2,2,2,25502.86,已送达
TRS-02006,ORD-02416,福建上杭,合肥,公路,990.1,3,3,39567.76,已送达
TRS-02007,ORD-02418,福建上杭,深圳,水运,969.7,5,5,24874.22,已送达
TRS-02008,ORD-02419,贵州贞丰,昆明,公路,582.4,2,2,28064.82,已送达
TRS-02009,ORD-02421,福建上杭,苏州,公路,1061.8,3,4,41255.06,已送达
TRS-02010,ORD-02422,福建上杭,佛山,铁路,1108.0,4,4,32840.57,已送达
TRS-02011,ORD-02423,新疆阿勒泰,银川,铁路,2561.8,5,6,61763.11,已送达
TRS-02012,ORD-02424,福建上杭,无锡,公路,952.1,3,3,42901.44,已送达
TRS-02013,ORD-02425,黑龙江多宝山,长春,铁路,547.3,2,2,28037.28,已送达
TRS-02014,ORD-02426,新疆阿勒泰,石家庄,铁路,3934.1,7,7,97976.50,已送达
TRS-02015,ORD-02428,福建上杭,东莞,水运,1023.0,5,5,21262.49,已送达
TRS-02016,ORD-02429,贵州贞丰,武汉,铁路,956.6,4,5,39359.04,已送达
TRS-02017,ORD-02430,河南洛阳,乌鲁木齐,铁路,2832.3,7,8,103442.15,已送达
TRS-02018,ORD-02431,黑龙江多宝山,哈尔滨,公路,321.6,1,1,14511.21,已送达
TRS-02019,ORD-02433,福建上杭,汕头,公路,615.7,2,2,26883.03,已送达
TRS-02020,ORD-02434,新疆阿勒泰,太原,铁路,3027.8,6,7,89495.14,已送达
TRS-02021,ORD-02435,贵州贞丰,贵阳,公路,303.7,1,1,14107.33,已送达
TRS-02022,ORD-02437,福建上杭,珠海,水运,1071.5,5,5,25398.85,已送达
TRS-02023,ORD-02438,河南洛阳,西宁,铁路,1271.9,4,5,54483.99,已送达
TRS-02024,ORD-02439,福建上杭,温州,公路,719.0,2,2,35234.05,已送达
TRS-02025,ORD-02440,黑龙江多宝山,大连,铁路,1019.2,3,4,39171.42,已送达
TRS-02026,ORD-02441,新疆阿勒泰,呼和浩特,铁路,2922.3,6,6,91623.01,已送达
TRS-02027,ORD-02442,贵州贞丰,南宁,铁路,941.7,3,3,34310.05,已送达
TRS-02028,ORD-02443,福建上杭,宁波,水运,695.1,4,4,20756.72,已送达
TRS-02029,ORD-02445,河南洛阳,郑州,公路,144.7,1,1,9276.06,已送达
TRS-02030,ORD-02446,贵州贞丰,成都,公路,682.4,2,3,26817.78,已送达
TRS-02031,ORD-02448,黑龙江多宝山,长春,铁路,607.0,2,2,25224.03,已送达
TRS-02032,ORD-02449,新疆阿勒泰,兰州,铁路,2902.2,6,8,76887.14,延误
TRS-02033,ORD-02450,福建上杭,厦门,公路,268.5,1,1,10576.60,已送达
TRS-02034,ORD-02451,福建上杭,上海,水运,781.5,5,5,22119.46,已送达
TRS-02035,ORD-02452,新疆阿勒泰,北京,铁路,4059.9,7,7,108805.11,已送达
TRS-02036,ORD-02454,福建上杭,广州,水运,1087.2,5,6,27388.71,已送达
TRS-02037,ORD-02455,福建上杭,南京,公路,947.0,3,3,47045.56,已送达
TRS-02038,ORD-02456,黑龙江多宝山,沈阳,铁路,784.8,3,4,35286.85,已送达
TRS-02039,ORD-02457,河南洛阳,西安,铁路,535.3,2,2,25432.20,已送达
TRS-02040,ORD-02458,福建上杭,杭州,公路,1057.8,3,3,46178.16,已送达
TRS-02041,ORD-02460,福建上杭,深圳,水运,1040.1,5,5,23017.97,已送达
TRS-02042,ORD-02461,贵州贞丰,重庆,公路,539.0,2,2,21927.80,已送达
TRS-02043,ORD-02462,福建上杭,合肥,铁路,882.1,3,3,32610.93,已送达
TRS-02044,ORD-02463,福建上杭,佛山,水运,1048.2,5,6,26341.90,已送达
TRS-02045,ORD-02465,黑龙江多宝山,哈尔滨,公路,321.5,1,1,14169.16,已送达
TRS-02046,ORD-02466,新疆阿勒泰,石家庄,铁路,3223.2,7,8,81703.54,已送达
TRS-02047,ORD-02467,福建上杭,苏州,公路,842.8,3,3,40479.21,已送达
TRS-02048,ORD-02468,贵州贞丰,昆明,公路,476.1,2,2,22566.75,已送达
TRS-02049,ORD-02469,福建上杭,汕头,水运,677.9,4,4,20588.38,已送达
TRS-02050,ORD-02470,福建上杭,无锡,公路,987.5,3,3,43074.56,已送达
TRS-02051,ORD-02471,福建上杭,上海,水运,930.8,5,5,20469.26,已送达
TRS-02052,ORD-02473,新疆阿勒泰,天津,铁路,3065.7,7,7,103130.89,已送达
TRS-02053,ORD-02474,贵州贞丰,贵阳,公路,307.2,1,1,11959.43,已送达
TRS-02054,ORD-02476,河南洛阳,银川,铁路,1077.7,4,5,44389.34,已送达
TRS-02055,ORD-02477,福建上杭,温州,公路,677.7,2,2,33494.82,运输中
TRS-02056,ORD-02478,福建上杭,东莞,水运,957.8,5,5,23815.10,已送达
TRS-02057,ORD-02479,新疆阿勒泰,太原,铁路,2942.6,6,7,75658.07,已送达
TRS-02058,ORD-02480,福建上杭,苏州,公路,1025.1,3,3,39839.24,已送达
TRS-02059,ORD-02481,黑龙江多宝山,大连,铁路,815.6,3,3,31318.74,已送达
TRS-02060,ORD-02482,贵州贞丰,南宁,铁路,724.6,3,4,31808.38,已送达
TRS-02061,ORD-02484,福建上杭,珠海,水运,1249.7,5,5,22551.85,已送达
TRS-02062,ORD-02485,河南洛阳,乌鲁木齐,铁路,3035.3,7,9,75270.45,延误
TRS-02063,ORD-02486,新疆阿勒泰,呼和浩特,铁路,2428.7,6,6,73303.85,已送达
TRS-02064,ORD-02487,福建上杭,上海,公路,1025.1,3,3,39081.60,已送达
TRS-02065,ORD-02488,贵州贞丰,成都,公路,755.5,2,2,26452.80,已送达
TRS-02066,ORD-02490,福建上杭,厦门,公路,257.3,1,1,13794.89,已送达
TRS-02067,ORD-02491,福建上杭,杭州,水运,793.9,4,4,19368.74,已送达
TRS-02068,ORD-02492,新疆阿勒泰,北京,铁路,3821.4,7,7,103785.98,已送达
TRS-02069,ORD-02494,福建上杭,广州,水运,1258.4,5,5,26955.42,已送达
TRS-02070,ORD-02495,贵州贞丰,重庆,公路,464.3,2,2,20008.25,已送达
TRS-02071,ORD-02496,黑龙江多宝山,沈阳,铁路,825.2,3,3,27817.76,已送达
TRS-02072,ORD-02497,福建上杭,合肥,公路,753.0,3,3,43873.60,已送达
TRS-02073,ORD-02498,新疆阿勒泰,石家庄,铁路,2918.6,7,8,102387.81,已送达
TRS-02074,ORD-02499,福建上杭,深圳,水运,1134.1,5,5,25987.15,已送达
TRS-02075,ORD-02500,贵州贞丰,昆明,公路,616.3,2,2,25611.79,已送达
TRS-02076,ORD-02501,福建上杭,上海,公路,887.0,3,3,41062.59,已送达
TRS-02077,ORD-02502,福建上杭,广州,铁路,1385.9,4,4,40775.79,已送达
TRS-02078,ORD-02503,新疆阿勒泰,北京,铁路,3339.1,7,8,87634.46,已送达
TRS-02079,ORD-02504,贵州贞丰,成都,公路,753.3,2,2,25785.68,运输中
TRS-02080,ORD-02505,福建上杭,南京,水运,873.8,5,5,19532.00,已送达
TRS-02081,ORD-02506,新疆阿勒泰,兰州,铁路,2959.8,6,7,77349.86,已送达
TRS-02082,ORD-02508,福建上杭,杭州,公路,980.1,3,3,45690.29,已送达
TRS-02083,ORD-02509,黑龙江多宝山,沈阳,铁路,756.8,3,3,32565.54,已送达
TRS-02084,ORD-02510,河南洛阳,北京,公路,736.8,2,3,39394.25,已送达
TRS-02085,ORD-02512,贵州贞丰,重庆,公路,523.3,2,2,19837.64,已送达
TRS-02086,ORD-02513,福建上杭,上海,水运,799.0,5,6,22703.77,已送达
TRS-02087,ORD-02514,新疆阿勒泰,天津,铁路,3085.8,7,9,89344.35,延误
TRS-02088,ORD-02515,河南洛阳,西安,公路,464.4,2,2,27852.72,已送达
TRS-02089,ORD-02516,福建上杭,合肥,公路,1027.6,3,3,37003.00,已送达
TRS-02090,ORD-02518,福建上杭,深圳,水运,1249.9,5,5,22385.20,已送达
TRS-02091,ORD-02519,贵州贞丰,昆明,公路,494.7,2,2,25656.41,已送达
TRS-02092,ORD-02521,福建上杭,苏州,公路,897.5,3,4,41799.56,已送达
TRS-02093,ORD-02522,福建上杭,佛山,铁路,1180.0,4,4,37375.16,已送达
TRS-02094,ORD-02523,新疆阿勒泰,银川,铁路,2202.2,5,6,76567.97,已送达
TRS-02095,ORD-02524,福建上杭,无锡,公路,906.8,3,3,36988.47,已送达
TRS-02096,ORD-02525,黑龙江多宝山,长春,铁路,670.7,2,2,29099.05,已送达
TRS-02097,ORD-02526,新疆阿勒泰,石家庄,铁路,3217.1,7,7,80079.28,已送达
TRS-02098,ORD-02528,福建上杭,东莞,水运,1228.3,5,5,26184.77,已送达
TRS-02099,ORD-02529,贵州贞丰,武汉,铁路,1019.7,4,5,43762.36,已送达
TRS-02100,ORD-02530,河南洛阳,乌鲁木齐,铁路,2773.9,7,8,93937.36,已送达
TRS-02101,ORD-02531,黑龙江多宝山,哈尔滨,公路,359.0,1,1,15782.87,已送达
TRS-02102,ORD-02533,福建上杭,汕头,公路,734.2,2,2,31515.24,已送达
TRS-02103,ORD-02534,新疆阿勒泰,太原,铁路,2886.4,6,7,78075.99,已送达
TRS-02104,ORD-02535,贵州贞丰,贵阳,公路,285.5,1,1,10226.14,已送达
TRS-02105,ORD-02537,福建上杭,珠海,水运,1115.1,5,5,25199.24,已送达
TRS-02106,ORD-02538,河南洛阳,西宁,铁路,1367.6,4,5,60097.02,已送达
TRS-02107,ORD-02539,福建上杭,温州,公路,758.0,2,2,37659.68,已送达
TRS-02108,ORD-02540,黑龙江多宝山,大连,铁路,980.9,3,4,30645.14,已送达
TRS-02109,ORD-02541,新疆阿勒泰,呼和浩特,铁路,2917.6,6,6,82297.41,已送达
TRS-02110,ORD-02542,贵州贞丰,南宁,铁路,733.2,3,3,33574.02,已送达
TRS-02111,ORD-02543,福建上杭,宁波,水运,658.1,4,4,22399.46,已送达
TRS-02112,ORD-02545,河南洛阳,郑州,公路,144.6,1,1,7474.26,已送达
TRS-02113,ORD-02546,贵州贞丰,成都,公路,575.6,2,3,25303.35,已送达
TRS-02114,ORD-02548,黑龙江多宝山,长春,铁路,595.8,2,2,28859.80,已送达
TRS-02115,ORD-02549,新疆阿勒泰,兰州,铁路,2545.3,6,8,78556.74,延误
TRS-02116,ORD-02550,福建上杭,厦门,公路,246.8,1,1,11935.27,已送达
TRS-02117,ORD-02551,福建上杭,上海,水运,935.2,5,5,18989.67,已送达
TRS-02118,ORD-02552,新疆阿勒泰,北京,铁路,3571.0,7,7,89565.62,已送达
TRS-02119,ORD-02554,福建上杭,广州,水运,1274.4,5,6,27616.08,已送达
TRS-02120,ORD-02555,福建上杭,南京,公路,996.4,3,3,38078.80,已送达
TRS-02121,ORD-02556,黑龙江多宝山,沈阳,铁路,799.8,3,4,27473.50,已送达
TRS-02122,ORD-02557,河南洛阳,西安,铁路,455.8,2,2,19164.64,已送达
TRS-02123,ORD-02558,福建上杭,杭州,公路,906.0,3,3,45525.35,已送达
TRS-02124,ORD-02560,福建上杭,深圳,水运,1018.3,5,5,22244.95,已送达
TRS-02125,ORD-02561,贵州贞丰,重庆,公路,493.3,2,2,25244.89,已送达
TRS-02126,ORD-02562,福建上杭,合肥,铁路,919.5,3,3,36647.66,已送达
TRS-02127,ORD-02563,福建上杭,佛山,水运,1136.6,5,6,21531.32,已送达
TRS-02128,ORD-02565,黑龙江多宝山,哈尔滨,公路,309.0,1,1,13428.15,已送达
TRS-02129,ORD-02566,新疆阿勒泰,石家庄,铁路,3908.2,7,8,107961.91,已送达
TRS-02130,ORD-02567,福建上杭,苏州,公路,966.4,3,3,41987.61,已送达
TRS-02131,ORD-02568,贵州贞丰,昆明,公路,501.1,2,2,24716.04,已送达
TRS-02132,ORD-02569,福建上杭,汕头,水运,605.3,4,4,18207.04,已送达
TRS-02133,ORD-02570,福建上杭,无锡,公路,1010.1,3,3,50307.20,已送达
TRS-02134,ORD-02571,福建上杭,上海,水运,839.0,5,5,23482.89,已送达
TRS-02135,ORD-02573,新疆阿勒泰,天津,铁路,3768.2,7,7,83600.76,已送达
TRS-02136,ORD-02574,贵州贞丰,贵阳,公路,277.6,1,1,13387.80,已送达
TRS-02137,ORD-02576,河南洛阳,银川,铁路,1048.3,4,5,51170.45,已送达
TRS-02138,ORD-02577,福建上杭,温州,公路,612.6,2,2,32015.36,运输中
TRS-02139,ORD-02578,福建上杭,东莞,水运,1133.8,5,5,25824.41,已送达
TRS-02140,ORD-02579,新疆阿勒泰,太原,铁路,3174.1,6,7,86718.19,已送达
TRS-02141,ORD-02580,福建上杭,苏州,公路,832.8,3,3,44778.78,已送达
TRS-02142,ORD-02581,黑龙江多宝山,大连,铁路,785.9,3,3,41857.49,已送达
TRS-02143,ORD-02582,贵州贞丰,南宁,铁路,851.9,3,4,33642.66,已送达
TRS-02144,ORD-02584,福建上杭,珠海,水运,987.1,5,5,22059.25,已送达
TRS-02145,ORD-02585,河南洛阳,乌鲁木齐,铁路,3345.5,7,9,83520.71,延误
TRS-02146,ORD-02586,新疆阿勒泰,呼和浩特,铁路,2967.4,6,6,85265.23,已送达
TRS-02147,ORD-02587,福建上杭,上海,公路,1152.7,3,3,50713.60,已送达
TRS-02148,ORD-02588,贵州贞丰,成都,公路,568.6,2,2,26163.59,已送达
TRS-02149,ORD-02590,福建上杭,厦门,公路,240.5,1,1,11656.88,已送达
TRS-02150,ORD-02591,福建上杭,杭州,水运,678.9,4,4,21474.80,已送达
TRS-02151,ORD-02592,新疆阿勒泰,北京,铁路,3066.6,7,7,81091.71,已送达
TRS-02152,ORD-02594,福建上杭,广州,水运,1373.3,5,5,28334.23,已送达
TRS-02153,ORD-02595,贵州贞丰,重庆,公路,530.8,2,2,21466.79,已送达
TRS-02154,ORD-02596,黑龙江多宝山,沈阳,铁路,894.7,3,3,31238.14,已送达
TRS-02155,ORD-02597,福建上杭,合肥,公路,970.7,3,3,38225.32,已送达
TRS-02156,ORD-02598,新疆阿勒泰,石家庄,铁路,3601.6,7,8,89099.24,已送达
TRS-02157,ORD-02599,福建上杭,深圳,水运,1128.7,5,5,26575.38,已送达
TRS-02158,ORD-02600,贵州贞丰,昆明,公路,513.0,2,2,29598.92,已送达
TRS-02159,ORD-02601,福建上杭,上海,公路,1116.8,3,3,44090.50,已送达
TRS-02160,ORD-02602,福建上杭,广州,铁路,1120.4,4,4,44373.51,已送达
TRS-02161,ORD-02603,新疆阿勒泰,北京,铁路,3919.2,7,8,98202.54,已送达
TRS-02162,ORD-02604,贵州贞丰,成都,公路,692.5,2,2,32919.88,运输中
TRS-02163,ORD-02605,福建上杭,南京,水运,728.7,5,5,25484.47,已送达
TRS-02164,ORD-02606,新疆阿勒泰,兰州,铁路,3124.7,6,7,90871.74,已送达
TRS-02165,ORD-02608,福建上杭,杭州,公路,1031.3,3,3,42490.01,已送达
TRS-02166,ORD-02609,黑龙江多宝山,沈阳,铁路,853.2,3,3,29956.16,已送达
TRS-02167,ORD-02610,河南洛阳,北京,公路,716.7,2,3,39550.17,已送达
TRS-02168,ORD-02612,贵州贞丰,重庆,公路,518.2,2,2,20329.14,已送达
TRS-02169,ORD-02613,福建上杭,上海,水运,809.8,5,6,20338.56,已送达
TRS-02170,ORD-02614,新疆阿勒泰,天津,铁路,3560.6,7,9,99153.07,延误
TRS-02171,ORD-02615,河南洛阳,西安,公路,577.7,2,2,23866.58,已送达
TRS-02172,ORD-02616,福建上杭,合肥,公路,929.8,3,3,36777.28,已送达
TRS-02173,ORD-02618,福建上杭,深圳,水运,1168.9,5,5,26341.07,已送达
TRS-02174,ORD-02619,贵州贞丰,昆明,公路,553.9,2,2,24909.09,已送达
TRS-02175,ORD-02621,福建上杭,苏州,公路,945.2,3,4,42808.70,已送达
TRS-02176,ORD-02622,福建上杭,佛山,铁路,1241.3,4,4,33503.47,已送达
TRS-02177,ORD-02623,新疆阿勒泰,银川,铁路,2062.8,5,6,63402.55,已送达
TRS-02178,ORD-02624,福建上杭,无锡,公路,875.7,3,3,43653.51,已送达
TRS-02179,ORD-02625,黑龙江多宝山,长春,铁路,514.7,2,2,27943.22,已送达
TRS-02180,ORD-02626,新疆阿勒泰,石家庄,铁路,3392.2,7,7,101419.33,已送达
TRS-02181,ORD-02628,福建上杭,东莞,水运,1177.6,5,5,26472.26,已送达
TRS-02182,ORD-02629,贵州贞丰,武汉,铁路,1171.5,4,5,43109.56,已送达
TRS-02183,ORD-02630,河南洛阳,乌鲁木齐,铁路,2835.0,7,8,94608.18,已送达
TRS-02184,ORD-02631,黑龙江多宝山,哈尔滨,公路,328.0,1,1,13219.26,已送达
TRS-02185,ORD-02633,福建上杭,汕头,公路,764.1,2,2,26885.01,已送达
TRS-02186,ORD-02634,新疆阿勒泰,太原,铁路,2999.0,6,7,89904.67,已送达
TRS-02187,ORD-02635,贵州贞丰,贵阳,公路,250.9,1,1,13897.45,已送达
TRS-02188,ORD-02637,福建上杭,珠海,水运,1137.1,5,5,20272.57,已送达
TRS-02189,ORD-02638,河南洛阳,西宁,铁路,1645.9,4,5,48337.28,已送达
TRS-02190,ORD-02639,福建上杭,温州,公路,750.9,2,2,37652.29,已送达
TRS-02191,ORD-02640,黑龙江多宝山,大连,铁路,943.0,3,4,41716.12,已送达
TRS-02192,ORD-02641,新疆阿勒泰,呼和浩特,铁路,2862.8,6,6,78356.62,已送达
TRS-02193,ORD-02642,贵州贞丰,南宁,铁路,870.5,3,3,36542.43,已送达
TRS-02194,ORD-02643,福建上杭,宁波,水运,881.0,4,4,18012.44,已送达
TRS-02195,ORD-02645,河南洛阳,郑州,公路,160.8,1,1,8743.30,已送达
TRS-02196,ORD-02646,贵州贞丰,成都,公路,674.6,2,3,25234.05,已送达
TRS-02197,ORD-02648,黑龙江多宝山,长春,铁路,695.7,2,2,26572.08,已送达
TRS-02198,ORD-02649,新疆阿勒泰,兰州,铁路,2681.8,6,8,80832.48,延误
TRS-02199,ORD-02650,福建上杭,厦门,公路,252.2,1,1,13465.02,已送达
TRS-02200,ORD-02651,福建上杭,上海,水运,797.0,5,5,21711.45,已送达
TRS-02201,ORD-02652,新疆阿勒泰,北京,铁路,3084.8,7,7,109764.43,已送达
TRS-02202,ORD-02654,福建上杭,广州,水运,1206.5,5,6,24878.20,已送达
TRS-02203,ORD-02655,福建上杭,南京,公路,1007.9,3,3,34265.32,已送达
TRS-02204,ORD-02656,黑龙江多宝山,沈阳,铁路,842.7,3,4,35791.62,已送达
TRS-02205,ORD-02657,河南洛阳,西安,铁路,611.6,2,2,20856.95,已送达
TRS-02206,ORD-02658,福建上杭,杭州,公路,1014.5,3,3,46447.04,已送达
TRS-02207,ORD-02660,福建上杭,深圳,水运,1271.6,5,5,26989.52,已送达
TRS-02208,ORD-02661,贵州贞丰,重庆,公路,527.8,2,2,22844.01,已送达
TRS-02209,ORD-02662,福建上杭,合肥,铁路,810.2,3,3,30377.17,已送达
TRS-02210,ORD-02663,福建上杭,佛山,水运,1146.2,5,6,24218.35,已送达
TRS-02211,ORD-02665,黑龙江多宝山,哈尔滨,公路,326.1,1,1,13978.09,已送达
TRS-02212,ORD-02666,新疆阿勒泰,石家庄,铁路,3582.5,7,8,98359.04,已送达
TRS-02213,ORD-02667,福建上杭,苏州,公路,897.4,3,3,42593.52,已送达
TRS-02214,ORD-02668,贵州贞丰,昆明,公路,497.3,2,2,26165.20,已送达
TRS-02215,ORD-02669,福建上杭,汕头,水运,611.9,4,4,16196.35,已送达
TRS-02216,ORD-02670,福建上杭,无锡,公路,833.2,3,3,37963.32,已送达
TRS-02217,ORD-02671,福建上杭,上海,水运,972.2,5,5,24977.72,已送达
TRS-02218,ORD-02673,新疆阿勒泰,天津,铁路,3606.2,7,7,110485.00,已送达
TRS-02219,ORD-02674,贵州贞丰,贵阳,公路,260.5,1,1,10856.17,已送达
TRS-02220,ORD-02676,河南洛阳,银川,铁路,1262.8,4,5,46489.73,已送达
TRS-02221,ORD-02677,福建上杭,温州,公路,677.7,2,2,36132.70,运输中
TRS-02222,ORD-02678,福建上杭,东莞,水运,971.0,5,5,23271.79,已送达
TRS-02223,ORD-02679,新疆阿勒泰,太原,铁路,3244.8,6,7,84224.54,已送达
TRS-02224,ORD-02680,福建上杭,苏州,公路,942.7,3,3,37656.82,已送达
TRS-02225,ORD-02681,黑龙江多宝山,大连,铁路,801.1,3,3,38278.04,已送达
TRS-02226,ORD-02682,贵州贞丰,南宁,铁路,741.2,3,4,30830.53,已送达
TRS-02227,ORD-02684,福建上杭,珠海,水运,939.6,5,5,21360.22,已送达
TRS-02228,ORD-02685,河南洛阳,乌鲁木齐,铁路,3180.8,7,9,103235.97,延误
TRS-02229,ORD-02686,新疆阿勒泰,呼和浩特,铁路,2549.3,6,6,74050.31,已送达
TRS-02230,ORD-02687,福建上杭,上海,公路,838.2,3,3,45048.33,已送达
TRS-02231,ORD-02688,贵州贞丰,成都,公路,610.9,2,2,26879.69,已送达
TRS-02232,ORD-02690,福建上杭,厦门,公路,217.1,1,1,11183.66,已送达
TRS-02233,ORD-02691,福建上杭,杭州,水运,708.6,4,4,17490.38,已送达
TRS-02234,ORD-02692,新疆阿勒泰,北京,铁路,4023.5,7,7,110814.65,已送达
TRS-02235,ORD-02694,福建上杭,广州,水运,1162.1,5,5,22862.76,已送达
TRS-02236,ORD-02695,贵州贞丰,重庆,公路,524.4,2,2,24176.94,已送达
TRS-02237,ORD-02696,黑龙江多宝山,沈阳,铁路,829.4,3,3,33750.37,已送达
TRS-02238,ORD-02697,福建上杭,合肥,公路,800.3,3,3,34477.84,已送达
TRS-02239,ORD-02698,新疆阿勒泰,石家庄,铁路,2955.6,7,8,94463.85,已送达
TRS-02240,ORD-02699,福建上杭,深圳,水运,1206.5,5,5,22342.30,已送达
TRS-02241,ORD-02700,贵州贞丰,昆明,公路,623.2,2,2,27562.89,已送达
TRS-02242,ORD-02701,福建上杭,上海,公路,973.2,3,3,48353.94,已送达
TRS-02243,ORD-02702,福建上杭,广州,铁路,1393.9,4,4,34212.35,已送达
TRS-02244,ORD-02703,新疆阿勒泰,北京,铁路,3193.8,7,8,100682.33,已送达
TRS-02245,ORD-02704,贵州贞丰,成都,公路,697.5,2,2,26822.40,运输中
TRS-02246,ORD-02705,福建上杭,南京,水运,784.1,5,5,20471.44,已送达
TRS-02247,ORD-02706,新疆阿勒泰,兰州,铁路,2578.6,6,7,96134.91,已送达
TRS-02248,ORD-02708,福建上杭,杭州,公路,816.8,3,3,46713.16,已送达
TRS-02249,ORD-02709,黑龙江多宝山,沈阳,铁路,754.6,3,3,30404.96,已送达
TRS-02250,ORD-02710,河南洛阳,北京,公路,815.9,2,3,31759.70,已送达
TRS-02251,ORD-02712,贵州贞丰,重庆,公路,488.5,2,2,20428.61,已送达
TRS-02252,ORD-02713,福建上杭,上海,水运,956.7,5,6,23093.24,已送达
TRS-02253,ORD-02714,新疆阿勒泰,天津,铁路,3246.2,7,9,83710.72,延误
TRS-02254,ORD-02715,河南洛阳,西安,公路,562.2,2,2,21401.09,已送达
TRS-02255,ORD-02716,福建上杭,合肥,公路,802.3,3,3,45004.84,已送达
TRS-02256,ORD-02718,福建上杭,深圳,水运,1276.6,5,5,26558.05,已送达
TRS-02257,ORD-02719,贵州贞丰,昆明,公路,518.0,2,2,28115.44,已送达
TRS-02258,ORD-02721,福建上杭,苏州,公路,850.6,3,4,44840.05,已送达
TRS-02259,ORD-02722,福建上杭,佛山,铁路,1134.8,4,4,31138.16,已送达
TRS-02260,ORD-02723,新疆阿勒泰,银川,铁路,2090.0,5,6,82389.17,已送达
TRS-02261,ORD-02724,福建上杭,无锡,公路,996.7,3,3,45823.17,已送达
TRS-02262,ORD-02725,黑龙江多宝山,长春,铁路,638.1,2,2,24160.60,已送达
TRS-02263,ORD-02726,新疆阿勒泰,石家庄,铁路,2924.7,7,7,91197.12,已送达
TRS-02264,ORD-02728,福建上杭,东莞,水运,1222.2,5,5,21991.92,已送达
TRS-02265,ORD-02729,贵州贞丰,武汉,铁路,957.5,4,5,49286.96,已送达
TRS-02266,ORD-02730,河南洛阳,乌鲁木齐,铁路,3491.3,7,8,83337.76,已送达
TRS-02267,ORD-02731,黑龙江多宝山,哈尔滨,公路,364.7,1,1,16716.43,已送达
TRS-02268,ORD-02733,福建上杭,汕头,公路,693.9,2,2,30376.74,已送达
TRS-02269,ORD-02734,新疆阿勒泰,太原,铁路,3261.8,6,7,97649.27,已送达
TRS-02270,ORD-02735,贵州贞丰,贵阳,公路,294.1,1,1,13063.87,已送达
TRS-02271,ORD-02737,福建上杭,珠海,水运,992.0,5,5,20777.30,已送达
TRS-02272,ORD-02738,河南洛阳,西宁,铁路,1193.0,4,5,47360.87,已送达
TRS-02273,ORD-02739,福建上杭,温州,公路,745.0,2,2,32407.14,已送达
TRS-02274,ORD-02740,黑龙江多宝山,大连,铁路,1040.1,3,4,35679.89,已送达
TRS-02275,ORD-02741,新疆阿勒泰,呼和浩特,铁路,3059.8,6,6,87275.53,已送达
TRS-02276,ORD-02742,贵州贞丰,南宁,铁路,681.0,3,3,31734.46,已送达
TRS-02277,ORD-02743,福建上杭,宁波,水运,791.3,4,4,18050.06,已送达
TRS-02278,ORD-02745,河南洛阳,郑州,公路,157.4,1,1,8301.63,已送达
TRS-02279,ORD-02746,贵州贞丰,成都,公路,728.0,2,3,28775.74,已送达
TRS-02280,ORD-02748,黑龙江多宝山,长春,铁路,560.6,2,2,23594.65,已送达
TRS-02281,ORD-02749,新疆阿勒泰,兰州,铁路,2530.3,6,8,74578.92,延误
TRS-02282,ORD-02750,福建上杭,厦门,公路,288.6,1,1,11395.92,已送达
TRS-02283,ORD-02751,福建上杭,上海,水运,814.3,5,5,24726.53,已送达
TRS-02284,ORD-02752,新疆阿勒泰,北京,铁路,3481.1,7,7,81947.57,已送达
TRS-02285,ORD-02754,福建上杭,广州,水运,1035.8,5,6,26670.57,已送达
TRS-02286,ORD-02755,福建上杭,南京,公路,829.7,3,3,44728.96,已送达
TRS-02287,ORD-02756,黑龙江多宝山,沈阳,铁路,849.7,3,4,32945.70,已送达
TRS-02288,ORD-02757,河南洛阳,西安,铁路,495.0,2,2,21756.46,已送达
TRS-02289,ORD-02758,福建上杭,杭州,公路,789.9,3,3,40782.46,已送达
TRS-02290,ORD-02760,福建上杭,深圳,水运,958.2,5,5,29410.90,已送达
TRS-02291,ORD-02761,贵州贞丰,重庆,公路,520.3,2,2,20434.41,已送达
TRS-02292,ORD-02762,福建上杭,合肥,铁路,783.0,3,3,30311.33,已送达
TRS-02293,ORD-02763,福建上杭,佛山,水运,1319.6,5,6,23341.38,已送达
TRS-02294,ORD-02765,黑龙江多宝山,哈尔滨,公路,366.5,1,1,16159.56,已送达
TRS-02295,ORD-02766,新疆阿勒泰,石家庄,铁路,2928.3,7,8,80510.40,已送达
TRS-02296,ORD-02767,福建上杭,苏州,公路,850.4,3,3,36836.64,已送达
TRS-02297,ORD-02768,贵州贞丰,昆明,公路,657.2,2,2,29728.48,已送达
TRS-02298,ORD-02769,福建上杭,汕头,水运,634.7,4,4,15725.30,已送达
TRS-02299,ORD-02770,福建上杭,无锡,公路,912.6,3,3,43107.20,已送达
TRS-02300,ORD-02771,福建上杭,上海,水运,859.8,5,5,22950.00,已送达
TRS-02301,ORD-02773,新疆阿勒泰,天津,铁路,4211.8,7,7,101717.63,已送达
TRS-02302,ORD-02774,贵州贞丰,贵阳,公路,298.9,1,1,11106.05,已送达
TRS-02303,ORD-02776,河南洛阳,银川,铁路,1023.7,4,5,43564.08,已送达
TRS-02304,ORD-02777,福建上杭,温州,公路,758.6,2,2,29026.88,运输中
TRS-02305,ORD-02778,福建上杭,东莞,水运,1119.4,5,5,25838.66,已送达
TRS-02306,ORD-02779,新疆阿勒泰,太原,铁路,3101.5,6,7,84109.54,已送达
TRS-02307,ORD-02780,福建上杭,苏州,公路,1022.2,3,3,40734.63,已送达
TRS-02308,ORD-02781,黑龙江多宝山,大连,铁路,918.2,3,3,37202.90,已送达
TRS-02309,ORD-02782,贵州贞丰,南宁,铁路,833.1,3,4,27933.92,已送达
TRS-02310,ORD-02784,福建上杭,珠海,水运,1255.7,5,5,23235.70,已送达
TRS-02311,ORD-02785,河南洛阳,乌鲁木齐,铁路,3364.3,7,9,87278.49,延误
TRS-02312,ORD-02786,新疆阿勒泰,呼和浩特,铁路,2493.7,6,6,89388.78,已送达
TRS-02313,ORD-02787,福建上杭,上海,公路,930.1,3,3,45394.34,已送达
TRS-02314,ORD-02788,贵州贞丰,成都,公路,710.5,2,2,24683.34,已送达
TRS-02315,ORD-02790,福建上杭,厦门,公路,281.7,1,1,13569.56,已送达
TRS-02316,ORD-02791,福建上杭,杭州,水运,700.8,4,4,22289.24,已送达
TRS-02317,ORD-02792,新疆阿勒泰,北京,铁路,3399.9,7,7,98804.46,已送达
TRS-02318,ORD-02794,福建上杭,广州,水运,1288.5,5,5,30556.45,已送达
TRS-02319,ORD-02795,贵州贞丰,重庆,公路,409.7,2,2,23986.01,已送达
TRS-02320,ORD-02796,黑龙江多宝山,沈阳,铁路,871.8,3,3,31882.30,已送达
TRS-02321,ORD-02797,福建上杭,合肥,公路,858.7,3,3,34743.16,已送达
TRS-02322,ORD-02798,新疆阿勒泰,石家庄,铁路,3319.1,7,8,97253.94,已送达
TRS-02323,ORD-02799,福建上杭,深圳,水运,1051.2,5,5,25702.52,已送达
TRS-02324,ORD-02800,贵州贞丰,昆明,公路,542.3,2,2,29188.80,已送达
TRS-02325,ORD-02801,福建上杭,上海,公路,870.6,3,3,39917.65,已送达
TRS-02326,ORD-02802,福建上杭,广州,铁路,1085.7,4,4,37900.36,已送达
TRS-02327,ORD-02803,新疆阿勒泰,北京,铁路,3429.3,7,8,85869.46,已送达
TRS-02328,ORD-02804,贵州贞丰,成都,公路,759.0,2,2,28590.02,运输中
TRS-02329,ORD-02805,福建上杭,南京,水运,878.7,5,5,22404.78,已送达
TRS-02330,ORD-02806,新疆阿勒泰,兰州,铁路,3292.0,6,7,90563.26,已送达
TRS-02331,ORD-02808,福建上杭,杭州,公路,1065.7,3,3,39953.63,已送达
TRS-02332,ORD-02809,黑龙江多宝山,沈阳,铁路,886.6,3,3,28581.25,已送达
TRS-02333,ORD-02810,河南洛阳,北京,公路,758.8,2,3,30853.02,已送达
TRS-02334,ORD-02812,贵州贞丰,重庆,公路,449.3,2,2,24712.73,已送达
TRS-02335,ORD-02813,福建上杭,上海,水运,960.5,5,6,19475.08,已送达
TRS-02336,ORD-02814,新疆阿勒泰,天津,铁路,3326.6,7,9,100039.18,延误
TRS-02337,ORD-02815,河南洛阳,西安,公路,503.6,2,2,27476.52,已送达
TRS-02338,ORD-02816,福建上杭,合肥,公路,890.4,3,3,39140.08,已送达
TRS-02339,ORD-02818,福建上杭,深圳,水运,1093.9,5,5,24224.12,已送达
TRS-02340,ORD-02819,贵州贞丰,昆明,公路,514.9,2,2,24903.94,已送达
TRS-02341,ORD-02821,福建上杭,苏州,公路,1001.0,3,4,46488.07,已送达
TRS-02342,ORD-02822,福建上杭,佛山,铁路,1101.7,4,4,40638.60,已送达
TRS-02343,ORD-02823,新疆阿勒泰,银川,铁路,2140.4,5,6,73975.75,已送达
TRS-02344,ORD-02824,福建上杭,无锡,公路,893.4,3,3,39433.41,已送达
TRS-02345,ORD-02825,黑龙江多宝山,长春,铁路,528.4,2,2,27360.77,已送达
TRS-02346,ORD-02826,新疆阿勒泰,石家庄,铁路,3451.7,7,7,88783.50,已送达
TRS-02347,ORD-02828,福建上杭,东莞,水运,1173.6,5,5,24452.66,已送达
TRS-02348,ORD-02829,贵州贞丰,武汉,铁路,1212.6,4,5,39508.73,已送达
TRS-02349,ORD-02830,河南洛阳,乌鲁木齐,铁路,3529.6,7,8,75993.54,已送达
TRS-02350,ORD-02831,黑龙江多宝山,哈尔滨,公路,359.2,1,1,13697.43,已送达
TRS-02351,ORD-02833,福建上杭,汕头,公路,698.8,2,2,32526.03,已送达
TRS-02352,ORD-02834,新疆阿勒泰,太原,铁路,2732.0,6,7,74695.96,已送达
TRS-02353,ORD-02835,贵州贞丰,贵阳,公路,250.9,1,1,11482.64,已送达
TRS-02354,ORD-02837,福建上杭,珠海,水运,1142.3,5,5,26391.63,已送达
TRS-02355,ORD-02838,河南洛阳,西宁,铁路,1621.4,4,5,58211.14,已送达
TRS-02356,ORD-02839,福建上杭,温州,公路,599.4,2,2,36902.53,已送达
TRS-02357,ORD-02840,黑龙江多宝山,大连,铁路,836.6,3,4,38263.79,已送达
TRS-02358,ORD-02841,新疆阿勒泰,呼和浩特,铁路,3059.2,6,6,73471.16,已送达
TRS-02359,ORD-02842,贵州贞丰,南宁,铁路,927.0,3,3,37676.58,已送达
TRS-02360,ORD-02843,福建上杭,宁波,水运,753.4,4,4,22575.68,已送达
TRS-02361,ORD-02845,河南洛阳,郑州,公路,171.3,1,1,6879.99,已送达
TRS-02362,ORD-02846,贵州贞丰,成都,公路,585.4,2,3,26607.11,已送达
TRS-02363,ORD-02848,黑龙江多宝山,长春,铁路,655.7,2,2,24283.53,已送达
TRS-02364,ORD-02849,新疆阿勒泰,兰州,铁路,2523.4,6,8,95666.78,延误
TRS-02365,ORD-02850,福建上杭,厦门,公路,265.7,1,1,10445.12,已送达
TRS-02366,ORD-02851,福建上杭,上海,水运,837.9,5,5,22343.07,已送达
TRS-02367,ORD-02852,新疆阿勒泰,北京,铁路,3927.3,7,7,99337.42,已送达
TRS-02368,ORD-02854,福建上杭,广州,水运,1184.3,5,6,25181.94,已送达
TRS-02369,ORD-02855,福建上杭,南京,公路,1016.8,3,3,43745.56,已送达
TRS-02370,ORD-02856,黑龙江多宝山,沈阳,铁路,765.5,3,4,32055.49,已送达
TRS-02371,ORD-02857,河南洛阳,西安,铁路,445.4,2,2,24453.55,已送达
TRS-02372,ORD-02858,福建上杭,杭州,公路,1029.0,3,3,48456.74,已送达
TRS-02373,ORD-02860,福建上杭,深圳,水运,1042.8,5,5,22242.48,已送达
TRS-02374,ORD-02861,贵州贞丰,重庆,公路,530.8,2,2,24567.53,已送达
TRS-02375,ORD-02862,福建上杭,合肥,铁路,950.0,3,3,35535.39,已送达
TRS-02376,ORD-02863,福建上杭,佛山,水运,1194.1,5,6,22636.00,已送达
TRS-02377,ORD-02865,黑龙江多宝山,哈尔滨,公路,303.8,1,1,14095.90,已送达
TRS-02378,ORD-02866,新疆阿勒泰,石家庄,铁路,3293.7,7,8,84654.54,已送达
TRS-02379,ORD-02867,福建上杭,苏州,公路,885.3,3,3,40655.17,已送达
TRS-02380,ORD-02868,贵州贞丰,昆明,公路,598.7,2,2,26118.87,已送达
TRS-02381,ORD-02869,福建上杭,汕头,水运,643.9,4,4,17273.86,已送达
TRS-02382,ORD-02870,福建上杭,无锡,公路,966.1,3,3,40242.24,已送达
TRS-02383,ORD-02871,福建上杭,上海,水运,764.8,5,5,23236.77,已送达
TRS-02384,ORD-02873,新疆阿勒泰,天津,铁路,3178.3,7,7,98642.10,已送达
TRS-02385,ORD-02874,贵州贞丰,贵阳,公路,317.9,1,1,12572.44,已送达
TRS-02386,ORD-02876,河南洛阳,银川,铁路,1352.9,4,5,48767.52,已送达
TRS-02387,ORD-02877,福建上杭,温州,公路,615.2,2,2,33051.30,运输中
TRS-02388,ORD-02878,福建上杭,东莞,水运,1017.0,5,5,23976.67,已送达
TRS-02389,ORD-02879,新疆阿勒泰,太原,铁路,3500.4,6,7,77823.54,已送达
TRS-02390,ORD-02880,福建上杭,苏州,公路,921.2,3,3,47677.80,已送达
TRS-02391,ORD-02881,黑龙江多宝山,大连,铁路,891.8,3,3,39839.08,已送达
TRS-02392,ORD-02882,贵州贞丰,南宁,铁路,700.6,3,4,36999.68,已送达
TRS-02393,ORD-02884,福建上杭,珠海,水运,1148.3,5,5,22888.84,已送达
TRS-02394,ORD-02885,河南洛阳,乌鲁木齐,铁路,3083.1,7,9,98630.22,延误
TRS-02395,ORD-02886,新疆阿勒泰,呼和浩特,铁路,2414.6,6,6,86019.41,已送达
TRS-02396,ORD-02887,福建上杭,上海,公路,1149.7,3,3,45015.66,已送达
TRS-02397,ORD-02888,贵州贞丰,成都,公路,617.1,2,2,25125.94,已送达
TRS-02398,ORD-02890,福建上杭,厦门,公路,250.3,1,1,11705.59,已送达
TRS-02399,ORD-02891,福建上杭,杭州,水运,720.0,4,4,20036.66,已送达
TRS-02400,ORD-02892,新疆阿勒泰,北京,铁路,3261.9,7,7,110720.60,已送达
TRS-02401,ORD-02894,福建上杭,广州,水运,1049.4,5,5,25922.39,已送达
TRS-02402,ORD-02895,贵州贞丰,重庆,公路,559.9,2,2,19947.27,已送达
TRS-02403,ORD-02896,黑龙江多宝山,沈阳,铁路,703.5,3,3,32138.91,已送达
TRS-02404,ORD-02897,福建上杭,合肥,公路,967.1,3,3,44797.60,已送达
TRS-02405,ORD-02898,新疆阿勒泰,石家庄,铁路,3586.0,7,8,91907.54,已送达
TRS-02406,ORD-02899,福建上杭,深圳,水运,948.1,5,5,28326.85,已送达
TRS-02407,ORD-02900,贵州贞丰,昆明,公路,575.0,2,2,26631.10,已送达
TRS-02408,ORD-02901,福建上杭,上海,公路,856.3,3,3,40213.17,已送达
TRS-02409,ORD-02902,福建上杭,广州,铁路,1222.2,4,4,43509.51,已送达
TRS-02410,ORD-02903,新疆阿勒泰,北京,铁路,3760.9,7,8,84035.48,已送达
TRS-02411,ORD-02904,贵州贞丰,成都,公路,585.2,2,2,27681.72,运输中
TRS-02412,ORD-02905,福建上杭,南京,水运,900.8,5,5,19122.53,已送达
TRS-02413,ORD-02906,新疆阿勒泰,兰州,铁路,2682.2,6,7,83876.73,已送达
TRS-02414,ORD-02908,福建上杭,杭州,公路,856.1,3,3,39431.11,已送达
TRS-02415,ORD-02909,黑龙江多宝山,沈阳,铁路,937.9,3,3,29334.18,已送达
TRS-02416,ORD-02910,河南洛阳,北京,公路,834.2,2,3,41062.07,已送达
TRS-02417,ORD-02912,贵州贞丰,重庆,公路,456.1,2,2,21153.15,已送达
TRS-02418,ORD-02913,福建上杭,上海,水运,771.3,5,6,21010.08,已送达
TRS-02419,ORD-02914,新疆阿勒泰,天津,铁路,3342.9,7,9,114194.40,延误
TRS-02420,ORD-02915,河南洛阳,西安,公路,571.8,2,2,27431.38,已送达
TRS-02421,ORD-02916,福建上杭,合肥,公路,751.7,3,3,40292.44,已送达
TRS-02422,ORD-02918,福建上杭,深圳,水运,980.9,5,5,24507.10,已送达
TRS-02423,ORD-02919,贵州贞丰,昆明,公路,630.1,2,2,22605.36,已送达
TRS-02424,ORD-02921,福建上杭,苏州,公路,1009.2,3,4,42827.58,已送达
TRS-02425,ORD-02922,福建上杭,佛山,铁路,1243.6,4,4,30974.22,已送达
TRS-02426,ORD-02923,新疆阿勒泰,银川,铁路,2242.0,5,6,67073.47,已送达
TRS-02427,ORD-02924,福建上杭,无锡,公路,830.4,3,3,40921.94,已送达
TRS-02428,ORD-02925,黑龙江多宝山,长春,铁路,686.6,2,2,27907.75,已送达
TRS-02429,ORD-02926,新疆阿勒泰,石家庄,铁路,3623.2,7,7,89733.76,已送达
TRS-02430,ORD-02928,福建上杭,东莞,水运,1014.7,5,5,26130.91,已送达
TRS-02431,ORD-02929,贵州贞丰,武汉,铁路,1090.4,4,5,48946.00,已送达
TRS-02432,ORD-02930,河南洛阳,乌鲁木齐,铁路,2932.3,7,8,78755.25,已送达
TRS-02433,ORD-02931,黑龙江多宝山,哈尔滨,公路,410.7,1,1,17273.81,已送达
TRS-02434,ORD-02933,福建上杭,汕头,公路,615.6,2,2,25563.36,已送达
TRS-02435,ORD-02934,新疆阿勒泰,太原,铁路,3454.7,6,7,76202.24,已送达
TRS-02436,ORD-02935,贵州贞丰,贵阳,公路,283.5,1,1,11238.31,已送达
TRS-02437,ORD-02937,福建上杭,珠海,水运,1240.7,5,5,23933.23,已送达
TRS-02438,ORD-02938,河南洛阳,西宁,铁路,1524.1,4,5,45648.30,已送达
TRS-02439,ORD-02939,福建上杭,温州,公路,614.3,2,2,31066.02,已送达
TRS-02440,ORD-02940,黑龙江多宝山,大连,铁路,819.7,3,4,36542.38,已送达
TRS-02441,ORD-02941,新疆阿勒泰,呼和浩特,铁路,2633.1,6,6,83831.51,已送达
TRS-02442,ORD-02942,贵州贞丰,南宁,铁路,792.9,3,3,30570.75,已送达
TRS-02443,ORD-02943,福建上杭,宁波,水运,839.2,4,4,21472.82,已送达
TRS-02444,ORD-02945,河南洛阳,郑州,公路,148.8,1,1,7460.53,已送达
TRS-02445,ORD-02946,贵州贞丰,成都,公路,586.6,2,3,27310.28,已送达
TRS-02446,ORD-02948,黑龙江多宝山,长春,铁路,622.6,2,2,29107.30,已送达
TRS-02447,ORD-02949,新疆阿勒泰,兰州,铁路,2877.6,6,8,76467.71,延误
TRS-02448,ORD-02950,福建上杭,厦门,公路,235.9,1,1,13457.50,已送达
TRS-02449,ORD-02951,福建上杭,上海,水运,773.1,5,5,24335.94,已送达
TRS-02450,ORD-02952,新疆阿勒泰,北京,铁路,3323.8,7,7,103522.64,已送达
TRS-02451,ORD-02954,福建上杭,广州,水运,1348.7,5,6,29898.36,已送达
TRS-02452,ORD-02955,福建上杭,南京,公路,759.1,3,3,39340.72,已送达
TRS-02453,ORD-02956,黑龙江多宝山,沈阳,铁路,820.6,3,4,27824.10,已送达
TRS-02454,ORD-02957,河南洛阳,西安,铁路,581.5,2,2,19452.14,已送达
TRS-02455,ORD-02958,福建上杭,杭州,公路,947.2,3,3,36316.77,已送达
TRS-02456,ORD-02960,福建上杭,深圳,水运,1087.8,5,5,21416.65,已送达
TRS-02457,ORD-02961,贵州贞丰,重庆,公路,466.1,2,2,23482.16,已送达
TRS-02458,ORD-02962,福建上杭,合肥,铁路,1035.3,3,3,36559.88,已送达
TRS-02459,ORD-02963,福建上杭,佛山,水运,1068.2,5,6,24280.22,已送达
TRS-02460,ORD-02965,黑龙江多宝山,哈尔滨,公路,303.1,1,1,17623.77,已送达
TRS-02461,ORD-02966,新疆阿勒泰,石家庄,铁路,3174.4,7,8,101343.43,已送达
TRS-02462,ORD-02967,福建上杭,苏州,公路,1023.4,3,3,37350.32,已送达
TRS-02463,ORD-02968,贵州贞丰,昆明,公路,490.1,2,2,23779.11,已送达
TRS-02464,ORD-02969,福建上杭,汕头,水运,556.8,4,4,17743.72,已送达
TRS-02465,ORD-02970,福建上杭,无锡,公路,1097.7,3,3,47724.62,已送达
TRS-02466,ORD-02971,福建上杭,上海,水运,742.6,5,5,23439.33,已送达
TRS-02467,ORD-02973,新疆阿勒泰,天津,铁路,3609.0,7,7,96084.00,已送达
TRS-02468,ORD-02974,贵州贞丰,贵阳,公路,292.1,1,1,13785.38,已送达
TRS-02469,ORD-02976,河南洛阳,银川,铁路,1245.5,4,5,47463.89,已送达
TRS-02470,ORD-02977,福建上杭,温州,公路,629.3,2,2,33869.70,运输中
TRS-02471,ORD-02978,福建上杭,东莞,水运,953.0,5,5,21436.73,已送达
TRS-02472,ORD-02979,新疆阿勒泰,太原,铁路,2812.0,6,7,98084.05,已送达
TRS-02473,ORD-02980,福建上杭,苏州,公路,1022.8,3,3,42332.43,已送达
TRS-02474,ORD-02981,黑龙江多宝山,大连,铁路,890.6,3,3,42242.40,已送达
TRS-02475,ORD-02982,贵州贞丰,南宁,铁路,757.9,3,4,32261.41,已送达
TRS-02476,ORD-02984,福建上杭,珠海,水运,1116.1,5,5,22189.80,已送达
TRS-02477,ORD-02985,河南洛阳,乌鲁木齐,铁路,2793.4,7,9,85228.26,延误
TRS-02478,ORD-02986,新疆阿勒泰,呼和浩特,铁路,2626.6,6,6,66886.87,已送达
TRS-02479,ORD-02987,福建上杭,上海,公路,972.0,3,3,44173.67,已送达
TRS-02480,ORD-02988,贵州贞丰,成都,公路,744.9,2,2,24141.88,已送达
TRS-02481,ORD-02990,福建上杭,厦门,公路,252.2,1,1,11683.81,已送达
TRS-02482,ORD-02991,福建上杭,杭州,水运,661.2,4,4,19354.88,已送达
TRS-02483,ORD-02992,新疆阿勒泰,北京,铁路,3957.8,7,7,85167.21,已送达
TRS-02484,ORD-02994,福建上杭,广州,水运,1337.4,5,5,25804.84,已送达
TRS-02485,ORD-02995,贵州贞丰,重庆,公路,499.2,2,2,22149.23,已送达
TRS-02486,ORD-02996,黑龙江多宝山,沈阳,铁路,940.2,3,3,36083.07,已送达
TRS-02487,ORD-02997,福建上杭,合肥,公路,959.4,3,3,40332.04,已送达
TRS-02488,ORD-02998,新疆阿勒泰,石家庄,铁路,3387.5,7,8,98243.67,已送达
TRS-02489,ORD-02999,福建上杭,深圳,水运,955.4,5,5,29363.88,已送达
TRS-02490,ORD-03000,贵州贞丰,昆明,公路,592.0,2,2,22230.42,已送达
TRS-02491,ORD-03001,福建上杭,上海,公路,1028.2,3,3,51058.12,已送达
TRS-02492,ORD-03002,福建上杭,广州,铁路,1107.0,4,4,34667.55,已送达
TRS-02493,ORD-03003,新疆阿勒泰,北京,铁路,3104.7,7,8,106240.68,已送达
TRS-02494,ORD-03004,贵州贞丰,成都,公路,648.3,2,2,29227.58,运输中
TRS-02495,ORD-03005,福建上杭,南京,水运,768.3,5,5,23878.56,已送达
TRS-02496,ORD-03006,新疆阿勒泰,兰州,铁路,2859.0,6,7,81855.35,已送达
TRS-02497,ORD-03008,福建上杭,杭州,公路,936.9,3,3,40333.40,已送达
TRS-02498,ORD-03009,黑龙江多宝山,沈阳,铁路,883.5,3,3,30627.78,已送达
TRS-02499,ORD-03010,河南洛阳,北京,公路,713.5,2,3,36542.56,已送达
TRS-02500,ORD-03012,贵州贞丰,重庆,公路,428.7,2,2,19809.33,已送达
TRS-02501,ORD-03013,福建上杭,上海,水运,749.3,5,6,21339.25,已送达
TRS-02502,ORD-03014,新疆阿勒泰,天津,铁路,4043.9,7,9,83332.34,延误
TRS-02503,ORD-03015,河南洛阳,西安,公路,482.2,2,2,26435.83,已送达
TRS-02504,ORD-03016,福建上杭,合肥,公路,898.3,3,3,43129.12,已送达
TRS-02505,ORD-03018,福建上杭,深圳,水运,1259.3,5,5,29281.38,已送达
TRS-02506,ORD-03019,贵州贞丰,昆明,公路,548.0,2,2,25262.59,已送达
TRS-02507,ORD-03021,福建上杭,苏州,公路,920.5,3,4,39469.10,已送达
TRS-02508,ORD-03022,福建上杭,佛山,铁路,1101.5,4,4,36416.45,已送达
TRS-02509,ORD-03023,新疆阿勒泰,银川,铁路,2324.4,5,6,77363.93,已送达
TRS-02510,ORD-03024,福建上杭,无锡,公路,1083.7,3,3,48472.44,已送达
TRS-02511,ORD-03025,黑龙江多宝山,长春,铁路,616.5,2,2,28507.53,已送达
TRS-02512,ORD-03026,新疆阿勒泰,石家庄,铁路,3118.0,7,7,82559.70,已送达
TRS-02513,ORD-03028,福建上杭,东莞,水运,1149.2,5,5,25898.86,已送达
TRS-02514,ORD-03029,贵州贞丰,武汉,铁路,1061.5,4,5,36318.16,已送达
TRS-02515,ORD-03030,河南洛阳,乌鲁木齐,铁路,3260.4,7,8,78636.18,已送达
TRS-02516,ORD-03031,黑龙江多宝山,哈尔滨,公路,329.2,1,1,15359.64,已送达
TRS-02517,ORD-03033,福建上杭,汕头,公路,561.3,2,2,32908.17,已送达
TRS-02518,ORD-03034,新疆阿勒泰,太原,铁路,2830.8,6,7,91711.09,已送达
TRS-02519,ORD-03035,贵州贞丰,贵阳,公路,303.6,1,1,11811.32,已送达
TRS-02520,ORD-03037,福建上杭,珠海,水运,949.1,5,5,27118.75,已送达
TRS-02521,ORD-03038,河南洛阳,西宁,铁路,1339.6,4,5,52558.64,已送达
TRS-02522,ORD-03039,福建上杭,温州,公路,780.3,2,2,33356.48,已送达
TRS-02523,ORD-03040,黑龙江多宝山,大连,铁路,1007.5,3,4,33471.40,已送达
TRS-02524,ORD-03041,新疆阿勒泰,呼和浩特,铁路,2998.3,6,6,84050.30,已送达
TRS-02525,ORD-03042,贵州贞丰,南宁,铁路,850.3,3,3,34417.76,已送达
TRS-02526,ORD-03043,福建上杭,宁波,水运,706.5,4,4,18638.12,已送达
TRS-02527,ORD-03045,河南洛阳,郑州,公路,176.6,1,1,6942.82,已送达
TRS-02528,ORD-03046,贵州贞丰,成都,公路,733.7,2,3,24254.61,已送达
TRS-02529,ORD-03048,黑龙江多宝山,长春,铁路,516.0,2,2,28297.97,已送达
TRS-02530,ORD-03049,新疆阿勒泰,兰州,铁路,2660.7,6,8,87705.72,延误
TRS-02531,ORD-03050,福建上杭,厦门,公路,242.8,1,1,10634.41,已送达
TRS-02532,ORD-03051,福建上杭,上海,水运,991.7,5,5,19449.23,已送达
TRS-02533,ORD-03052,新疆阿勒泰,北京,铁路,3046.5,7,7,86803.68,已送达
TRS-02534,ORD-03054,福建上杭,广州,水运,1218.7,5,6,22945.99,已送达
TRS-02535,ORD-03055,福建上杭,南京,公路,920.2,3,3,44249.80,已送达
TRS-02536,ORD-03056,黑龙江多宝山,沈阳,铁路,774.8,3,4,33709.18,已送达
TRS-02537,ORD-03057,河南洛阳,西安,铁路,568.7,2,2,20482.33,已送达
TRS-02538,ORD-03058,福建上杭,杭州,公路,921.6,3,3,45221.82,已送达
TRS-02539,ORD-03060,福建上杭,深圳,水运,1222.7,5,5,27705.62,已送达
TRS-02540,ORD-03061,贵州贞丰,重庆,公路,553.8,2,2,23648.42,已送达
TRS-02541,ORD-03062,福建上杭,合肥,铁路,782.9,3,3,40730.58,已送达
TRS-02542,ORD-03063,福建上杭,佛山,水运,1284.2,5,6,27482.05,已送达
TRS-02543,ORD-03065,黑龙江多宝山,哈尔滨,公路,355.4,1,1,16692.68,已送达
TRS-02544,ORD-03066,新疆阿勒泰,石家庄,铁路,3078.5,7,8,97958.29,已送达
TRS-02545,ORD-03067,福建上杭,苏州,公路,892.7,3,3,37956.23,已送达
TRS-02546,ORD-03068,贵州贞丰,昆明,公路,515.3,2,2,30307.63,已送达
TRS-02547,ORD-03069,福建上杭,汕头,水运,614.6,4,4,16170.21,已送达
TRS-02548,ORD-03070,福建上杭,无锡,公路,964.4,3,3,45529.43,已送达
TRS-02549,ORD-03071,福建上杭,上海,水运,815.7,5,5,25061.94,已送达
TRS-02550,ORD-03073,新疆阿勒泰,天津,铁路,3369.1,7,7,99838.68,已送达
TRS-02551,ORD-03074,贵州贞丰,贵阳,公路,295.7,1,1,12533.63,已送达
TRS-02552,ORD-03076,河南洛阳,银川,铁路,1207.9,4,5,46153.92,已送达
TRS-02553,ORD-03077,福建上杭,温州,公路,712.4,2,2,30654.18,运输中
TRS-02554,ORD-03078,福建上杭,东莞,水运,1066.8,5,5,24041.62,已送达
TRS-02555,ORD-03079,新疆阿勒泰,太原,铁路,3201.8,6,7,75753.44,已送达
TRS-02556,ORD-03080,福建上杭,苏州,公路,949.1,3,3,41522.18,已送达
TRS-02557,ORD-03081,黑龙江多宝山,大连,铁路,824.0,3,3,42236.46,已送达
TRS-02558,ORD-03082,贵州贞丰,南宁,铁路,887.0,3,4,34095.68,已送达
TRS-02559,ORD-03084,福建上杭,珠海,水运,1195.2,5,5,26178.35,已送达
TRS-02560,ORD-03085,河南洛阳,乌鲁木齐,铁路,3700.0,7,9,76646.94,延误
TRS-02561,ORD-03086,新疆阿勒泰,呼和浩特,铁路,2587.4,6,6,67574.13,已送达
TRS-02562,ORD-03087,福建上杭,上海,公路,1098.4,3,3,52906.95,已送达
TRS-02563,ORD-03088,贵州贞丰,成都,公路,716.8,2,2,28613.12,已送达
TRS-02564,ORD-03090,福建上杭,厦门,公路,250.1,1,1,13333.15,已送达
TRS-02565,ORD-03091,福建上杭,杭州,水运,673.0,4,4,22815.26,已送达
TRS-02566,ORD-03092,新疆阿勒泰,北京,铁路,3414.1,7,7,87803.75,已送达
TRS-02567,ORD-03094,福建上杭,广州,水运,1202.2,5,5,28721.19,已送达
TRS-02568,ORD-03095,贵州贞丰,重庆,公路,559.4,2,2,25149.78,已送达
TRS-02569,ORD-03096,黑龙江多宝山,沈阳,铁路,797.6,3,3,32225.50,已送达
TRS-02570,ORD-03097,福建上杭,合肥,公路,797.9,3,3,37218.16,已送达
TRS-02571,ORD-03098,新疆阿勒泰,石家庄,铁路,3414.8,7,8,93601.63,已送达
TRS-02572,ORD-03099,福建上杭,深圳,水运,1231.9,5,5,23507.20,已送达
TRS-02573,ORD-03100,贵州贞丰,昆明,公路,559.4,2,2,30380.56,已送达
TRS-02574,ORD-03101,福建上杭,上海,公路,1149.5,3,3,48692.52,已送达
TRS-02575,ORD-03102,福建上杭,广州,铁路,1209.3,4,4,41500.60,已送达
TRS-02576,ORD-03103,新疆阿勒泰,北京,铁路,3127.7,7,8,99791.99,已送达
TRS-02577,ORD-03104,贵州贞丰,成都,公路,744.2,2,2,29605.49,运输中
TRS-02578,ORD-03105,福建上杭,南京,水运,751.9,5,5,21839.22,已送达
TRS-02579,ORD-03106,新疆阿勒泰,兰州,铁路,2768.2,6,7,89759.58,已送达
TRS-02580,ORD-03108,福建上杭,杭州,公路,799.7,3,3,38435.96,已送达
TRS-02581,ORD-03109,黑龙江多宝山,沈阳,铁路,818.3,3,3,30958.30,已送达
TRS-02582,ORD-03110,河南洛阳,北京,公路,704.1,2,3,38675.84,已送达
TRS-02583,ORD-03112,贵州贞丰,重庆,公路,440.0,2,2,18863.35,已送达
TRS-02584,ORD-03113,福建上杭,上海,水运,997.2,5,6,19603.29,已送达
TRS-02585,ORD-03114,新疆阿勒泰,天津,铁路,3461.4,7,9,86776.55,延误
TRS-02586,ORD-03115,河南洛阳,西安,公路,520.2,2,2,25883.81,已送达
TRS-02587,ORD-03116,福建上杭,合肥,公路,1025.4,3,3,41810.44,已送达
TRS-02588,ORD-03118,福建上杭,深圳,水运,1257.3,5,5,21921.55,已送达
TRS-02589,ORD-03119,贵州贞丰,昆明,公路,564.1,2,2,26739.21,已送达
TRS-02590,ORD-03121,福建上杭,苏州,公路,931.3,3,4,41500.45,已送达
TRS-02591,ORD-03122,福建上杭,佛山,铁路,999.9,4,4,35761.86,已送达
TRS-02592,ORD-03123,新疆阿勒泰,银川,铁路,2141.4,5,6,68066.64,已送达
TRS-02593,ORD-03124,福建上杭,无锡,公路,826.0,3,3,38177.59,已送达
TRS-02594,ORD-03125,黑龙江多宝山,长春,铁路,558.9,2,2,22692.10,已送达
TRS-02595,ORD-03126,新疆阿勒泰,石家庄,铁路,3235.7,7,7,100803.02,已送达
TRS-02596,ORD-03128,福建上杭,东莞,水运,1172.1,5,5,22444.94,已送达
TRS-02597,ORD-03129,贵州贞丰,武汉,铁路,1072.9,4,5,40366.66,已送达
TRS-02598,ORD-03130,河南洛阳,乌鲁木齐,铁路,3484.1,7,8,80793.86,已送达
TRS-02599,ORD-03131,黑龙江多宝山,哈尔滨,公路,407.9,1,1,14041.45,已送达
TRS-02600,ORD-03133,福建上杭,汕头,公路,581.7,2,2,29905.50,已送达
TRS-02601,ORD-03134,新疆阿勒泰,太原,铁路,3569.9,6,7,87562.49,已送达
TRS-02602,ORD-03135,贵州贞丰,贵阳,公路,238.6,1,1,10413.84,已送达
TRS-02603,ORD-03137,福建上杭,珠海,水运,968.2,5,5,24854.65,已送达
TRS-02604,ORD-03138,河南洛阳,西宁,铁路,1311.1,4,5,59022.81,已送达
TRS-02605,ORD-03139,福建上杭,温州,公路,707.6,2,2,32014.30,已送达
TRS-02606,ORD-03140,黑龙江多宝山,大连,铁路,790.1,3,4,34753.25,已送达
TRS-02607,ORD-03141,新疆阿勒泰,呼和浩特,铁路,2524.1,6,6,79790.33,已送达
TRS-02608,ORD-03142,贵州贞丰,南宁,铁路,812.1,3,3,34205.50,已送达
TRS-02609,ORD-03143,福建上杭,宁波,水运,806.1,4,4,23026.46,已送达
TRS-02610,ORD-03145,河南洛阳,郑州,公路,143.3,1,1,7447.33,已送达
TRS-02611,ORD-03146,贵州贞丰,成都,公路,697.9,2,3,27249.29,已送达
TRS-02612,ORD-03148,黑龙江多宝山,长春,铁路,559.5,2,2,27181.75,已送达
TRS-02613,ORD-03149,新疆阿勒泰,兰州,铁路,2731.0,6,8,86604.38,延误
TRS-02614,ORD-03150,福建上杭,厦门,公路,291.1,1,1,12785.09,已送达
TRS-02615,ORD-03151,福建上杭,上海,水运,792.7,5,5,21941.59,已送达
TRS-02616,ORD-03152,新疆阿勒泰,北京,铁路,3925.1,7,7,94399.79,已送达
TRS-02617,ORD-03154,福建上杭,广州,水运,1327.4,5,6,29309.77,已送达
TRS-02618,ORD-03155,福建上杭,南京,公路,958.9,3,3,36360.16,已送达
TRS-02619,ORD-03156,黑龙江多宝山,沈阳,铁路,919.9,3,4,35948.96,已送达
TRS-02620,ORD-03157,河南洛阳,西安,铁路,511.4,2,2,23217.17,已送达
TRS-02621,ORD-03158,福建上杭,杭州,公路,799.9,3,3,45855.22,已送达
TRS-02622,ORD-03160,福建上杭,深圳,水运,972.6,5,5,22471.00,已送达
TRS-02623,ORD-03161,贵州贞丰,重庆,公路,415.0,2,2,24305.45,已送达
TRS-02624,ORD-03162,福建上杭,合肥,铁路,753.9,3,3,35989.31,已送达
TRS-02625,ORD-03163,福建上杭,佛山,水运,1227.5,5,6,26156.28,已送达
TRS-02626,ORD-03165,黑龙江多宝山,哈尔滨,公路,365.6,1,1,13512.30,已送达
TRS-02627,ORD-03166,新疆阿勒泰,石家庄,铁路,3302.1,7,8,87104.59,已送达
TRS-02628,ORD-03167,福建上杭,苏州,公路,1116.2,3,3,49477.09,已送达
TRS-02629,ORD-03168,贵州贞丰,昆明,公路,616.9,2,2,22133.46,已送达
TRS-02630,ORD-03169,福建上杭,汕头,水运,564.6,4,4,18740.45,已送达
TRS-02631,ORD-03170,福建上杭,无锡,公路,878.0,3,3,38889.93,已送达
TRS-02632,ORD-03171,福建上杭,上海,水运,837.9,5,5,24404.91,已送达
TRS-02633,ORD-03173,新疆阿勒泰,天津,铁路,3995.5,7,7,111044.49,已送达
TRS-02634,ORD-03174,贵州贞丰,贵阳,公路,298.3,1,1,10901.71,已送达
TRS-02635,ORD-03176,河南洛阳,银川,铁路,1176.5,4,5,42087.79,已送达
TRS-02636,ORD-03177,福建上杭,温州,公路,781.2,2,2,37284.80,运输中
TRS-02637,ORD-03178,福建上杭,东莞,水运,1038.3,5,5,21096.17,已送达
TRS-02638,ORD-03179,新疆阿勒泰,太原,铁路,3281.1,6,7,92064.52,已送达
TRS-02639,ORD-03180,福建上杭,苏州,公路,848.5,3,3,40127.30,已送达
TRS-02640,ORD-03181,黑龙江多宝山,大连,铁路,1038.5,3,3,37055.59,已送达
TRS-02641,ORD-03182,贵州贞丰,南宁,铁路,787.6,3,4,36521.31,已送达
TRS-02642,ORD-03184,福建上杭,珠海,水运,1267.3,5,5,23050.51,已送达
TRS-02643,ORD-03185,河南洛阳,乌鲁木齐,铁路,3226.1,7,9,83967.93,延误
TRS-02644,ORD-03186,新疆阿勒泰,呼和浩特,铁路,2508.4,6,6,76240.79,已送达
TRS-02645,ORD-03187,福建上杭,上海,公路,949.1,3,3,42584.71,已送达
TRS-02646,ORD-03188,贵州贞丰,成都,公路,557.4,2,2,32256.45,已送达
TRS-02647,ORD-03190,福建上杭,厦门,公路,245.4,1,1,10910.03,已送达
TRS-02648,ORD-03191,福建上杭,杭州,水运,646.7,4,4,20929.64,已送达
TRS-02649,ORD-03192,新疆阿勒泰,北京,铁路,3407.8,7,7,84571.57,已送达
TRS-02650,ORD-03194,福建上杭,广州,水运,1161.3,5,5,30470.65,已送达
TRS-02651,ORD-03195,贵州贞丰,重庆,公路,430.3,2,2,20904.86,已送达
TRS-02652,ORD-03196,黑龙江多宝山,沈阳,铁路,794.0,3,3,32351.17,已送达
TRS-02653,ORD-03197,福建上杭,合肥,公路,886.0,3,3,42277.72,已送达
TRS-02654,ORD-03198,新疆阿勒泰,石家庄,铁路,3833.8,7,8,108001.38,已送达
TRS-02655,ORD-03199,福建上杭,深圳,水运,1109.1,5,5,24874.22,已送达
TRS-02656,ORD-03200,贵州贞丰,昆明,公路,598.0,2,2,22328.23,已送达
TRS-02657,ORD-03201,福建上杭,上海,公路,1137.0,3,3,41372.96,已送达
TRS-02658,ORD-03202,福建上杭,广州,铁路,1245.2,4,4,34976.04,已送达
TRS-02659,ORD-03203,新疆阿勒泰,北京,铁路,3971.2,7,8,82521.27,已送达
TRS-02660,ORD-03204,贵州贞丰,成都,公路,593.0,2,2,32807.15,运输中
TRS-02661,ORD-03205,福建上杭,南京,水运,950.6,5,5,24643.76,已送达
TRS-02662,ORD-03206,新疆阿勒泰,兰州,铁路,2922.8,6,7,71329.01,已送达
TRS-02663,ORD-03208,福建上杭,杭州,公路,998.6,3,3,42320.92,已送达
TRS-02664,ORD-03209,黑龙江多宝山,沈阳,铁路,798.6,3,3,34439.94,已送达
TRS-02665,ORD-03210,河南洛阳,北京,公路,720.2,2,3,30026.04,已送达
TRS-02666,ORD-03212,贵州贞丰,重庆,公路,459.4,2,2,18930.87,已送达
TRS-02667,ORD-03213,福建上杭,上海,水运,887.5,5,6,22881.87,已送达
TRS-02668,ORD-03214,新疆阿勒泰,天津,铁路,3241.5,7,9,94360.28,延误
TRS-02669,ORD-03215,河南洛阳,西安,公路,528.4,2,2,27992.90,已送达
TRS-02670,ORD-03216,福建上杭,合肥,公路,748.3,3,3,45724.24,已送达
TRS-02671,ORD-03218,福建上杭,深圳,水运,1211.6,5,5,24564.03,已送达
TRS-02672,ORD-03219,贵州贞丰,昆明,公路,603.8,2,2,24488.67,已送达
TRS-02673,ORD-03221,福建上杭,苏州,公路,1112.7,3,4,43566.64,已送达
TRS-02674,ORD-03222,福建上杭,佛山,铁路,1117.4,4,4,34370.71,已送达
TRS-02675,ORD-03223,新疆阿勒泰,银川,铁路,1973.5,5,6,66914.28,已送达
TRS-02676,ORD-03224,福建上杭,无锡,公路,971.1,3,3,48634.20,已送达
TRS-02677,ORD-03225,黑龙江多宝山,长春,铁路,644.7,2,2,24308.27,已送达
TRS-02678,ORD-03226,新疆阿勒泰,石家庄,铁路,3832.7,7,7,99700.95,已送达
TRS-02679,ORD-03228,福建上杭,东莞,水运,1197.3,5,5,20901.34,已送达
TRS-02680,ORD-03229,贵州贞丰,武汉,铁路,987.1,4,5,41321.62,已送达
TRS-02681,ORD-03230,河南洛阳,乌鲁木齐,铁路,3453.2,7,8,100212.90,已送达
TRS-02682,ORD-03231,黑龙江多宝山,哈尔滨,公路,302.7,1,1,14277.57,已送达
TRS-02683,ORD-03233,福建上杭,汕头,公路,580.8,2,2,25544.55,已送达
TRS-02684,ORD-03234,新疆阿勒泰,太原,铁路,3174.3,6,7,75380.38,已送达
TRS-02685,ORD-03235,贵州贞丰,贵阳,公路,307.1,1,1,14154.85,已送达
TRS-02686,ORD-03237,福建上杭,珠海,水运,1165.3,5,5,25404.93,已送达
TRS-02687,ORD-03238,河南洛阳,西宁,铁路,1378.0,4,5,59357.43,已送达
TRS-02688,ORD-03239,福建上杭,温州,公路,801.8,2,2,36712.45,已送达
TRS-02689,ORD-03240,黑龙江多宝山,大连,铁路,909.7,3,4,35607.42,已送达
TRS-02690,ORD-03241,新疆阿勒泰,呼和浩特,铁路,2710.2,6,6,79947.35,已送达
TRS-02691,ORD-03242,贵州贞丰,南宁,铁路,743.8,3,3,32527.52,已送达
TRS-02692,ORD-03243,福建上杭,宁波,水运,808.2,4,4,18882.32,已送达
TRS-02693,ORD-03245,河南洛阳,郑州,公路,161.3,1,1,7618.14,已送达
TRS-02694,ORD-03246,贵州贞丰,成都,公路,605.7,2,3,31556.06,已送达
TRS-02695,ORD-03248,黑龙江多宝山,长春,铁路,520.7,2,2,23778.62,已送达
TRS-02696,ORD-03249,新疆阿勒泰,兰州,铁路,2425.5,6,8,80848.72,延误
TRS-02697,ORD-03250,福建上杭,厦门,公路,283.0,1,1,13354.93,已送达
TRS-02698,ORD-03251,福建上杭,上海,水运,909.1,5,5,24367.16,已送达
TRS-02699,ORD-03252,新疆阿勒泰,北京,铁路,3101.7,7,7,84000.99,已送达
TRS-02700,ORD-03254,福建上杭,广州,水运,1060.9,5,6,26132.60,已送达
TRS-02701,ORD-03255,福建上杭,南京,公路,804.1,3,3,42937.72,已送达
TRS-02702,ORD-03256,黑龙江多宝山,沈阳,铁路,706.0,3,4,34551.87,已送达
TRS-02703,ORD-03257,河南洛阳,西安,铁路,575.2,2,2,25623.86,已送达
TRS-02704,ORD-03258,福建上杭,杭州,公路,969.1,3,3,47741.57,已送达
TRS-02705,ORD-03260,福建上杭,深圳,水运,1024.1,5,5,27961.38,已送达
TRS-02706,ORD-03261,贵州贞丰,重庆,公路,516.8,2,2,25104.77,已送达
TRS-02707,ORD-03262,福建上杭,合肥,铁路,975.2,3,3,34468.17,已送达
TRS-02708,ORD-03263,福建上杭,佛山,水运,1236.2,5,6,24817.30,已送达
TRS-02709,ORD-03265,黑龙江多宝山,哈尔滨,公路,407.3,1,1,15812.56,已送达
TRS-02710,ORD-03266,新疆阿勒泰,石家庄,铁路,3737.6,7,8,89305.69,已送达
TRS-02711,ORD-03267,福建上杭,苏州,公路,1057.2,3,3,36994.15,已送达
TRS-02712,ORD-03268,贵州贞丰,昆明,公路,596.3,2,2,27090.13,已送达
TRS-02713,ORD-03269,福建上杭,汕头,水运,573.8,4,4,20935.28,已送达
TRS-02714,ORD-03270,福建上杭,无锡,公路,1119.1,3,3,48489.47,已送达
TRS-02715,ORD-03271,福建上杭,上海,水运,763.6,5,5,22020.00,已送达
TRS-02716,ORD-03273,新疆阿勒泰,天津,铁路,3811.8,7,7,109159.06,已送达
TRS-02717,ORD-03274,贵州贞丰,贵阳,公路,319.0,1,1,12374.44,已送达
TRS-02718,ORD-03276,河南洛阳,银川,铁路,1222.5,4,5,53728.61,已送达
TRS-02719,ORD-03277,福建上杭,温州,公路,710.2,2,2,27910.69,运输中
TRS-02720,ORD-03278,福建上杭,东莞,水运,1009.6,5,5,20780.16,已送达
TRS-02721,ORD-03279,新疆阿勒泰,太原,铁路,2969.6,6,7,78014.27,已送达
TRS-02722,ORD-03280,福建上杭,苏州,公路,951.6,3,3,37148.82,已送达
TRS-02723,ORD-03281,黑龙江多宝山,大连,铁路,802.1,3,3,36042.23,已送达
TRS-02724,ORD-03282,贵州贞丰,南宁,铁路,772.5,3,4,36682.88,已送达
TRS-02725,ORD-03284,福建上杭,珠海,水运,1267.1,5,5,20165.55,已送达
TRS-02726,ORD-03285,河南洛阳,乌鲁木齐,铁路,3409.6,7,9,74921.97,延误
TRS-02727,ORD-03286,新疆阿勒泰,呼和浩特,铁路,2959.3,6,6,73777.47,已送达
TRS-02728,ORD-03287,福建上杭,上海,公路,853.6,3,3,42253.56,已送达
TRS-02729,ORD-03288,贵州贞丰,成都,公路,563.1,2,2,30304.04,已送达
TRS-02730,ORD-03290,福建上杭,厦门,公路,293.9,1,1,12866.66,已送达
TRS-02731,ORD-03291,福建上杭,杭州,水运,766.4,4,4,22615.94,已送达
TRS-02732,ORD-03292,新疆阿勒泰,北京,铁路,3888.8,7,7,98042.66,已送达
TRS-02733,ORD-03294,福建上杭,广州,水运,1368.9,5,5,23104.72,已送达
TRS-02734,ORD-03295,贵州贞丰,重庆,公路,443.6,2,2,24323.60,已送达
TRS-02735,ORD-03296,黑龙江多宝山,沈阳,铁路,883.7,3,3,36578.34,已送达
TRS-02736,ORD-03297,福建上杭,合肥,公路,1006.0,3,3,45362.56,已送达
TRS-02737,ORD-03298,新疆阿勒泰,石家庄,铁路,3424.0,7,8,82884.55,已送达
TRS-02738,ORD-03299,福建上杭,深圳,水运,1023.5,5,5,21439.75,已送达
TRS-02739,ORD-03300,贵州贞丰,昆明,公路,569.7,2,2,23971.30,已送达
TRS-02740,ORD-03301,福建上杭,上海,公路,1064.2,3,3,45826.47,已送达
TRS-02741,ORD-03302,福建上杭,广州,铁路,1223.3,4,4,39461.59,已送达
TRS-02742,ORD-03303,新疆阿勒泰,北京,铁路,3787.2,7,8,105516.50,已送达
TRS-02743,ORD-03304,贵州贞丰,成都,公路,709.9,2,2,23812.01,运输中
TRS-02744,ORD-03305,福建上杭,南京,水运,892.9,5,5,21930.70,已送达
TRS-02745,ORD-03306,新疆阿勒泰,兰州,铁路,2960.5,6,7,81398.04,已送达
TRS-02746,ORD-03308,福建上杭,杭州,公路,913.3,3,3,45036.10,已送达
TRS-02747,ORD-03309,黑龙江多宝山,沈阳,铁路,875.7,3,3,28789.28,已送达
TRS-02748,ORD-03310,河南洛阳,北京,公路,686.4,2,3,36040.13,已送达
TRS-02749,ORD-03312,贵州贞丰,重庆,公路,464.4,2,2,21725.24,已送达
TRS-02750,ORD-03313,福建上杭,上海,水运,939.3,5,6,18828.52,已送达
TRS-02751,ORD-03314,新疆阿勒泰,天津,铁路,3086.7,7,9,96666.12,延误
TRS-02752,ORD-03315,河南洛阳,西安,公路,485.4,2,2,23842.03,已送达
TRS-02753,ORD-03316,福建上杭,合肥,公路,779.2,3,3,42547.00,已送达
TRS-02754,ORD-03318,福建上杭,深圳,水运,1186.3,5,5,23632.60,已送达
TRS-02755,ORD-03319,贵州贞丰,昆明,公路,585.3,2,2,29864.04,已送达
TRS-02756,ORD-03321,福建上杭,苏州,公路,833.0,3,4,41393.00,已送达
TRS-02757,ORD-03322,福建上杭,佛山,铁路,1182.7,4,4,41167.26,已送达
TRS-02758,ORD-03323,新疆阿勒泰,银川,铁路,2075.0,5,6,71758.94,已送达
TRS-02759,ORD-03324,福建上杭,无锡,公路,953.6,3,3,40382.72,已送达
TRS-02760,ORD-03325,黑龙江多宝山,长春,铁路,567.2,2,2,28010.05,已送达
TRS-02761,ORD-03326,新疆阿勒泰,石家庄,铁路,3018.7,7,7,86272.72,已送达
TRS-02762,ORD-03328,福建上杭,东莞,水运,953.1,5,5,22034.69,已送达
TRS-02763,ORD-03329,贵州贞丰,武汉,铁路,1205.3,4,5,47876.01,已送达
TRS-02764,ORD-03330,河南洛阳,乌鲁木齐,铁路,2992.7,7,8,93217.17,已送达
TRS-02765,ORD-03331,黑龙江多宝山,哈尔滨,公路,336.4,1,1,15961.07,已送达
TRS-02766,ORD-03333,福建上杭,汕头,公路,596.8,2,2,28529.40,已送达
TRS-02767,ORD-03334,新疆阿勒泰,太原,铁路,2901.9,6,7,97307.07,已送达
TRS-02768,ORD-03335,贵州贞丰,贵阳,公路,279.1,1,1,12573.62,已送达
TRS-02769,ORD-03337,福建上杭,珠海,水运,1112.6,5,5,26249.69,已送达
TRS-02770,ORD-03338,河南洛阳,西宁,铁路,1214.9,4,5,45613.98,已送达
TRS-02771,ORD-03339,福建上杭,温州,公路,734.8,2,2,27581.22,已送达
TRS-02772,ORD-03340,黑龙江多宝山,大连,铁路,1021.5,3,4,34190.14,已送达
TRS-02773,ORD-03341,新疆阿勒泰,呼和浩特,铁路,2601.2,6,6,70539.38,已送达
TRS-02774,ORD-03342,贵州贞丰,南宁,铁路,772.3,3,3,32501.12,已送达
TRS-02775,ORD-03343,福建上杭,宁波,水运,767.2,4,4,21676.10,已送达
TRS-02776,ORD-03345,河南洛阳,郑州,公路,160.3,1,1,8228.24,已送达
TRS-02777,ORD-03346,贵州贞丰,成都,公路,748.4,2,3,29287.64,已送达
TRS-02778,ORD-03348,黑龙江多宝山,长春,铁路,558.5,2,2,25553.20,已送达
TRS-02779,ORD-03349,新疆阿勒泰,兰州,铁路,2724.9,6,8,76543.47,延误
TRS-02780,ORD-03350,福建上杭,厦门,公路,271.8,1,1,10969.03,已送达
TRS-02781,ORD-03351,福建上杭,上海,水运,897.7,5,5,23734.81,已送达
TRS-02782,ORD-03352,新疆阿勒泰,北京,铁路,3729.0,7,7,89239.58,已送达
TRS-02783,ORD-03354,福建上杭,广州,水运,1196.8,5,6,24753.79,已送达
TRS-02784,ORD-03355,福建上杭,南京,公路,874.4,3,3,41299.60,已送达
TRS-02785,ORD-03356,黑龙江多宝山,沈阳,铁路,901.8,3,4,28580.19,已送达
TRS-02786,ORD-03357,河南洛阳,西安,铁路,472.7,2,2,21400.72,已送达
TRS-02787,ORD-03358,福建上杭,杭州,公路,1033.5,3,3,41212.12,已送达
TRS-02788,ORD-03360,福建上杭,深圳,水运,1160.9,5,5,23861.95,已送达
TRS-02789,ORD-03361,贵州贞丰,重庆,公路,524.1,2,2,18838.67,已送达
TRS-02790,ORD-03362,福建上杭,合肥,铁路,791.0,3,3,34014.26,已送达
TRS-02791,ORD-03363,福建上杭,佛山,水运,1270.5,5,6,23531.12,已送达
TRS-02792,ORD-03365,黑龙江多宝山,哈尔滨,公路,359.9,1,1,14580.51,已送达
TRS-02793,ORD-03366,新疆阿勒泰,石家庄,铁路,3557.3,7,8,106577.49,已送达
TRS-02794,ORD-03367,福建上杭,苏州,公路,855.8,3,3,39955.60,已送达
TRS-02795,ORD-03368,贵州贞丰,昆明,公路,530.2,2,2,25230.84,已送达
TRS-02796,ORD-03369,福建上杭,汕头,水运,747.9,4,4,17118.83,已送达
TRS-02797,ORD-03370,福建上杭,无锡,公路,817.2,3,3,47503.26,已送达
TRS-02798,ORD-03371,福建上杭,上海,水运,885.0,5,5,25904.82,已送达
TRS-02799,ORD-03373,新疆阿勒泰,天津,铁路,3255.9,7,7,88490.57,已送达
TRS-02800,ORD-03374,贵州贞丰,贵阳,公路,310.6,1,1,10736.18,已送达
TRS-02801,ORD-03376,河南洛阳,银川,铁路,1359.7,4,5,52805.14,已送达
TRS-02802,ORD-03377,福建上杭,温州,公路,617.8,2,2,32074.50,运输中
TRS-02803,ORD-03378,福建上杭,东莞,水运,920.7,5,5,21965.78,已送达
TRS-02804,ORD-03379,新疆阿勒泰,太原,铁路,3612.0,6,7,89164.15,已送达
TRS-02805,ORD-03380,福建上杭,苏州,公路,835.1,3,3,44767.43,已送达
TRS-02806,ORD-03381,黑龙江多宝山,大连,铁路,974.8,3,3,37267.06,已送达
TRS-02807,ORD-03382,贵州贞丰,南宁,铁路,746.6,3,4,33279.39,已送达
TRS-02808,ORD-03384,福建上杭,珠海,水运,1111.7,5,5,19806.54,已送达
TRS-02809,ORD-03385,河南洛阳,乌鲁木齐,铁路,3652.1,7,9,100967.94,延误
TRS-02810,ORD-03386,新疆阿勒泰,呼和浩特,铁路,2605.7,6,6,68523.94,已送达
TRS-02811,ORD-03387,福建上杭,上海,公路,935.1,3,3,50820.53,已送达
TRS-02812,ORD-03388,贵州贞丰,成都,公路,635.3,2,2,25505.70,已送达
TRS-02813,ORD-03390,福建上杭,厦门,公路,236.6,1,1,10766.68,已送达
TRS-02814,ORD-03391,福建上杭,杭州,水运,864.0,4,4,21712.40,已送达
TRS-02815,ORD-03392,新疆阿勒泰,北京,铁路,3182.1,7,7,81668.56,已送达
TRS-02816,ORD-03394,福建上杭,广州,水运,1255.8,5,5,23330.37,已送达
TRS-02817,ORD-03395,贵州贞丰,重庆,公路,427.3,2,2,24086.19,已送达
TRS-02818,ORD-03396,黑龙江多宝山,沈阳,铁路,937.6,3,3,31094.53,已送达
TRS-02819,ORD-03397,福建上杭,合肥,公路,836.2,3,3,37940.20,已送达
TRS-02820,ORD-03398,新疆阿勒泰,石家庄,铁路,3437.3,7,8,102384.78,已送达
TRS-02821,ORD-03399,福建上杭,深圳,水运,1162.6,5,5,23968.38,已送达
TRS-02822,ORD-03400,贵州贞丰,昆明,公路,657.4,2,2,24718.62,已送达
TRS-02823,ORD-03401,福建上杭,上海,公路,958.3,3,3,47642.62,已送达
TRS-02824,ORD-03402,福建上杭,广州,铁路,1275.3,4,4,37140.44,已送达
TRS-02825,ORD-03403,新疆阿勒泰,北京,铁路,3217.9,7,8,91807.15,已送达
TRS-02826,ORD-03404,贵州贞丰,成都,公路,598.3,2,2,31094.06,运输中
TRS-02827,ORD-03405,福建上杭,南京,水运,738.3,5,5,24665.54,已送达
TRS-02828,ORD-03406,新疆阿勒泰,兰州,铁路,3280.7,6,7,82190.90,已送达
TRS-02829,ORD-03408,福建上杭,杭州,公路,1030.6,3,3,43255.09,已送达
TRS-02830,ORD-03409,黑龙江多宝山,沈阳,铁路,695.9,3,3,31383.87,已送达
TRS-02831,ORD-03410,河南洛阳,北京,公路,755.7,2,3,36011.26,已送达
TRS-02832,ORD-03412,贵州贞丰,重庆,公路,516.6,2,2,20915.75,已送达
TRS-02833,ORD-03413,福建上杭,上海,水运,729.2,5,6,19734.27,已送达
TRS-02834,ORD-03414,新疆阿勒泰,天津,铁路,3097.8,7,9,84121.44,延误
TRS-02835,ORD-03415,河南洛阳,西安,公路,566.6,2,2,27129.62,已送达
TRS-02836,ORD-03416,福建上杭,合肥,公路,847.3,3,3,46397.44,已送达
TRS-02837,ORD-03418,福建上杭,深圳,水运,1283.0,5,5,26915.27,已送达
TRS-02838,ORD-03419,贵州贞丰,昆明,公路,640.1,2,2,27565.46,已送达
TRS-02839,ORD-03421,福建上杭,苏州,公路,933.4,3,4,40032.48,已送达
TRS-02840,ORD-03422,福建上杭,佛山,铁路,1083.2,4,4,40945.10,已送达
TRS-02841,ORD-03423,新疆阿勒泰,银川,铁路,2178.3,5,6,76042.87,已送达
TRS-02842,ORD-03424,福建上杭,无锡,公路,916.6,3,3,43324.31,已送达
TRS-02843,ORD-03425,黑龙江多宝山,长春,铁路,557.6,2,2,23369.42,已送达
TRS-02844,ORD-03426,新疆阿勒泰,石家庄,铁路,3845.5,7,7,84199.14,已送达
TRS-02845,ORD-03428,福建上杭,东莞,水运,1020.9,5,5,22841.74,已送达
TRS-02846,ORD-03429,贵州贞丰,武汉,铁路,1192.1,4,5,43608.52,已送达
TRS-02847,ORD-03430,河南洛阳,乌鲁木齐,铁路,2786.8,7,8,74977.14,已送达
TRS-02848,ORD-03431,黑龙江多宝山,哈尔滨,公路,344.3,1,1,13627.14,已送达
TRS-02849,ORD-03433,福建上杭,汕头,公路,740.2,2,2,33197.25,已送达
TRS-02850,ORD-03434,新疆阿勒泰,太原,铁路,2950.7,6,7,73949.83,已送达
TRS-02851,ORD-03435,贵州贞丰,贵阳,公路,238.4,1,1,13830.92,已送达
TRS-02852,ORD-03437,福建上杭,珠海,水运,957.8,5,5,23047.47,已送达
TRS-02853,ORD-03438,河南洛阳,西宁,铁路,1651.4,4,5,53210.72,已送达
TRS-02854,ORD-03439,福建上杭,温州,公路,751.1,2,2,29111.36,已送达
TRS-02855,ORD-03440,黑龙江多宝山,大连,铁路,1027.3,3,4,34901.75,已送达
TRS-02856,ORD-03441,新疆阿勒泰,呼和浩特,铁路,2982.9,6,6,90238.20,已送达
TRS-02857,ORD-03442,贵州贞丰,南宁,铁路,791.3,3,3,35959.52,已送达
TRS-02858,ORD-03443,福建上杭,宁波,水运,768.7,4,4,21618.68,已送达
TRS-02859,ORD-03445,河南洛阳,郑州,公路,152.5,1,1,8276.55,已送达
TRS-02860,ORD-03446,贵州贞丰,成都,公路,613.7,2,3,25123.17,已送达
TRS-02861,ORD-03448,黑龙江多宝山,长春,铁路,571.4,2,2,22156.67,已送达
TRS-02862,ORD-03449,新疆阿勒泰,兰州,铁路,3155.6,6,8,94449.08,延误
TRS-02863,ORD-03450,福建上杭,厦门,公路,237.8,1,1,13588.57,已送达
TRS-02864,ORD-03451,福建上杭,上海,水运,838.1,5,5,23970.76,已送达
TRS-02865,ORD-03452,新疆阿勒泰,北京,铁路,3895.2,7,7,93788.46,已送达
TRS-02866,ORD-03454,福建上杭,广州,水运,1329.1,5,6,23265.16,已送达
TRS-02867,ORD-03455,福建上杭,南京,公路,778.1,3,3,34254.76,已送达
TRS-02868,ORD-03456,黑龙江多宝山,沈阳,铁路,804.1,3,4,36746.24,已送达
TRS-02869,ORD-03457,河南洛阳,西安,铁路,558.2,2,2,24440.48,已送达
TRS-02870,ORD-03458,福建上杭,杭州,公路,993.4,3,3,48187.86,已送达
TRS-02871,ORD-03460,福建上杭,深圳,水运,1281.2,5,5,22230.92,已送达
TRS-02872,ORD-03461,贵州贞丰,重庆,公路,545.6,2,2,19016.54,已送达
TRS-02873,ORD-03462,福建上杭,合肥,铁路,984.2,3,3,38887.21,已送达
TRS-02874,ORD-03463,福建上杭,佛山,水运,1312.3,5,6,28303.75,已送达
TRS-02875,ORD-03465,黑龙江多宝山,哈尔滨,公路,344.7,1,1,14972.06,已送达
TRS-02876,ORD-03466,新疆阿勒泰,石家庄,铁路,3375.2,7,8,92991.39,已送达
TRS-02877,ORD-03467,福建上杭,苏州,公路,1001.5,3,3,38949.53,已送达
TRS-02878,ORD-03468,贵州贞丰,昆明,公路,543.6,2,2,29741.35,已送达
TRS-02879,ORD-03469,福建上杭,汕头,水运,559.2,4,4,19765.10,已送达
TRS-02880,ORD-03470,福建上杭,无锡,公路,1000.3,3,3,40835.38,已送达
TRS-02881,ORD-03471,福建上杭,上海,水运,988.6,5,5,21545.19,已送达
TRS-02882,ORD-03473,新疆阿勒泰,天津,铁路,4059.6,7,7,88623.16,已送达
TRS-02883,ORD-03474,贵州贞丰,贵阳,公路,280.3,1,1,10992.40,已送达
TRS-02884,ORD-03476,河南洛阳,银川,铁路,1336.6,4,5,55955.71,已送达
TRS-02885,ORD-03477,福建上杭,温州,公路,701.2,2,2,35820.13,运输中
TRS-02886,ORD-03478,福建上杭,东莞,水运,1175.3,5,5,25761.84,已送达
TRS-02887,ORD-03479,新疆阿勒泰,太原,铁路,2703.8,6,7,83394.26,已送达
TRS-02888,ORD-03480,福建上杭,苏州,公路,822.5,3,3,40937.55,已送达
TRS-02889,ORD-03481,黑龙江多宝山,大连,铁路,826.0,3,3,32300.03,已送达
TRS-02890,ORD-03482,贵州贞丰,南宁,铁路,691.1,3,4,27510.46,已送达
TRS-02891,ORD-03484,福建上杭,珠海,水运,1081.3,5,5,20455.49,已送达
TRS-02892,ORD-03485,河南洛阳,乌鲁木齐,铁路,3668.3,7,9,97311.81,延误
TRS-02893,ORD-03486,新疆阿勒泰,呼和浩特,铁路,2279.6,6,6,84984.67,已送达
TRS-02894,ORD-03487,福建上杭,上海,公路,834.4,3,3,44680.05,已送达
TRS-02895,ORD-03488,贵州贞丰,成都,公路,614.8,2,2,27108.84,已送达
TRS-02896,ORD-03490,福建上杭,厦门,公路,234.7,1,1,11383.25,已送达
TRS-02897,ORD-03491,福建上杭,杭州,水运,811.7,4,4,19702.70,已送达
TRS-02898,ORD-03492,新疆阿勒泰,北京,铁路,3752.8,7,7,98951.81,已送达
TRS-02899,ORD-03494,福建上杭,广州,水运,1357.0,5,5,23185.37,已送达
TRS-02900,ORD-03495,贵州贞丰,重庆,公路,495.4,2,2,21522.69,已送达
TRS-02901,ORD-03496,黑龙江多宝山,沈阳,铁路,710.9,3,3,35853.92,已送达
TRS-02902,ORD-03497,福建上杭,合肥,公路,972.9,3,3,43485.52,已送达
TRS-02903,ORD-03498,新疆阿勒泰,石家庄,铁路,3886.4,7,8,86910.28,已送达
TRS-02904,ORD-03499,福建上杭,深圳,水运,1247.5,5,5,21319.30,已送达
TRS-02905,ORD-03500,贵州贞丰,昆明,公路,504.5,2,2,29560.31,已送达
TRS-02906,ORD-03501,福建上杭,上海,公路,1056.3,3,3,41665.50,已送达
TRS-02907,ORD-03502,福建上杭,广州,铁路,1380.9,4,4,35687.05,已送达
TRS-02908,ORD-03503,新疆阿勒泰,北京,铁路,3564.3,7,8,85759.73,已送达
TRS-02909,ORD-03504,贵州贞丰,成都,公路,675.0,2,2,32492.07,运输中
TRS-02910,ORD-03505,福建上杭,南京,水运,944.1,5,5,19954.53,已送达
TRS-02911,ORD-03506,新疆阿勒泰,兰州,铁路,2381.2,6,7,81002.96,已送达
TRS-02912,ORD-03508,福建上杭,杭州,公路,917.1,3,3,48476.15,已送达
TRS-02913,ORD-03509,黑龙江多宝山,沈阳,铁路,794.1,3,3,33725.02,已送达
TRS-02914,ORD-03510,河南洛阳,北京,公路,804.2,2,3,35889.98,已送达
TRS-02915,ORD-03512,贵州贞丰,重庆,公路,431.8,2,2,20318.25,已送达
TRS-02916,ORD-03513,福建上杭,上海,水运,875.3,5,6,24307.37,已送达
TRS-02917,ORD-03514,新疆阿勒泰,天津,铁路,3555.0,7,9,91135.98,延误
TRS-02918,ORD-03515,河南洛阳,西安,公路,466.2,2,2,23663.04,已送达
TRS-02919,ORD-03516,福建上杭,合肥,公路,868.0,3,3,41699.56,已送达
TRS-02920,ORD-03518,福建上杭,深圳,水运,1092.8,5,5,27449.05,已送达
TRS-02921,ORD-03519,贵州贞丰,昆明,公路,595.7,2,2,23372.41,已送达
TRS-02922,ORD-03521,福建上杭,苏州,公路,898.0,3,4,37928.53,已送达
TRS-02923,ORD-03522,福建上杭,佛山,铁路,1320.9,4,4,41602.07,已送达
TRS-02924,ORD-03523,新疆阿勒泰,银川,铁路,2069.7,5,6,70129.01,已送达
TRS-02925,ORD-03524,福建上杭,无锡,公路,1097.8,3,3,42292.69,已送达
TRS-02926,ORD-03525,黑龙江多宝山,长春,铁路,598.0,2,2,27137.20,已送达
TRS-02927,ORD-03526,新疆阿勒泰,石家庄,铁路,3193.1,7,7,91027.10,已送达
TRS-02928,ORD-03528,福建上杭,东莞,水运,1176.4,5,5,24051.12,已送达
TRS-02929,ORD-03529,贵州贞丰,武汉,铁路,1031.5,4,5,40893.34,已送达
TRS-02930,ORD-03530,河南洛阳,乌鲁木齐,铁路,2938.0,7,8,76856.03,已送达
TRS-02931,ORD-03531,黑龙江多宝山,哈尔滨,公路,399.0,1,1,15595.75,已送达
TRS-02932,ORD-03533,福建上杭,汕头,公路,688.5,2,2,33616.02,已送达
TRS-02933,ORD-03534,新疆阿勒泰,太原,铁路,3298.6,6,7,77744.99,已送达
TRS-02934,ORD-03535,贵州贞丰,贵阳,公路,266.3,1,1,11907.55,已送达
TRS-02935,ORD-03537,福建上杭,珠海,水运,1236.4,5,5,26114.59,已送达
TRS-02936,ORD-03538,河南洛阳,西宁,铁路,1466.9,4,5,54952.46,已送达
TRS-02937,ORD-03539,福建上杭,温州,公路,776.1,2,2,33682.78,已送达
TRS-02938,ORD-03540,黑龙江多宝山,大连,铁路,789.5,3,4,37742.26,已送达
TRS-02939,ORD-03541,新疆阿勒泰,呼和浩特,铁路,2241.0,6,6,72058.04,已送达
TRS-02940,ORD-03542,贵州贞丰,南宁,铁路,759.8,3,3,35223.49,已送达
TRS-02941,ORD-03543,福建上杭,宁波,水运,678.3,4,4,20684.78,已送达
TRS-02942,ORD-03545,河南洛阳,郑州,公路,152.3,1,1,7218.18,已送达
TRS-02943,ORD-03546,贵州贞丰,成都,公路,704.5,2,3,25338.46,已送达
TRS-02944,ORD-03548,黑龙江多宝山,长春,铁路,617.1,2,2,28472.05,已送达
TRS-02945,ORD-03549,新疆阿勒泰,兰州,铁路,2928.8,6,8,94473.43,延误
TRS-02946,ORD-03550,福建上杭,厦门,公路,255.5,1,1,13388.59,已送达
TRS-02947,ORD-03551,福建上杭,上海,水运,793.4,5,5,22513.68,已送达
TRS-02948,ORD-03552,新疆阿勒泰,北京,铁路,3199.3,7,7,110914.97,已送达
TRS-02949,ORD-03554,福建上杭,广州,水运,1294.6,5,6,30013.33,已送达
TRS-02950,ORD-03555,福建上杭,南京,公路,826.6,3,3,43366.72,已送达
TRS-02951,ORD-03556,黑龙江多宝山,沈阳,铁路,761.7,3,4,28544.29,已送达
TRS-02952,ORD-03557,河南洛阳,西安,铁路,536.9,2,2,21018.84,已送达
TRS-02953,ORD-03558,福建上杭,杭州,公路,821.7,3,3,42168.46,已送达
TRS-02954,ORD-03560,福建上杭,深圳,水运,1070.0,5,5,21801.10,已送达
TRS-02955,ORD-03561,贵州贞丰,重庆,公路,471.0,2,2,20428.61,已送达
TRS-02956,ORD-03562,福建上杭,合肥,铁路,839.9,3,3,34441.61,已送达
TRS-02957,ORD-03563,福建上杭,佛山,水运,984.7,5,6,23004.77,已送达
TRS-02958,ORD-03565,黑龙江多宝山,哈尔滨,公路,340.1,1,1,16432.80,已送达
TRS-02959,ORD-03566,新疆阿勒泰,石家庄,铁路,3200.2,7,8,82477.72,已送达
TRS-02960,ORD-03567,福建上杭,苏州,公路,923.4,3,3,47382.65,已送达
TRS-02961,ORD-03568,贵州贞丰,昆明,公路,648.7,2,2,29062.67,已送达
TRS-02962,ORD-03569,福建上杭,汕头,水运,604.0,4,4,17488.30,已送达
TRS-02963,ORD-03570,福建上杭,无锡,公路,931.6,3,3,44208.34,已送达
TRS-02964,ORD-03571,福建上杭,上海,水运,808.4,5,5,22804.80,已送达
TRS-02965,ORD-03573,新疆阿勒泰,天津,铁路,3977.0,7,7,101381.29,已送达
TRS-02966,ORD-03574,贵州贞丰,贵阳,公路,329.7,1,1,13802.02,已送达
TRS-02967,ORD-03576,河南洛阳,银川,铁路,1083.6,4,5,43374.00,已送达
TRS-02968,ORD-03577,福建上杭,温州,公路,608.4,2,2,33326.91,运输中
TRS-02969,ORD-03578,福建上杭,东莞,水运,1155.1,5,5,23272.58,已送达
TRS-02970,ORD-03579,新疆阿勒泰,太原,铁路,3107.2,6,7,85388.62,已送达
TRS-02971,ORD-03580,福建上杭,苏州,公路,869.5,3,3,48488.05,已送达
TRS-02972,ORD-03581,黑龙江多宝山,大连,铁路,944.1,3,3,31529.02,已送达
TRS-02973,ORD-03582,贵州贞丰,南宁,铁路,832.9,3,4,36288.99,已送达
TRS-02974,ORD-03584,福建上杭,珠海,水运,1118.0,5,5,26435.65,已送达
TRS-02975,ORD-03585,河南洛阳,乌鲁木齐,铁路,3327.9,7,9,82330.07,延误
TRS-02976,ORD-03586,新疆阿勒泰,呼和浩特,铁路,2239.0,6,6,72647.48,已送达
TRS-02977,ORD-03587,福建上杭,上海,公路,1124.4,3,3,51156.14,已送达
TRS-02978,ORD-03588,贵州贞丰,成都,公路,571.0,2,2,27544.05,已送达
TRS-02979,ORD-03590,福建上杭,厦门,公路,282.3,1,1,13350.97,已送达
TRS-02980,ORD-03591,福建上杭,杭州,水运,683.2,4,4,18947.00,已送达
TRS-02981,ORD-03592,新疆阿勒泰,北京,铁路,3140.3,7,7,81323.71,已送达
TRS-02982,ORD-03594,福建上杭,广州,水运,1302.7,5,5,29849.46,已送达
TRS-02983,ORD-03595,贵州贞丰,重庆,公路,412.6,2,2,24305.45,已送达
TRS-02984,ORD-03596,黑龙江多宝山,沈阳,铁路,717.9,3,3,37128.51,已送达
TRS-02985,ORD-03597,福建上杭,合肥,公路,963.4,3,3,40878.52,已送达
TRS-02986,ORD-03598,新疆阿勒泰,石家庄,铁路,3303.8,7,8,99124.11,已送达
TRS-02987,ORD-03599,福建上杭,深圳,水运,1043.4,5,5,28850.72,已送达
TRS-02988,ORD-03600,贵州贞丰,昆明,公路,623.2,2,2,28138.60,已送达
TRS-02989,ORD-03601,福建上杭,上海,公路,1111.5,3,3,41426.42,已送达
TRS-02990,ORD-03602,福建上杭,广州,铁路,1273.5,4,4,42645.50,已送达
TRS-02991,ORD-03603,新疆阿勒泰,北京,铁路,3705.5,7,8,82182.69,已送达
TRS-02992,ORD-03604,贵州贞丰,成都,公路,635.3,2,2,24428.32,运输中
TRS-02993,ORD-03605,福建上杭,南京,水运,821.4,5,5,23862.59,已送达
TRS-02994,ORD-03606,新疆阿勒泰,兰州,铁路,3109.4,6,7,83484.36,已送达
TRS-02995,ORD-03608,福建上杭,杭州,公路,1031.5,3,3,47038.87,已送达
TRS-02996,ORD-03609,黑龙江多宝山,沈阳,铁路,801.9,3,3,31664.77,已送达
TRS-02997,ORD-03610,河南洛阳,北京,公路,772.4,2,3,29864.35,已送达
TRS-02998,ORD-03612,贵州贞丰,重庆,公路,470.8,2,2,24730.16,已送达
TRS-02999,ORD-03613,福建上杭,上海,水运,874.6,5,6,21953.25,已送达
TRS-03000,ORD-03614,新疆阿勒泰,天津,铁路,3422.6,7,9,90544.16,延误
TRS-03001,ORD-03615,河南洛阳,西安,公路,488.7,2,2,22211.30,已送达
TRS-03002,ORD-03616,福建上杭,合肥,公路,755.4,3,3,38728.24,已送达
TRS-03003,ORD-03618,福建上杭,深圳,水运,1243.4,5,5,26184.32,已送达
TRS-03004,ORD-03619,贵州贞丰,昆明,公路,649.6,2,2,23387.00,已送达
TRS-03005,ORD-03621,福建上杭,苏州,公路,1022.8,3,4,37415.97,已送达
TRS-03006,ORD-03622,福建上杭,佛山,铁路,1219.2,4,4,39830.76,已送达
TRS-03007,ORD-03623,新疆阿勒泰,银川,铁路,2001.6,5,6,77036.04,已送达
TRS-03008,ORD-03624,福建上杭,无锡,公路,1091.9,3,3,47096.01,已送达
TRS-03009,ORD-03625,黑龙江多宝山,长春,铁路,633.7,2,2,26298.18,已送达
TRS-03010,ORD-03626,新疆阿勒泰,石家庄,铁路,3425.6,7,7,82347.18,已送达
TRS-03011,ORD-03628,福建上杭,东莞,水运,981.5,5,5,27880.44,已送达
TRS-03012,ORD-03629,贵州贞丰,武汉,铁路,1006.7,4,5,45085.99,已送达
TRS-03013,ORD-03630,河南洛阳,乌鲁木齐,铁路,3045.6,7,8,102780.04,已送达
TRS-03014,ORD-03631,黑龙江多宝山,哈尔滨,公路,363.4,1,1,12766.83,已送达
TRS-03015,ORD-03633,福建上杭,汕头,公路,553.8,2,2,26688.99,已送达
TRS-03016,ORD-03634,新疆阿勒泰,太原,铁路,2816.3,6,7,97113.52,已送达
TRS-03017,ORD-03635,贵州贞丰,贵阳,公路,309.8,1,1,10332.66,已送达
TRS-03018,ORD-03637,福建上杭,珠海,水运,939.6,5,5,21151.49,已送达
TRS-03019,ORD-03638,河南洛阳,西宁,铁路,1613.6,4,5,55479.27,已送达
TRS-03020,ORD-03639,福建上杭,温州,公路,681.4,2,2,29341.57,已送达
TRS-03021,ORD-03640,黑龙江多宝山,大连,铁路,921.0,3,4,40972.43,已送达
TRS-03022,ORD-03641,新疆阿勒泰,呼和浩特,铁路,2365.3,6,6,85558.67,已送达
TRS-03023,ORD-03642,贵州贞丰,南宁,铁路,775.6,3,3,37228.83,已送达
TRS-03024,ORD-03643,福建上杭,宁波,水运,867.7,4,4,22792.16,已送达
TRS-03025,ORD-03645,河南洛阳,郑州,公路,168.6,1,1,7600.18,已送达
TRS-03026,ORD-03646,贵州贞丰,成都,公路,702.6,2,3,26437.10,已送达
TRS-03027,ORD-03648,黑龙江多宝山,长春,铁路,620.7,2,2,28104.93,已送达
TRS-03028,ORD-03649,新疆阿勒泰,兰州,铁路,2512.3,6,8,87808.55,延误
TRS-03029,ORD-03650,福建上杭,厦门,公路,221.6,1,1,11354.34,已送达
TRS-03030,ORD-03651,福建上杭,上海,水运,979.0,5,5,21222.12,已送达
TRS-03031,ORD-03652,新疆阿勒泰,北京,铁路,3963.3,7,7,110498.01,已送达
TRS-03032,ORD-03654,福建上杭,广州,水运,1307.5,5,6,27879.49,已送达
TRS-03033,ORD-03655,福建上杭,南京,公路,868.8,3,3,43418.20,已送达
TRS-03034,ORD-03656,黑龙江多宝山,沈阳,铁路,715.9,3,4,37352.38,已送达
TRS-03035,ORD-03657,河南洛阳,西安,铁路,445.3,2,2,20265.98,已送达
TRS-03036,ORD-03658,福建上杭,杭州,公路,1056.5,3,3,39819.19,已送达
TRS-03037,ORD-03660,福建上杭,深圳,水运,1222.0,5,5,23463.47,已送达
TRS-03038,ORD-03661,贵州贞丰,重庆,公路,550.7,2,2,25851.10,已送达
TRS-03039,ORD-03662,福建上杭,合肥,铁路,782.5,3,3,38187.28,已送达
TRS-03040,ORD-03663,福建上杭,佛山,水运,994.0,5,6,28490.20,已送达
TRS-03041,ORD-03665,黑龙江多宝山,哈尔滨,公路,388.9,1,1,15842.27,已送达
TRS-03042,ORD-03666,新疆阿勒泰,石家庄,铁路,3849.3,7,8,103283.43,已送达
TRS-03043,ORD-03667,福建上杭,苏州,公路,948.2,3,3,41642.79,已送达
TRS-03044,ORD-03668,贵州贞丰,昆明,公路,566.0,2,2,30010.76,已送达
TRS-03045,ORD-03669,福建上杭,汕头,水运,588.8,4,4,17829.85,已送达
TRS-03046,ORD-03670,福建上杭,无锡,公路,1098.1,3,3,46588.01,已送达
TRS-03047,ORD-03671,福建上杭,上海,水运,933.4,5,5,20791.61,已送达
TRS-03048,ORD-03673,新疆阿勒泰,天津,铁路,3418.8,7,7,99961.57,已送达
TRS-03049,ORD-03674,贵州贞丰,贵阳,公路,274.2,1,1,13392.95,已送达
TRS-03050,ORD-03676,河南洛阳,银川,铁路,1085.2,4,5,48400.03,已送达
TRS-03051,ORD-03677,福建上杭,温州,公路,622.9,2,2,35729.31,运输中
TRS-03052,ORD-03678,福建上杭,东莞,水运,1224.0,5,5,25237.54,已送达
TRS-03053,ORD-03679,新疆阿勒泰,太原,铁路,3470.1,6,7,73851.65,已送达
TRS-03054,ORD-03680,福建上杭,苏州,公路,1019.7,3,3,37858.32,已送达
TRS-03055,ORD-03681,黑龙江多宝山,大连,铁路,883.0,3,3,35894.92,已送达
TRS-03056,ORD-03682,贵州贞丰,南宁,铁路,761.6,3,4,32327.94,已送达
TRS-03057,ORD-03684,福建上杭,珠海,水运,969.0,5,5,22919.20,已送达
TRS-03058,ORD-03685,河南洛阳,乌鲁木齐,铁路,2751.0,7,9,87595.02,延误
TRS-03059,ORD-03686,新疆阿勒泰,呼和浩特,铁路,2312.4,6,6,72531.65,已送达
TRS-03060,ORD-03687,福建上杭,上海,公路,1083.7,3,3,48876.66,已送达
TRS-03061,ORD-03688,贵州贞丰,成都,公路,708.2,2,2,27794.45,已送达
TRS-03062,ORD-03690,福建上杭,厦门,公路,248.2,1,1,13717.27,已送达
TRS-03063,ORD-03691,福建上杭,杭州,水运,726.1,4,4,23463.38,已送达
TRS-03064,ORD-03692,新疆阿勒泰,北京,铁路,3320.1,7,7,84812.96,已送达
TRS-03065,ORD-03694,福建上杭,广州,水运,1182.2,5,5,28633.67,已送达
TRS-03066,ORD-03695,贵州贞丰,重庆,公路,500.0,2,2,25470.68,已送达
TRS-03067,ORD-03696,黑龙江多宝山,沈阳,铁路,713.4,3,3,31336.35,已送达
TRS-03068,ORD-03697,福建上杭,合肥,公路,860.9,3,3,41830.24,已送达
TRS-03069,ORD-03698,新疆阿勒泰,石家庄,铁路,3809.5,7,8,93437.68,已送达
TRS-03070,ORD-03699,福建上杭,深圳,水运,1195.9,5,5,25508.65,已送达
TRS-03071,ORD-03700,贵州贞丰,昆明,公路,529.0,2,2,24729.77,已送达
TRS-03072,ORD-03701,福建上杭,上海,公路,1033.6,3,3,44573.13,已送达
TRS-03073,ORD-03702,福建上杭,广州,铁路,1226.4,4,4,39205.78,已送达
TRS-03074,ORD-03703,新疆阿勒泰,北京,铁路,3240.6,7,8,110043.44,已送达
TRS-03075,ORD-03704,贵州贞丰,成都,公路,610.4,2,2,26639.45,运输中
TRS-03076,ORD-03705,福建上杭,南京,水运,767.3,5,5,22659.60,已送达
TRS-03077,ORD-03706,新疆阿勒泰,兰州,铁路,3249.2,6,7,88747.53,已送达
TRS-03078,ORD-03708,福建上杭,杭州,公路,834.5,3,3,39087.38,已送达
TRS-03079,ORD-03709,黑龙江多宝山,沈阳,铁路,790.3,3,3,31184.29,已送达
TRS-03080,ORD-03710,河南洛阳,北京,公路,865.6,2,3,29761.55,已送达
TRS-03081,ORD-03712,贵州贞丰,重庆,公路,505.9,2,2,21751.38,已送达
TRS-03082,ORD-03713,福建上杭,上海,水运,871.6,5,6,24452.90,已送达
TRS-03083,ORD-03714,新疆阿勒泰,天津,铁路,3324.8,7,9,107493.55,延误
TRS-03084,ORD-03715,河南洛阳,西安,公路,601.9,2,2,22482.96,已送达
TRS-03085,ORD-03716,福建上杭,合肥,公路,818.4,3,3,43154.20,已送达
TRS-03086,ORD-03718,福建上杭,深圳,水运,1084.6,5,5,27404.50,已送达
TRS-03087,ORD-03719,贵州贞丰,昆明,公路,583.8,2,2,29901.79,已送达
TRS-03088,ORD-03721,福建上杭,苏州,公路,1043.1,3,4,46347.22,已送达
TRS-03089,ORD-03722,福建上杭,佛山,铁路,1033.8,4,4,34481.20,已送达
TRS-03090,ORD-03723,新疆阿勒泰,银川,铁路,1896.4,5,6,78117.12,已送达
TRS-03091,ORD-03724,福建上杭,无锡,公路,1109.4,3,3,39480.24,已送达
TRS-03092,ORD-03725,黑龙江多宝山,长春,铁路,584.4,2,2,22291.15,已送达
TRS-03093,ORD-03726,新疆阿勒泰,石家庄,铁路,3344.1,7,7,94469.92,已送达
TRS-03094,ORD-03728,福建上杭,东莞,水运,1139.8,5,5,25655.71,已送达
TRS-03095,ORD-03729,贵州贞丰,武汉,铁路,1088.4,4,5,47537.83,已送达
TRS-03096,ORD-03730,河南洛阳,乌鲁木齐,铁路,3206.8,7,8,89372.27,已送达
TRS-03097,ORD-03731,黑龙江多宝山,哈尔滨,公路,340.8,1,1,13317.76,已送达
TRS-03098,ORD-03733,福建上杭,汕头,公路,567.7,2,2,28707.60,已送达
TRS-03099,ORD-03734,新疆阿勒泰,太原,铁路,3223.1,6,7,86232.93,已送达
TRS-03100,ORD-03735,贵州贞丰,贵阳,公路,313.7,1,1,11064.07,已送达
TRS-03101,ORD-03737,福建上杭,珠海,水运,987.8,5,5,22979.92,已送达
TRS-03102,ORD-03738,河南洛阳,西宁,铁路,1389.2,4,5,44865.81,已送达
TRS-03103,ORD-03739,福建上杭,温州,公路,772.1,2,2,31817.89,已送达
TRS-03104,ORD-03740,黑龙江多宝山,大连,铁路,951.1,3,4,30640.39,已送达
TRS-03105,ORD-03741,新疆阿勒泰,呼和浩特,铁路,2736.7,6,6,73803.21,已送达
TRS-03106,ORD-03742,贵州贞丰,南宁,铁路,838.7,3,3,31897.09,已送达
TRS-03107,ORD-03743,福建上杭,宁波,水运,692.9,4,4,21911.06,已送达
TRS-03108,ORD-03745,河南洛阳,郑州,公路,165.1,1,1,6947.31,已送达
TRS-03109,ORD-03746,贵州贞丰,成都,公路,672.3,2,3,31575.46,已送达
TRS-03110,ORD-03748,黑龙江多宝山,长春,铁路,541.4,2,2,27978.70,已送达
TRS-03111,ORD-03749,新疆阿勒泰,兰州,铁路,2533.8,6,8,81468.39,延误
TRS-03112,ORD-03750,福建上杭,厦门,公路,284.7,1,1,13726.78,已送达
TRS-03113,ORD-03751,福建上杭,上海,水运,979.3,5,5,23168.53,已送达
TRS-03114,ORD-03752,新疆阿勒泰,北京,铁路,3905.0,7,7,80875.40,已送达
TRS-03115,ORD-03754,福建上杭,广州,水运,1228.0,5,6,29246.28,已送达
TRS-03116,ORD-03755,福建上杭,南京,公路,1027.4,3,3,36901.36,已送达
TRS-03117,ORD-03756,黑龙江多宝山,沈阳,铁路,923.5,3,4,32157.92,已送达
TRS-03118,ORD-03757,河南洛阳,西安,铁路,563.8,2,2,23535.16,已送达
TRS-03119,ORD-03758,福建上杭,杭州,公路,820.6,3,3,46550.99,已送达
TRS-03120,ORD-03760,福建上杭,深圳,水运,1050.9,5,5,27521.65,已送达
TRS-03121,ORD-03761,贵州贞丰,重庆,公路,481.9,2,2,19538.53,已送达
TRS-03122,ORD-03762,福建上杭,合肥,铁路,767.4,3,3,34166.72,已送达
TRS-03123,ORD-03763,福建上杭,佛山,水运,1067.9,5,6,26966.42,已送达
TRS-03124,ORD-03765,黑龙江多宝山,哈尔滨,公路,344.4,1,1,15956.61,已送达
TRS-03125,ORD-03766,新疆阿勒泰,石家庄,铁路,3128.6,7,8,95635.75,已送达
TRS-03126,ORD-03767,福建上杭,苏州,公路,1040.7,3,3,45535.11,已送达
TRS-03127,ORD-03768,贵州贞丰,昆明,公路,502.0,2,2,23676.15,已送达
TRS-03128,ORD-03769,福建上杭,汕头,水运,716.2,4,4,15410.48,已送达
TRS-03129,ORD-03770,福建上杭,无锡,公路,1073.1,3,3,37768.92,已送达
TRS-03130,ORD-03771,福建上杭,上海,水运,825.8,5,5,25466.32,已送达
TRS-03131,ORD-03773,新疆阿勒泰,天津,铁路,3701.2,7,7,112667.95,已送达
TRS-03132,ORD-03774,贵州贞丰,贵阳,公路,290.2,1,1,10626.89,已送达
TRS-03133,ORD-03776,河南洛阳,银川,铁路,1241.4,4,5,50669.90,已送达
TRS-03134,ORD-03777,福建上杭,温州,公路,782.1,2,2,32712.32,运输中
TRS-03135,ORD-03778,福建上杭,东莞,水运,948.8,5,5,24953.21,已送达
TRS-03136,ORD-03779,新疆阿勒泰,太原,铁路,3228.5,6,7,93349.21,已送达
TRS-03137,ORD-03780,福建上杭,苏州,公路,921.2,3,3,36849.41,已送达
TRS-03138,ORD-03781,黑龙江多宝山,大连,铁路,904.1,3,3,39267.65,已送达
TRS-03139,ORD-03782,贵州贞丰,南宁,铁路,902.1,3,4,30884.38,已送达
TRS-03140,ORD-03784,福建上杭,珠海,水运,945.9,5,5,20155.68,已送达
TRS-03141,ORD-03785,河南洛阳,乌鲁木齐,铁路,3628.9,7,9,91431.21,延误
TRS-03142,ORD-03786,新疆阿勒泰,呼和浩特,铁路,2988.4,6,6,70037.45,已送达
TRS-03143,ORD-03787,福建上杭,上海,公路,916.9,3,3,41928.34,已送达
TRS-03144,ORD-03788,贵州贞丰,成都,公路,605.4,2,2,32738.78,已送达
TRS-03145,ORD-03790,福建上杭,厦门,公路,284.2,1,1,12402.95,已送达
TRS-03146,ORD-03791,福建上杭,杭州,水运,737.8,4,4,22686.56,已送达
TRS-03147,ORD-03792,新疆阿勒泰,北京,铁路,3894.0,7,7,107563.65,已送达
TRS-03148,ORD-03794,福建上杭,广州,水运,1136.8,5,5,27253.15,已送达
TRS-03149,ORD-03795,贵州贞丰,重庆,公路,410.9,2,2,20842.43,已送达
TRS-03150,ORD-03796,黑龙江多宝山,沈阳,铁路,918.4,3,3,29992.06,已送达
TRS-03151,ORD-03797,福建上杭,合肥,公路,972.2,3,3,39497.80,已送达
TRS-03152,ORD-03798,新疆阿勒泰,石家庄,铁路,3944.9,7,8,81314.94,已送达
TRS-03153,ORD-03799,福建上杭,深圳,水运,1124.2,5,5,26994.48,已送达
TRS-03154,ORD-03800,贵州贞丰,昆明,公路,603.4,2,2,26575.33,已送达
TRS-03155,ORD-03801,福建上杭,上海,公路,1063.2,3,3,48076.24,已送达
TRS-03156,ORD-03802,福建上杭,广州,铁路,1398.7,4,4,34838.10,已送达
TRS-03157,ORD-03803,新疆阿勒泰,北京,铁路,3222.1,7,8,94327.68,已送达
TRS-03158,ORD-03804,贵州贞丰,成都,公路,729.5,2,2,24311.90,运输中
TRS-03159,ORD-03805,福建上杭,南京,水运,735.3,5,5,22827.31,已送达
TRS-03160,ORD-03806,新疆阿勒泰,兰州,铁路,2442.8,6,7,89713.58,已送达
TRS-03161,ORD-03808,福建上杭,杭州,公路,997.9,3,3,40499.72,已送达
TRS-03162,ORD-03809,黑龙江多宝山,沈阳,铁路,814.5,3,3,37056.70,已送达
TRS-03163,ORD-03810,河南洛阳,北京,公路,840.0,2,3,40561.96,已送达
TRS-03164,ORD-03812,贵州贞丰,重庆,公路,475.0,2,2,23125.70,已送达
TRS-03165,ORD-03813,福建上杭,上海,水运,725.3,5,6,21522.21,已送达
TRS-03166,ORD-03814,新疆阿勒泰,天津,铁路,4046.8,7,9,83927.40,延误
TRS-03167,ORD-03815,河南洛阳,西安,公路,543.6,2,2,21386.04,已送达
TRS-03168,ORD-03816,福建上杭,合肥,公路,813.0,3,3,41112.16,已送达
TRS-03169,ORD-03818,福建上杭,深圳,水运,1018.0,5,5,25605.18,已送达
TRS-03170,ORD-03819,贵州贞丰,昆明,公路,542.2,2,2,23004.33,已送达
TRS-03171,ORD-03821,福建上杭,苏州,公路,995.0,3,4,51816.91,已送达
TRS-03172,ORD-03822,福建上杭,佛山,铁路,1034.4,4,4,41234.98,已送达
TRS-03173,ORD-03823,新疆阿勒泰,银川,铁路,1870.8,5,6,70349.98,已送达
TRS-03174,ORD-03824,福建上杭,无锡,公路,1062.2,3,3,38403.21,已送达
TRS-03175,ORD-03825,黑龙江多宝山,长春,铁路,642.0,2,2,24197.73,已送达
TRS-03176,ORD-03826,新疆阿勒泰,石家庄,铁路,3723.9,7,7,108377.84,已送达
TRS-03177,ORD-03828,福建上杭,东莞,水运,1104.5,5,5,21178.54,已送达
TRS-03178,ORD-03829,贵州贞丰,武汉,铁路,984.6,4,5,39766.52,已送达
TRS-03179,ORD-03830,河南洛阳,乌鲁木齐,铁路,3717.4,7,8,76568.54,已送达
TRS-03180,ORD-03831,黑龙江多宝山,哈尔滨,公路,375.7,1,1,17351.52,已送达
TRS-03181,ORD-03833,福建上杭,汕头,公路,759.2,2,2,28338.33,已送达
TRS-03182,ORD-03834,新疆阿勒泰,太原,铁路,2638.5,6,7,99722.17,已送达
TRS-03183,ORD-03835,贵州贞丰,贵阳,公路,249.1,1,1,14114.46,已送达
TRS-03184,ORD-03837,福建上杭,珠海,水运,1233.9,5,5,23918.80,已送达
TRS-03185,ORD-03838,河南洛阳,西宁,铁路,1205.5,4,5,44335.56,已送达
TRS-03186,ORD-03839,福建上杭,温州,公路,625.3,2,2,32773.57,已送达
TRS-03187,ORD-03840,黑龙江多宝山,大连,铁路,960.2,3,4,31561.09,已送达
TRS-03188,ORD-03841,新疆阿勒泰,呼和浩特,铁路,2384.0,6,6,74227.92,已送达
TRS-03189,ORD-03842,贵州贞丰,南宁,铁路,910.5,3,3,28766.05,已送达
TRS-03190,ORD-03843,福建上杭,宁波,水运,822.7,4,4,18738.44,已送达
TRS-03191,ORD-03845,河南洛阳,郑州,公路,174.5,1,1,9052.71,已送达
TRS-03192,ORD-03846,贵州贞丰,成都,公路,740.7,2,3,25651.70,已送达
TRS-03193,ORD-03848,黑龙江多宝山,长春,铁路,570.0,2,2,29439.78,已送达
TRS-03194,ORD-03849,新疆阿勒泰,兰州,铁路,2643.7,6,8,86688.27,延误
TRS-03195,ORD-03850,福建上杭,厦门,公路,281.0,1,1,13203.66,已送达
TRS-03196,ORD-03851,福建上杭,上海,水运,910.2,5,5,21522.69,已送达
TRS-03197,ORD-03852,新疆阿勒泰,北京,铁路,3311.7,7,7,111758.29,已送达
TRS-03198,ORD-03854,福建上杭,广州,水运,1157.6,5,6,22458.64,已送达
TRS-03199,ORD-03855,福建上杭,南京,公路,1023.6,3,3,45295.24,已送达
TRS-03200,ORD-03856,黑龙江多宝山,沈阳,铁路,857.8,3,4,34596.22,已送达
TRS-03201,ORD-03857,河南洛阳,西安,铁路,564.4,2,2,20673.99,已送达
TRS-03202,ORD-03858,福建上杭,杭州,公路,1073.9,3,3,49047.18,已送达
TRS-03203,ORD-03860,福建上杭,深圳,水运,1013.3,5,5,28227.03,已送达
TRS-03204,ORD-03861,贵州贞丰,重庆,公路,455.1,2,2,22399.70,已送达
TRS-03205,ORD-03862,福建上杭,合肥,铁路,825.9,3,3,34770.78,已送达
TRS-03206,ORD-03863,福建上杭,佛山,水运,1351.3,5,6,23753.05,已送达
TRS-03207,ORD-03865,黑龙江多宝山,哈尔滨,公路,381.9,1,1,14486.95,已送达
TRS-03208,ORD-03866,新疆阿勒泰,石家庄,铁路,3874.7,7,8,90890.48,已送达
TRS-03209,ORD-03867,福建上杭,苏州,公路,1003.3,3,3,40850.99,已送达
TRS-03210,ORD-03868,贵州贞丰,昆明,公路,628.7,2,2,27843.45,已送达
TRS-03211,ORD-03869,福建上杭,汕头,水运,629.5,4,4,17895.19,已送达
TRS-03212,ORD-03870,福建上杭,无锡,公路,1108.1,3,3,40273.46,已送达
TRS-03213,ORD-03871,福建上杭,上海,水运,842.0,5,5,25636.93,已送达
TRS-03214,ORD-03873,新疆阿勒泰,天津,铁路,3900.4,7,7,113783.68,已送达
TRS-03215,ORD-03874,贵州贞丰,贵阳,公路,264.6,1,1,10794.40,已送达
TRS-03216,ORD-03876,河南洛阳,银川,铁路,1224.0,4,5,55873.34,已送达
TRS-03217,ORD-03877,福建上杭,温州,公路,758.9,2,2,35376.61,运输中
TRS-03218,ORD-03878,福建上杭,东莞,水运,1058.8,5,5,25315.15,已送达
TRS-03219,ORD-03879,新疆阿勒泰,太原,铁路,3461.3,6,7,86726.60,已送达
TRS-03220,ORD-03880,福建上杭,苏州,公路,999.0,3,3,41011.34,已送达
TRS-03221,ORD-03881,黑龙江多宝山,大连,铁路,782.0,3,3,37665.04,已送达
TRS-03222,ORD-03882,贵州贞丰,南宁,铁路,704.3,3,4,29086.02,已送达
TRS-03223,ORD-03884,福建上杭,珠海,水运,1076.8,5,5,22784.10,已送达
TRS-03224,ORD-03885,河南洛阳,乌鲁木齐,铁路,3232.8,7,9,78575.20,延误
TRS-03225,ORD-03886,新疆阿勒泰,呼和浩特,铁路,2590.9,6,6,73442.85,已送达
TRS-03226,ORD-03887,福建上杭,上海,公路,975.5,3,3,51802.11,已送达
TRS-03227,ORD-03888,贵州贞丰,成都,公路,604.4,2,2,25752.41,已送达
TRS-03228,ORD-03890,福建上杭,厦门,公路,271.5,1,1,10421.76,已送达
TRS-03229,ORD-03891,福建上杭,杭州,水运,744.5,4,4,21701.18,已送达
TRS-03230,ORD-03892,新疆阿勒泰,北京,铁路,4000.9,7,7,108394.43,已送达
TRS-03231,ORD-03894,福建上杭,广州,水运,1407.8,5,5,22179.79,已送达
TRS-03232,ORD-03895,贵州贞丰,重庆,公路,428.5,2,2,21020.30,已送达
TRS-03233,ORD-03896,黑龙江多宝山,沈阳,铁路,881.0,3,3,37640.67,已送达
TRS-03234,ORD-03897,福建上杭,合肥,公路,1018.8,3,3,39551.92,已送达
TRS-03235,ORD-03898,新疆阿勒泰,石家庄,铁路,3329.5,7,8,93285.88,已送达
TRS-03236,ORD-03899,福建上杭,深圳,水运,1150.3,5,5,25005.40,已送达
TRS-03237,ORD-03900,贵州贞丰,昆明,公路,568.8,2,2,22740.93,已送达
TRS-03238,ORD-03901,福建上杭,上海,公路,1149.8,3,3,49132.08,已送达
TRS-03239,ORD-03902,福建上杭,广州,铁路,1227.4,4,4,36093.35,已送达
TRS-03240,ORD-03903,新疆阿勒泰,北京,铁路,3466.8,7,8,86775.47,已送达
TRS-03241,ORD-03904,贵州贞丰,成都,公路,670.6,2,2,26803.92,运输中
TRS-03242,ORD-03905,福建上杭,南京,水运,984.6,5,5,18824.87,已送达
TRS-03243,ORD-03906,新疆阿勒泰,兰州,铁路,2663.9,6,7,80039.63,已送达
TRS-03244,ORD-03908,福建上杭,杭州,公路,947.6,3,3,37892.65,已送达
TRS-03245,ORD-03909,黑龙江多宝山,沈阳,铁路,865.8,3,3,27790.30,已送达
TRS-03246,ORD-03910,河南洛阳,北京,公路,698.0,2,3,34970.60,已送达
TRS-03247,ORD-03912,贵州贞丰,重庆,公路,467.8,2,2,20890.34,已送达
TRS-03248,ORD-03913,福建上杭,上海,水运,722.8,5,6,18533.30,已送达
TRS-03249,ORD-03914,新疆阿勒泰,天津,铁路,3559.3,7,9,96426.81,延误
TRS-03250,ORD-03915,河南洛阳,西安,公路,605.5,2,2,21036.77,已送达
TRS-03251,ORD-03916,福建上杭,合肥,公路,965.2,3,3,37829.32,已送达
TRS-03252,ORD-03918,福建上杭,深圳,水运,1030.5,5,5,28884.55,已送达
TRS-03253,ORD-03919,贵州贞丰,昆明,公路,604.2,2,2,29285.75,已送达
TRS-03254,ORD-03921,福建上杭,苏州,公路,1041.4,3,4,40071.68,已送达
TRS-03255,ORD-03922,福建上杭,佛山,铁路,1322.6,4,4,40067.17,已送达
TRS-03256,ORD-03923,新疆阿勒泰,银川,铁路,2317.4,5,6,70974.86,已送达
TRS-03257,ORD-03924,福建上杭,无锡,公路,919.5,3,3,40618.27,已送达
TRS-03258,ORD-03925,黑龙江多宝山,长春,铁路,651.0,2,2,21484.30,已送达
TRS-03259,ORD-03926,新疆阿勒泰,石家庄,铁路,3121.7,7,7,103887.60,已送达
TRS-03260,ORD-03928,福建上杭,东莞,水运,936.2,5,5,25796.69,已送达
TRS-03261,ORD-03929,贵州贞丰,武汉,铁路,1129.5,4,5,36496.95,已送达
TRS-03262,ORD-03930,河南洛阳,乌鲁木齐,铁路,3420.8,7,8,76124.22,已送达
TRS-03263,ORD-03931,黑龙江多宝山,哈尔滨,公路,396.1,1,1,15233.41,已送达
TRS-03264,ORD-03933,福建上杭,汕头,公路,660.1,2,2,27363.18,已送达
TRS-03265,ORD-03934,新疆阿勒泰,太原,铁路,2752.3,6,7,98894.70,已送达
TRS-03266,ORD-03935,贵州贞丰,贵阳,公路,267.9,1,1,13147.82,已送达
TRS-03267,ORD-03937,福建上杭,珠海,水运,1095.7,5,5,26208.71,已送达
TRS-03268,ORD-03938,河南洛阳,西宁,铁路,1290.8,4,5,47175.54,已送达
TRS-03269,ORD-03939,福建上杭,温州,公路,679.4,2,2,37091.55,已送达
TRS-03270,ORD-03940,黑龙江多宝山,大连,铁路,776.5,3,4,37728.00,已送达
TRS-03271,ORD-03941,新疆阿勒泰,呼和浩特,铁路,2585.2,6,6,66879.15,已送达
TRS-03272,ORD-03942,贵州贞丰,南宁,铁路,680.9,3,3,32220.22,已送达
TRS-03273,ORD-03943,福建上杭,宁波,水运,709.6,4,4,20560.70,已送达
TRS-03274,ORD-03945,河南洛阳,郑州,公路,149.5,1,1,8889.82,已送达
TRS-03275,ORD-03946,贵州贞丰,成都,公路,712.1,2,3,29311.66,已送达
TRS-03276,ORD-03948,黑龙江多宝山,长春,铁路,521.0,2,2,26462.35,已送达
TRS-03277,ORD-03949,新疆阿勒泰,兰州,铁路,3157.5,6,8,83855.09,延误
TRS-03278,ORD-03950,福建上杭,厦门,公路,279.8,1,1,11546.40,已送达
TRS-03279,ORD-03951,福建上杭,上海,水运,844.5,5,5,20274.69,已送达
TRS-03280,ORD-03952,新疆阿勒泰,北京,铁路,4003.6,7,7,96130.31,已送达
TRS-03281,ORD-03954,福建上杭,广州,水运,1263.7,5,6,29920.67,已送达
TRS-03282,ORD-03955,福建上杭,南京,公路,749.2,3,3,42580.00,已送达
TRS-03283,ORD-03956,黑龙江多宝山,沈阳,铁路,899.9,3,4,36751.52,已送达
TRS-03284,ORD-03957,河南洛阳,西安,铁路,479.7,2,2,25929.51,已送达
TRS-03285,ORD-03958,福建上杭,杭州,公路,924.5,3,3,48239.14,已送达
TRS-03286,ORD-03960,福建上杭,深圳,水运,1176.8,5,5,24312.40,已送达
TRS-03287,ORD-03961,贵州贞丰,重庆,公路,532.0,2,2,20570.90,已送达
TRS-03288,ORD-03962,福建上杭,合肥,铁路,968.8,3,3,31138.31,已送达
TRS-03289,ORD-03963,福建上杭,佛山,水运,1021.3,5,6,22625.28,已送达
TRS-03290,ORD-03965,黑龙江多宝山,哈尔滨,公路,341.7,1,1,14625.06,已送达
TRS-03291,ORD-03966,新疆阿勒泰,石家庄,铁路,3667.4,7,8,107676.52,已送达
TRS-03292,ORD-03967,福建上杭,苏州,公路,1010.6,3,3,46786.67,已送达
TRS-03293,ORD-03968,贵州贞丰,昆明,公路,582.1,2,2,23087.56,已送达
TRS-03294,ORD-03969,福建上杭,汕头,水运,688.3,4,4,19629.07,已送达
TRS-03295,ORD-03970,福建上杭,无锡,公路,874.2,3,3,38379.09,已送达
TRS-03296,ORD-03971,福建上杭,上海,水运,727.7,5,5,18835.04,已送达
TRS-03297,ORD-03973,新疆阿勒泰,天津,铁路,3162.0,7,7,86543.70,已送达
TRS-03298,ORD-03974,贵州贞丰,贵阳,公路,324.1,1,1,10239.60,已送达
TRS-03299,ORD-03976,河南洛阳,银川,铁路,1379.6,4,5,44457.46,已送达
TRS-03300,ORD-03977,福建上杭,温州,公路,602.2,2,2,28473.54,运输中
TRS-03301,ORD-03978,福建上杭,东莞,水运,1108.4,5,5,23788.97,已送达
TRS-03302,ORD-03979,新疆阿勒泰,太原,铁路,3169.0,6,7,95901.76,已送达
TRS-03303,ORD-03980,福建上杭,苏州,公路,987.7,3,3,41523.60,已送达
TRS-03304,ORD-03981,黑龙江多宝山,大连,铁路,988.4,3,3,32598.22,已送达
TRS-03305,ORD-03982,贵州贞丰,南宁,铁路,685.6,3,4,36800.10,已送达
TRS-03306,ORD-03984,福建上杭,珠海,水运,1178.0,5,5,21332.13,已送达
TRS-03307,ORD-03985,河南洛阳,乌鲁木齐,铁路,3088.4,7,9,82597.24,延误
TRS-03308,ORD-03986,新疆阿勒泰,呼和浩特,铁路,2278.5,6,6,71484.04,已送达
TRS-03309,ORD-03987,福建上杭,上海,公路,1018.2,3,3,40790.83,已送达
TRS-03310,ORD-03988,贵州贞丰,成都,公路,583.6,2,2,24324.83,已送达
TRS-03311,ORD-03990,福建上杭,厦门,公路,232.9,1,1,10723.12,已送达
TRS-03312,ORD-03991,福建上杭,杭州,水运,876.9,4,4,21040.52,已送达
TRS-03313,ORD-03992,新疆阿勒泰,北京,铁路,3617.5,7,7,87907.21,已送达
TRS-03314,ORD-03994,福建上杭,广州,水运,1361.2,5,5,24917.67,已送达
TRS-03315,ORD-03995,贵州贞丰,重庆,公路,543.5,2,2,24023.76,已送达
TRS-03316,ORD-03996,黑龙江多宝山,沈阳,铁路,838.6,3,3,33457.86,已送达
TRS-03317,ORD-03997,福建上杭,合肥,公路,833.7,3,3,42393.88,已送达
TRS-03318,ORD-03998,新疆阿勒泰,石家庄,铁路,3186.7,7,8,86457.92,已送达
TRS-03319,ORD-03999,福建上杭,深圳,水运,1086.2,5,5,28260.03,已送达
TRS-03320,ORD-04000,贵州贞丰,昆明,公路,495.0,2,2,28018.48,已送达
TRS-03321,ORD-04001,福建上杭,上海,公路,1089.1,3,3,42715.39,已送达
TRS-03322,ORD-04002,福建上杭,广州,铁路,1293.0,4,4,42811.03,已送达
TRS-03323,ORD-04003,新疆阿勒泰,北京,铁路,3739.3,7,8,88214.43,已送达
TRS-03324,ORD-04004,贵州贞丰,成都,公路,595.9,2,2,28926.35,运输中
TRS-03325,ORD-04005,福建上杭,南京,水运,844.0,5,5,25044.51,已送达
TRS-03326,ORD-04006,新疆阿勒泰,兰州,铁路,2431.2,6,7,83906.50,已送达
TRS-03327,ORD-04008,福建上杭,杭州,公路,954.6,3,3,47410.31,已送达
TRS-03328,ORD-04009,黑龙江多宝山,沈阳,铁路,875.3,3,3,36425.22,已送达
TRS-03329,ORD-04010,河南洛阳,北京,公路,723.2,2,3,34599.85,已送达
TRS-03330,ORD-04012,贵州贞丰,重庆,公路,555.9,2,2,25453.25,已送达
TRS-03331,ORD-04013,福建上杭,上海,水运,985.1,5,6,18241.54,已送达
TRS-03332,ORD-04014,新疆阿勒泰,天津,铁路,3784.2,7,9,84451.30,延误
TRS-03333,ORD-04015,河南洛阳,西安,公路,532.9,2,2,26643.34,已送达
TRS-03334,ORD-04016,福建上杭,合肥,公路,753.6,3,3,36019.60,已送达
TRS-03335,ORD-04018,福建上杭,深圳,水运,980.2,5,5,24135.02,已送达
TRS-03336,ORD-04019,贵州贞丰,昆明,公路,575.6,2,2,28325.65,已送达
TRS-03337,ORD-04021,福建上杭,苏州,公路,973.0,3,4,49432.72,已送达
TRS-03338,ORD-04022,福建上杭,佛山,铁路,1017.5,4,4,33315.77,已送达
TRS-03339,ORD-04023,新疆阿勒泰,银川,铁路,2590.8,5,6,76171.18,已送达
TRS-03340,ORD-04024,福建上杭,无锡,公路,1099.6,3,3,39881.81,已送达
TRS-03341,ORD-04025,黑龙江多宝山,长春,铁路,586.2,2,2,23219.28,已送达
TRS-03342,ORD-04026,新疆阿勒泰,石家庄,铁路,3036.5,7,7,102299.77,已送达
TRS-03343,ORD-04028,福建上杭,东莞,水运,1016.3,5,5,22694.42,已送达
TRS-03344,ORD-04029,贵州贞丰,武汉,铁路,1295.8,4,5,40068.67,已送达
TRS-03345,ORD-04030,河南洛阳,乌鲁木齐,铁路,2823.8,7,8,94567.53,已送达
TRS-03346,ORD-04031,黑龙江多宝山,哈尔滨,公路,331.4,1,1,13030.17,已送达
TRS-03347,ORD-04033,福建上杭,汕头,公路,565.6,2,2,27706.71,已送达
TRS-03348,ORD-04034,新疆阿勒泰,太原,铁路,3586.0,6,7,76614.58,已送达
TRS-03349,ORD-04035,贵州贞丰,贵阳,公路,264.5,1,1,13828.55,已送达
TRS-03350,ORD-04037,福建上杭,珠海,水运,1267.1,5,5,25459.57,已送达
TRS-03351,ORD-04038,河南洛阳,西宁,铁路,1646.7,4,5,57751.25,已送达
TRS-03352,ORD-04039,福建上杭,温州,公路,707.2,2,2,28644.61,已送达
TRS-03353,ORD-04040,黑龙江多宝山,大连,铁路,767.3,3,4,32271.52,已送达
TRS-03354,ORD-04041,新疆阿勒泰,呼和浩特,铁路,2662.9,6,6,75314.15,已送达
TRS-03355,ORD-04042,贵州贞丰,南宁,铁路,701.4,3,3,36067.23,已送达
TRS-03356,ORD-04043,福建上杭,宁波,水运,713.7,4,4,20725.04,已送达
TRS-03357,ORD-04045,河南洛阳,郑州,公路,134.8,1,1,7180.95,已送达
TRS-03358,ORD-04046,贵州贞丰,成都,公路,609.0,2,3,32095.67,已送达
TRS-03359,ORD-04048,黑龙江多宝山,长春,铁路,679.0,2,2,23428.83,已送达
TRS-03360,ORD-04049,新疆阿勒泰,兰州,铁路,2565.2,6,8,75804.74,延误
TRS-03361,ORD-04050,福建上杭,厦门,公路,294.4,1,1,14010.71,已送达
TRS-03362,ORD-04051,福建上杭,上海,水运,898.6,5,5,24733.06,已送达
TRS-03363,ORD-04052,新疆阿勒泰,北京,铁路,3851.1,7,7,102434.79,已送达
TRS-03364,ORD-04054,福建上杭,广州,水运,1174.0,5,6,29722.47,已送达
TRS-03365,ORD-04055,福建上杭,南京,公路,1035.2,3,3,37478.20,已送达
TRS-03366,ORD-04056,黑龙江多宝山,沈阳,铁路,691.0,3,4,33580.35,已送达
TRS-03367,ORD-04057,河南洛阳,西安,铁路,588.8,2,2,23887.27,已送达
TRS-03368,ORD-04058,福建上杭,杭州,公路,994.6,3,3,45734.64,已送达
TRS-03369,ORD-04060,福建上杭,深圳,水运,1033.7,5,5,27571.97,已送达
TRS-03370,ORD-04061,贵州贞丰,重庆,公路,560.5,2,2,25354.52,已送达
TRS-03371,ORD-04062,福建上杭,合肥,铁路,993.6,3,3,33387.10,已送达
TRS-03372,ORD-04063,福建上杭,佛山,水运,1170.9,5,6,22078.30,已送达
TRS-03373,ORD-04065,黑龙江多宝山,哈尔滨,公路,347.7,1,1,13171.24,已送达
TRS-03374,ORD-04066,新疆阿勒泰,石家庄,铁路,3230.4,7,8,91418.74,已送达
TRS-03375,ORD-04067,福建上杭,苏州,公路,917.5,3,3,42658.79,已送达
TRS-03376,ORD-04068,贵州贞丰,昆明,公路,553.2,2,2,29348.38,已送达
TRS-03377,ORD-04069,福建上杭,汕头,水运,617.5,4,4,16767.77,已送达
TRS-03378,ORD-04070,福建上杭,无锡,公路,1028.1,3,3,36558.51,已送达
TRS-03379,ORD-04071,福建上杭,上海,水运,845.1,5,5,25591.92,已送达
TRS-03380,ORD-04073,新疆阿勒泰,天津,铁路,3371.7,7,7,115135.50,已送达
TRS-03381,ORD-04074,贵州贞丰,贵阳,公路,326.3,1,1,12415.62,已送达
TRS-03382,ORD-04076,河南洛阳,银川,铁路,1393.3,4,5,41424.10,已送达
TRS-03383,ORD-04077,福建上杭,温州,公路,611.7,2,2,27986.72,运输中
TRS-03384,ORD-04078,福建上杭,东莞,水运,1222.2,5,5,23713.73,已送达
TRS-03385,ORD-04079,新疆阿勒泰,太原,铁路,3427.1,6,7,78934.32,已送达
TRS-03386,ORD-04080,福建上杭,苏州,公路,1002.1,3,3,42949.69,已送达
TRS-03387,ORD-04081,黑龙江多宝山,大连,铁路,918.3,3,3,38218.64,已送达
TRS-03388,ORD-04082,贵州贞丰,南宁,铁路,763.0,3,4,27314.05,已送达
TRS-03389,ORD-04084,福建上杭,珠海,水运,1130.0,5,5,26923.69,已送达
TRS-03390,ORD-04085,河南洛阳,乌鲁木齐,铁路,2908.6,7,9,102498.35,延误
TRS-03391,ORD-04086,新疆阿勒泰,呼和浩特,铁路,2575.6,6,6,89983.37,已送达
TRS-03392,ORD-04087,福建上杭,上海,公路,875.0,3,3,39342.96,已送达
TRS-03393,ORD-04088,贵州贞丰,成都,公路,612.0,2,2,29246.98,已送达
TRS-03394,ORD-04090,福建上杭,厦门,公路,287.8,1,1,11646.98,已送达
TRS-03395,ORD-04091,福建上杭,杭州,水运,689.8,4,4,19643.30,已送达
TRS-03396,ORD-04092,新疆阿勒泰,北京,铁路,3039.7,7,7,111962.06,已送达
TRS-03397,ORD-04094,福建上杭,广州,水运,1302.1,5,5,26818.14,已送达
TRS-03398,ORD-04095,贵州贞丰,重庆,公路,547.7,2,2,23922.84,已送达
TRS-03399,ORD-04096,黑龙江多宝山,沈阳,铁路,682.5,3,3,28797.73,已送达
TRS-03400,ORD-04097,福建上杭,合肥,公路,840.8,3,3,43049.92,已送达
TRS-03401,ORD-04098,新疆阿勒泰,石家庄,铁路,3999.3,7,8,98113.12,已送达
TRS-03402,ORD-04099,福建上杭,深圳,水运,1087.7,5,5,29326.75,已送达
TRS-03403,ORD-04100,贵州贞丰,昆明,公路,567.8,2,2,29661.55,已送达
TRS-03404,ORD-04101,福建上杭,上海,公路,1134.9,3,3,49140.99,已送达
TRS-03405,ORD-04102,福建上杭,广州,铁路,1124.8,4,4,32649.87,已送达
TRS-03406,ORD-04103,新疆阿勒泰,北京,铁路,3821.4,7,8,104588.54,已送达
TRS-03407,ORD-04104,贵州贞丰,成都,公路,617.4,2,2,25061.26,运输中
TRS-03408,ORD-04105,福建上杭,南京,水运,776.4,5,5,24933.44,已送达
TRS-03409,ORD-04106,新疆阿勒泰,兰州,铁路,2680.4,6,7,78302.37,已送达
TRS-03410,ORD-04108,福建上杭,杭州,公路,787.2,3,3,40589.81,已送达
TRS-03411,ORD-04109,黑龙江多宝山,沈阳,铁路,780.9,3,3,35741.98,已送达
TRS-03412,ORD-04110,河南洛阳,北京,公路,676.7,2,3,34626.41,已送达
TRS-03413,ORD-04112,贵州贞丰,重庆,公路,416.9,2,2,21161.87,已送达
TRS-03414,ORD-04113,福建上杭,上海,水运,849.3,5,6,20818.81,已送达
TRS-03415,ORD-04114,新疆阿勒泰,天津,铁路,3418.4,7,9,100986.75,延误
TRS-03416,ORD-04115,河南洛阳,西安,公路,458.9,2,2,22036.27,已送达
TRS-03417,ORD-04116,福建上杭,合肥,公路,865.9,3,3,43043.32,已送达
TRS-03418,ORD-04118,福建上杭,深圳,水运,964.2,5,5,27691.60,已送达
TRS-03419,ORD-04119,贵州贞丰,昆明,公路,529.6,2,2,23514.84,已送达
TRS-03420,ORD-04121,福建上杭,苏州,公路,1097.6,3,4,38105.67,已送达
TRS-03421,ORD-04122,福建上杭,佛山,铁路,1295.3,4,4,34600.00,已送达
TRS-03422,ORD-04123,新疆阿勒泰,银川,铁路,2003.6,5,6,72006.05,已送达
TRS-03423,ORD-04124,福建上杭,无锡,公路,1068.5,3,3,43754.26,已送达
TRS-03424,ORD-04125,黑龙江多宝山,长春,铁路,591.5,2,2,24122.65,已送达
TRS-03425,ORD-04126,新疆阿勒泰,石家庄,铁路,3211.7,7,7,86151.28,已送达
TRS-03426,ORD-04128,福建上杭,东莞,水运,902.3,5,5,26767.68,已送达
TRS-03427,ORD-04129,贵州贞丰,武汉,铁路,1242.1,4,5,45181.63,已送达
TRS-03428,ORD-04130,河南洛阳,乌鲁木齐,铁路,3439.6,7,8,82135.50,已送达
TRS-03429,ORD-04131,黑龙江多宝山,哈尔滨,公路,304.1,1,1,14586.94,已送达
TRS-03430,ORD-04133,福建上杭,汕头,公路,562.3,2,2,31879.56,已送达
TRS-03431,ORD-04134,新疆阿勒泰,太原,铁路,3148.2,6,7,78749.18,已送达
TRS-03432,ORD-04135,贵州贞丰,贵阳,公路,255.4,1,1,12576.79,已送达
TRS-03433,ORD-04137,福建上杭,珠海,水运,1256.5,5,5,21361.73,已送达
TRS-03434,ORD-04138,河南洛阳,西宁,铁路,1533.9,4,5,57708.35,已送达
TRS-03435,ORD-04139,福建上杭,温州,公路,774.9,2,2,35277.34,已送达
TRS-03436,ORD-04140,黑龙江多宝山,大连,铁路,816.5,3,4,32355.86,已送达
TRS-03437,ORD-04141,新疆阿勒泰,呼和浩特,铁路,3013.7,6,6,89381.06,已送达
TRS-03438,ORD-04142,贵州贞丰,南宁,铁路,838.4,3,3,33371.26,已送达
TRS-03439,ORD-04143,福建上杭,宁波,水运,643.1,4,4,21723.62,已送达
TRS-03440,ORD-04145,河南洛阳,郑州,公路,151.0,1,1,9197.65,已送达
TRS-03441,ORD-04146,贵州贞丰,成都,公路,668.2,2,3,29132.40,已送达
TRS-03442,ORD-04148,黑龙江多宝山,长春,铁路,666.7,2,2,24781.00,已送达
TRS-03443,ORD-04149,新疆阿勒泰,兰州,铁路,2931.2,6,8,86696.39,延误
TRS-03444,ORD-04150,福建上杭,厦门,公路,264.6,1,1,12733.61,已送达
TRS-03445,ORD-04151,福建上杭,上海,水运,869.2,5,5,20906.31,已送达
TRS-03446,ORD-04152,新疆阿勒泰,北京,铁路,3367.7,7,7,85352.18,已送达
TRS-03447,ORD-04154,福建上杭,广州,水运,1105.9,5,6,29785.11,已送达
TRS-03448,ORD-04155,福建上杭,南京,公路,890.5,3,3,34192.72,已送达
TRS-03449,ORD-04156,黑龙江多宝山,沈阳,铁路,920.6,3,4,32880.22,已送达
TRS-03450,ORD-04157,河南洛阳,西安,铁路,553.5,2,2,25204.96,已送达
TRS-03451,ORD-04158,福建上杭,杭州,公路,1056.6,3,3,36721.48,已送达
TRS-03452,ORD-04160,福建上杭,深圳,水运,1296.5,5,5,25531.75,已送达
TRS-03453,ORD-04161,贵州贞丰,重庆,公路,551.3,2,2,20203.55,已送达
TRS-03454,ORD-04162,福建上杭,合肥,铁路,855.8,3,3,38939.18,已送达
TRS-03455,ORD-04163,福建上杭,佛山,水运,1075.3,5,6,28791.33,已送达
TRS-03456,ORD-04165,黑龙江多宝山,哈尔滨,公路,311.4,1,1,15542.79,已送达
TRS-03457,ORD-04166,新疆阿勒泰,石家庄,铁路,3077.0,7,8,81633.72,已送达
TRS-03458,ORD-04167,福建上杭,苏州,公路,926.3,3,3,37832.78,已送达
TRS-03459,ORD-04168,贵州贞丰,昆明,公路,655.4,2,2,26061.39,已送达
TRS-03460,ORD-04169,福建上杭,汕头,水运,707.2,4,4,17095.07,已送达
TRS-03461,ORD-04170,福建上杭,无锡,公路,852.5,3,3,39931.48,已送达
TRS-03462,ORD-04171,福建上杭,上海,水运,926.9,5,5,21879.88,已送达
TRS-03463,ORD-04173,新疆阿勒泰,天津,铁路,3213.1,7,7,88982.14,已送达
TRS-03464,ORD-04174,贵州贞丰,贵阳,公路,239.7,1,1,12355.03,已送达
TRS-03465,ORD-04176,河南洛阳,银川,铁路,1059.7,4,5,44961.17,已送达
TRS-03466,ORD-04177,福建上杭,温州,公路,580.2,2,2,37709.31,运输中
TRS-03467,ORD-04178,福建上杭,东莞,水运,972.5,5,5,23505.43,已送达
TRS-03468,ORD-04179,新疆阿勒泰,太原,铁路,2758.4,6,7,83800.99,已送达
TRS-03469,ORD-04180,福建上杭,苏州,公路,941.6,3,3,44551.74,已送达
TRS-03470,ORD-04181,黑龙江多宝山,大连,铁路,1015.4,3,3,32961.74,已送达
TRS-03471,ORD-04182,贵州贞丰,南宁,铁路,772.5,3,4,30550.69,已送达
TRS-03472,ORD-04184,福建上杭,珠海,水运,977.9,5,5,19776.18,已送达
TRS-03473,ORD-04185,河南洛阳,乌鲁木齐,铁路,3680.0,7,9,95973.06,延误
TRS-03474,ORD-04186,新疆阿勒泰,呼和浩特,铁路,2411.5,6,6,79211.18,已送达
TRS-03475,ORD-04187,福建上杭,上海,公路,919.8,3,3,45628.96,已送达
TRS-03476,ORD-04188,贵州贞丰,成都,公路,595.7,2,2,25513.10,已送达
TRS-03477,ORD-04190,福建上杭,厦门,公路,226.6,1,1,10231.28,已送达
TRS-03478,ORD-04191,福建上杭,杭州,水运,651.6,4,4,19985.84,已送达
TRS-03479,ORD-04192,新疆阿勒泰,北京,铁路,3127.6,7,7,97744.84,已送达
TRS-03480,ORD-04194,福建上杭,广州,水运,1262.4,5,5,26014.20,已送达
TRS-03481,ORD-04195,贵州贞丰,重庆,公路,444.2,2,2,20630.43,已送达
TRS-03482,ORD-04196,黑龙江多宝山,沈阳,铁路,766.7,3,3,30106.11,已送达
TRS-03483,ORD-04197,福建上杭,合肥,公路,961.0,3,3,46715.56,已送达
TRS-03484,ORD-04198,新疆阿勒泰,石家庄,铁路,3554.9,7,8,100854.63,已送达
TRS-03485,ORD-04199,福建上杭,深圳,水运,1165.8,5,5,28212.17,已送达
TRS-03486,ORD-04200,贵州贞丰,昆明,公路,526.3,2,2,28061.38,已送达
TRS-03487,ORD-04201,福建上杭,上海,公路,960.6,3,3,51408.58,已送达
TRS-03488,ORD-04202,福建上杭,广州,铁路,1411.9,4,4,40701.80,已送达
TRS-03489,ORD-04203,新疆阿勒泰,北京,铁路,3322.3,7,8,103419.18,已送达
TRS-03490,ORD-04204,贵州贞丰,成都,公路,732.3,2,2,25823.56,运输中
TRS-03491,ORD-04205,福建上杭,南京,水运,789.3,5,5,22220.37,已送达
TRS-03492,ORD-04206,新疆阿勒泰,兰州,铁路,2892.6,6,7,72990.50,已送达
TRS-03493,ORD-04208,福建上杭,杭州,公路,1047.3,3,3,39363.20,已送达
TRS-03494,ORD-04209,黑龙江多宝山,沈阳,铁路,818.6,3,3,37035.58,已送达
TRS-03495,ORD-04210,河南洛阳,北京,公路,846.6,2,3,36316.18,已送达
TRS-03496,ORD-04212,贵州贞丰,重庆,公路,546.4,2,2,18760.98,已送达
TRS-03497,ORD-04213,福建上杭,上海,水运,840.3,5,6,23709.31,已送达
TRS-03498,ORD-04214,新疆阿勒泰,天津,铁路,4165.1,7,9,87458.92,延误
TRS-03499,ORD-04215,河南洛阳,西安,公路,451.7,2,2,21750.36,已送达
TRS-03500,ORD-04216,福建上杭,合肥,公路,758.3,3,3,45901.12,已送达
TRS-03501,ORD-04218,福建上杭,深圳,水运,1221.2,5,5,22064.28,已送达
TRS-03502,ORD-04219,贵州贞丰,昆明,公路,504.3,2,2,22767.52,已送达
TRS-03503,ORD-04221,福建上杭,苏州,公路,917.1,3,4,47478.33,已送达
TRS-03504,ORD-04222,福建上杭,佛山,铁路,1252.9,4,4,42076.08,已送达
TRS-03505,ORD-04223,新疆阿勒泰,银川,铁路,2471.6,5,6,70131.38,已送达
TRS-03506,ORD-04224,福建上杭,无锡,公路,888.4,3,3,49692.78,已送达
TRS-03507,ORD-04225,黑龙江多宝山,长春,铁路,634.8,2,2,27349.22,已送达
TRS-03508,ORD-04226,新疆阿勒泰,石家庄,铁路,3153.4,7,7,96124.54,已送达
TRS-03509,ORD-04228,福建上杭,东莞,水运,975.2,5,5,23392.97,已送达
TRS-03510,ORD-04229,贵州贞丰,武汉,铁路,1223.1,4,5,41845.52,已送达
TRS-03511,ORD-04230,河南洛阳,乌鲁木齐,铁路,3025.9,7,8,91634.49,已送达
TRS-03512,ORD-04231,黑龙江多宝山,哈尔滨,公路,333.9,1,1,13852.86,已送达
TRS-03513,ORD-04233,福建上杭,汕头,公路,698.5,2,2,29815.41,已送达
TRS-03514,ORD-04234,新疆阿勒泰,太原,铁路,2692.9,6,7,92687.23,已送达
TRS-03515,ORD-04235,贵州贞丰,贵阳,公路,258.6,1,1,13777.07,已送达
TRS-03516,ORD-04237,福建上杭,珠海,水运,973.5,5,5,21754.14,已送达
TRS-03517,ORD-04238,河南洛阳,西宁,铁路,1613.3,4,5,49847.36,已送达
TRS-03518,ORD-04239,福建上杭,温州,公路,752.7,2,2,36723.01,已送达
TRS-03519,ORD-04240,黑龙江多宝山,大连,铁路,999.5,3,4,34322.00,已送达
TRS-03520,ORD-04241,新疆阿勒泰,呼和浩特,铁路,2327.4,6,6,79962.79,已送达
TRS-03521,ORD-04242,贵州贞丰,南宁,铁路,717.1,3,3,28178.91,已送达
TRS-03522,ORD-04243,福建上杭,宁波,水运,724.2,4,4,21138.20,已送达
TRS-03523,ORD-04245,河南洛阳,郑州,公路,169.1,1,1,8308.23,已送达
TRS-03524,ORD-04246,贵州贞丰,成都,公路,673.6,2,3,24213.95,已送达
TRS-03525,ORD-04248,黑龙江多宝山,长春,铁路,538.6,2,2,24882.47,已送达
TRS-03526,ORD-04249,新疆阿勒泰,兰州,铁路,3209.6,6,8,76286.40,延误
TRS-03527,ORD-04250,福建上杭,厦门,公路,234.3,1,1,11475.52,已送达
TRS-03528,ORD-04251,福建上杭,上海,水运,785.8,5,5,20271.06,已送达
TRS-03529,ORD-04252,新疆阿勒泰,北京,铁路,4086.5,7,7,97675.87,已送达
TRS-03530,ORD-04254,福建上杭,广州,水运,1349.1,5,6,27912.09,已送达
TRS-03531,ORD-04255,福建上杭,南京,公路,948.9,3,3,44698.60,已送达
TRS-03532,ORD-04256,黑龙江多宝山,沈阳,铁路,914.5,3,4,35774.72,已送达
TRS-03533,ORD-04257,河南洛阳,西安,铁路,487.2,2,2,23052.37,已送达
TRS-03534,ORD-04258,福建上杭,杭州,公路,965.4,3,3,47578.02,已送达
TRS-03535,ORD-04260,福建上杭,深圳,水运,1194.4,5,5,27807.92,已送达
TRS-03536,ORD-04261,贵州贞丰,重庆,公路,522.7,2,2,21101.61,已送达
TRS-03537,ORD-04262,福建上杭,合肥,铁路,970.5,3,3,38471.40,已送达
TRS-03538,ORD-04263,福建上杭,佛山,水运,1325.3,5,6,27029.95,已送达
TRS-03539,ORD-04265,黑龙江多宝山,哈尔滨,公路,333.9,1,1,16164.02,已送达
TRS-03540,ORD-04266,新疆阿勒泰,石家庄,铁路,3002.6,7,8,78928.64,已送达
TRS-03541,ORD-04267,福建上杭,苏州,公路,834.2,3,3,44841.22,已送达
TRS-03542,ORD-04268,贵州贞丰,昆明,公路,556.5,2,2,29075.54,已送达
TRS-03543,ORD-04269,福建上杭,汕头,水运,644.8,4,4,20568.19,已送达
TRS-03544,ORD-04270,福建上杭,无锡,公路,1083.6,3,3,41845.71,已送达
TRS-03545,ORD-04271,福建上杭,上海,水运,791.8,5,5,25755.99,已送达
TRS-03546,ORD-04273,新疆阿勒泰,天津,铁路,3060.7,7,7,114572.78,已送达
TRS-03547,ORD-04274,贵州贞丰,贵阳,公路,325.7,1,1,12852.01,已送达
TRS-03548,ORD-04276,河南洛阳,银川,铁路,1409.8,4,5,52141.44,已送达
TRS-03549,ORD-04277,福建上杭,温州,公路,703.6,2,2,31790.43,运输中
TRS-03550,ORD-04278,福建上杭,东莞,水运,906.2,5,5,26934.00,已送达
TRS-03551,ORD-04279,新疆阿勒泰,太原,铁路,2711.2,6,7,94950.86,已送达
TRS-03552,ORD-04280,福建上杭,苏州,公路,938.7,3,3,47328.72,已送达
TRS-03553,ORD-04281,黑龙江多宝山,大连,铁路,835.8,3,3,31321.12,已送达
TRS-03554,ORD-04282,贵州贞丰,南宁,铁路,799.1,3,4,31692.22,已送达
TRS-03555,ORD-04284,福建上杭,珠海,水运,1146.6,5,5,25889.93,已送达
TRS-03556,ORD-04285,河南洛阳,乌鲁木齐,铁路,2731.4,7,9,78795.90,延误
TRS-03557,ORD-04286,新疆阿勒泰,呼和浩特,铁路,3043.5,6,6,79857.26,已送达
TRS-03558,ORD-04287,福建上杭,上海,公路,1141.5,3,3,40177.53,已送达
TRS-03559,ORD-04288,贵州贞丰,成都,公路,749.9,2,2,29954.76,已送达
TRS-03560,ORD-04290,福建上杭,厦门,公路,218.6,1,1,13800.43,已送达
TRS-03561,ORD-04291,福建上杭,杭州,水运,783.4,4,4,23425.10,已送达
TRS-03562,ORD-04292,新疆阿勒泰,北京,铁路,3397.0,7,7,92104.97,已送达
TRS-03563,ORD-04294,福建上杭,广州,水运,1178.6,5,5,22533.29,已送达
TRS-03564,ORD-04295,贵州贞丰,重庆,公路,565.7,2,2,22457.78,已送达
TRS-03565,ORD-04296,黑龙江多宝山,沈阳,铁路,825.2,3,3,34595.17,已送达
TRS-03566,ORD-04297,福建上杭,合肥,公路,956.9,3,3,39863.44,已送达
TRS-03567,ORD-04298,新疆阿勒泰,石家庄,铁路,3059.8,7,8,104810.54,已送达
TRS-03568,ORD-04299,福建上杭,深圳,水运,1183.9,5,5,26262.70,已送达
TRS-03569,ORD-04300,贵州贞丰,昆明,公路,597.2,2,2,23924.97,已送达
TRS-03570,ORD-04301,福建上杭,上海,公路,931.8,3,3,50349.78,已送达
TRS-03571,ORD-04302,福建上杭,广州,铁路,1226.6,4,4,37422.59,已送达
TRS-03572,ORD-04303,新疆阿勒泰,北京,铁路,3822.1,7,8,88393.13,已送达
TRS-03573,ORD-04304,贵州贞丰,成都,公路,558.5,2,2,25003.97,运输中
TRS-03574,ORD-04305,福建上杭,南京,水运,935.8,5,5,20006.80,已送达
TRS-03575,ORD-04306,新疆阿勒泰,兰州,铁路,2506.1,6,7,85570.69,已送达
TRS-03576,ORD-04308,福建上杭,杭州,公路,1042.7,3,3,39395.08,已送达
TRS-03577,ORD-04309,黑龙江多宝山,沈阳,铁路,763.9,3,3,31013.22,已送达
TRS-03578,ORD-04310,河南洛阳,北京,公路,724.8,2,3,33958.82,已送达
TRS-03579,ORD-04312,贵州贞丰,重庆,公路,536.1,2,2,22949.28,已送达
TRS-03580,ORD-04313,福建上杭,上海,水运,840.9,5,6,24268.57,已送达
TRS-03581,ORD-04314,新疆阿勒泰,天津,铁路,3462.9,7,9,106943.77,延误
TRS-03582,ORD-04315,河南洛阳,西安,公路,515.5,2,2,21565.82,已送达
TRS-03583,ORD-04316,福建上杭,合肥,公路,906.8,3,3,44540.20,已送达
TRS-03584,ORD-04318,福建上杭,深圳,水运,1010.0,5,5,26835.25,已送达
TRS-03585,ORD-04319,贵州贞丰,昆明,公路,602.6,2,2,27964.43,已送达
TRS-03586,ORD-04321,福建上杭,苏州,公路,1052.3,3,4,44863.28,已送达
TRS-03587,ORD-04322,福建上杭,佛山,铁路,1040.1,4,4,30853.04,已送达
TRS-03588,ORD-04323,新疆阿勒泰,银川,铁路,1905.3,5,6,63799.34,已送达
TRS-03589,ORD-04324,福建上杭,无锡,公路,922.7,3,3,50068.81,已送达
TRS-03590,ORD-04325,黑龙江多宝山,长春,铁路,600.1,2,2,26219.80,已送达
TRS-03591,ORD-04326,新疆阿勒泰,石家庄,铁路,3459.6,7,7,81190.46,已送达
TRS-03592,ORD-04328,福建上杭,东莞,水运,1013.2,5,5,23474.54,已送达
TRS-03593,ORD-04329,贵州贞丰,武汉,铁路,1030.1,4,5,40239.15,已送达
TRS-03594,ORD-04330,河南洛阳,乌鲁木齐,铁路,3569.0,7,8,86729.63,已送达
TRS-03595,ORD-04331,黑龙江多宝山,哈尔滨,公路,376.5,1,1,13968.19,已送达
TRS-03596,ORD-04333,福建上杭,汕头,公路,606.7,2,2,29616.42,已送达
TRS-03597,ORD-04334,新疆阿勒泰,太原,铁路,3014.6,6,7,93699.84,已送达
TRS-03598,ORD-04335,贵州贞丰,贵阳,公路,297.5,1,1,10523.14,已送达
TRS-03599,ORD-04337,福建上杭,珠海,水运,1000.6,5,5,19854.36,已送达
TRS-03600,ORD-04338,河南洛阳,西宁,铁路,1467.3,4,5,45740.97,已送达
TRS-03601,ORD-04339,福建上杭,温州,公路,631.6,2,2,34569.82,已送达
TRS-03602,ORD-04340,黑龙江多宝山,大连,铁路,998.8,3,4,34292.30,已送达
TRS-03603,ORD-04341,新疆阿勒泰,呼和浩特,铁路,2866.3,6,6,68042.60,已送达
TRS-03604,ORD-04342,贵州贞丰,南宁,铁路,719.0,3,3,29622.46,已送达
TRS-03605,ORD-04343,福建上杭,宁波,水运,859.4,4,4,23594.06,已送达
TRS-03606,ORD-04345,河南洛阳,郑州,公路,156.4,1,1,7984.83,已送达
TRS-03607,ORD-04346,贵州贞丰,成都,公路,706.0,2,3,26676.41,已送达
TRS-03608,ORD-04348,黑龙江多宝山,长春,铁路,689.8,2,2,22987.45,已送达
TRS-03609,ORD-04349,新疆阿勒泰,兰州,铁路,2913.2,6,8,87524.42,延误
TRS-03610,ORD-04350,福建上杭,厦门,公路,247.8,1,1,12770.83,已送达
TRS-03611,ORD-04351,福建上杭,上海,水运,898.7,5,5,21160.41,已送达
TRS-03612,ORD-04352,新疆阿勒泰,北京,铁路,3714.0,7,7,83803.49,已送达
TRS-03613,ORD-04354,福建上杭,广州,水运,1140.3,5,6,23636.68,已送达
TRS-03614,ORD-04355,福建上杭,南京,公路,790.6,3,3,40906.24,已送达
TRS-03615,ORD-04356,黑龙江多宝山,沈阳,铁路,916.5,3,4,36747.30,已送达
TRS-03616,ORD-04357,河南洛阳,西安,铁路,444.5,2,2,18922.16,已送达
TRS-03617,ORD-04358,福建上杭,杭州,公路,945.3,3,3,47191.33,已送达
TRS-03618,ORD-04360,福建上杭,深圳,水运,1260.2,5,5,22045.30,已送达
TRS-03619,ORD-04361,贵州贞丰,重庆,公路,419.7,2,2,20074.32,已送达
TRS-03620,ORD-04362,福建上杭,合肥,铁路,898.7,3,3,41196.05,已送达
TRS-03621,ORD-04363,福建上杭,佛山,水运,1056.1,5,6,27182.57,已送达
TRS-03622,ORD-04365,黑龙江多宝山,哈尔滨,公路,389.4,1,1,14361.72,已送达
TRS-03623,ORD-04366,新疆阿勒泰,石家庄,铁路,3915.6,7,8,99892.22,已送达
TRS-03624,ORD-04367,福建上杭,苏州,公路,984.4,3,3,46485.84,已送达
TRS-03625,ORD-04368,贵州贞丰,昆明,公路,496.9,2,2,24003.90,已送达
TRS-03626,ORD-04369,福建上杭,汕头,水运,571.9,4,4,19431.86,已送达
TRS-03627,ORD-04370,福建上杭,无锡,公路,962.3,3,3,48442.64,已送达
TRS-03628,ORD-04371,福建上杭,上海,水运,807.3,5,5,22264.66,已送达
TRS-03629,ORD-04373,新疆阿勒泰,天津,铁路,3343.1,7,7,104356.57,已送达
TRS-03630,ORD-04374,贵州贞丰,贵阳,公路,278.5,1,1,11961.41,已送达
TRS-03631,ORD-04376,河南洛阳,银川,铁路,1089.6,4,5,43994.93,已送达
TRS-03632,ORD-04377,福建上杭,温州,公路,700.1,2,2,32710.21,运输中
TRS-03633,ORD-04378,福建上杭,东莞,水运,983.5,5,5,26662.34,已送达
TRS-03634,ORD-04379,新疆阿勒泰,太原,铁路,3653.1,6,7,98112.10,已送达
TRS-03635,ORD-04380,福建上杭,苏州,公路,930.4,3,3,40643.81,已送达
TRS-03636,ORD-04381,黑龙江多宝山,大连,铁路,887.3,3,3,34408.73,已送达
TRS-03637,ORD-04382,贵州贞丰,南宁,铁路,828.9,3,4,31786.21,已送达
TRS-03638,ORD-04384,福建上杭,珠海,水运,988.9,5,5,23284.28,已送达
TRS-03639,ORD-04385,河南洛阳,乌鲁木齐,铁路,3055.1,7,9,88533.02,延误
TRS-03640,ORD-04386,新疆阿勒泰,呼和浩特,铁路,2235.6,6,6,78639.76,已送达
TRS-03641,ORD-04387,福建上杭,上海,公路,1068.8,3,3,49409.78,已送达
TRS-03642,ORD-04388,贵州贞丰,成都,公路,660.1,2,2,28231.50,已送达
TRS-03643,ORD-04390,福建上杭,厦门,公路,253.5,1,1,12954.97,已送达
TRS-03644,ORD-04391,福建上杭,杭州,水运,683.4,4,4,21106.52,已送达
TRS-03645,ORD-04392,新疆阿勒泰,北京,铁路,2984.1,7,7,90829.03,已送达
TRS-03646,ORD-04394,福建上杭,广州,水运,1199.2,5,5,28661.98,已送达
TRS-03647,ORD-04395,贵州贞丰,重庆,公路,493.9,2,2,23068.34,已送达
TRS-03648,ORD-04396,黑龙江多宝山,沈阳,铁路,800.4,3,3,32237.12,已送达
TRS-03649,ORD-04397,福建上杭,合肥,公路,825.2,3,3,37045.24,已送达
TRS-03650,ORD-04398,新疆阿勒泰,石家庄,铁路,3198.8,7,8,103617.39,已送达
TRS-03651,ORD-04399,福建上杭,深圳,水运,1284.7,5,5,27576.92,已送达
TRS-03652,ORD-04400,贵州贞丰,昆明,公路,613.9,2,2,24466.36,已送达
TRS-03653,ORD-04401,福建上杭,上海,公路,1011.4,3,3,47378.29,已送达
TRS-03654,ORD-04402,福建上杭,广州,铁路,1412.6,4,4,44200.46,已送达
TRS-03655,ORD-04403,新疆阿勒泰,北京,铁路,3998.4,7,8,100967.61,已送达
TRS-03656,ORD-04404,贵州贞丰,成都,公路,696.2,2,2,30009.28,运输中
TRS-03657,ORD-04405,福建上杭,南京,水运,925.3,5,5,24576.97,已送达
TRS-03658,ORD-04406,新疆阿勒泰,兰州,铁路,2582.4,6,7,95109.34,已送达
TRS-03659,ORD-04408,福建上杭,杭州,公路,929.2,3,3,39399.23,已送达
TRS-03660,ORD-04409,黑龙江多宝山,沈阳,铁路,712.1,3,3,36235.14,已送达
TRS-03661,ORD-04410,河南洛阳,北京,公路,702.9,2,3,32553.19,已送达
TRS-03662,ORD-04412,贵州贞丰,重庆,公路,555.5,2,2,20658.75,已送达
TRS-03663,ORD-04413,福建上杭,上海,水运,882.0,5,6,24542.30,已送达
TRS-03664,ORD-04414,新疆阿勒泰,天津,铁路,3070.0,7,9,93002.00,延误
TRS-03665,ORD-04415,河南洛阳,西安,公路,587.1,2,2,25461.67,已送达
TRS-03666,ORD-04416,福建上杭,合肥,公路,785.3,3,3,41442.16,已送达
TRS-03667,ORD-04418,福建上杭,深圳,水运,996.9,5,5,27854.12,已送达
TRS-03668,ORD-04419,贵州贞丰,昆明,公路,642.6,2,2,22529.00,已送达
TRS-03669,ORD-04421,福建上杭,苏州,公路,838.4,3,4,51482.95,已送达
TRS-03670,ORD-04422,福建上杭,佛山,铁路,1007.0,4,4,38509.70,已送达
TRS-03671,ORD-04423,新疆阿勒泰,银川,铁路,2373.9,5,6,75230.28,已送达
TRS-03672,ORD-04424,福建上杭,无锡,公路,1122.0,3,3,43247.68,已送达
TRS-03673,ORD-04425,黑龙江多宝山,长春,铁路,584.4,2,2,23453.57,已送达
TRS-03674,ORD-04426,新疆阿勒泰,石家庄,铁路,3929.2,7,7,93495.37,已送达
TRS-03675,ORD-04428,福建上杭,东莞,水运,1148.7,5,5,27354.55,已送达
TRS-03676,ORD-04429,贵州贞丰,武汉,铁路,1149.3,4,5,45740.18,已送达
TRS-03677,ORD-04430,河南洛阳,乌鲁木齐,铁路,3119.1,7,8,96298.31,已送达
TRS-03678,ORD-04431,黑龙江多宝山,哈尔滨,公路,348.7,1,1,15922.95,已送达
TRS-03679,ORD-04433,福建上杭,汕头,公路,676.8,2,2,33127.95,已送达
TRS-03680,ORD-04434,新疆阿勒泰,太原,铁路,2862.9,6,7,84793.96,已送达
TRS-03681,ORD-04435,贵州贞丰,贵阳,公路,278.3,1,1,10335.83,已送达
TRS-03682,ORD-04437,福建上杭,珠海,水运,1177.7,5,5,20829.67,已送达
TRS-03683,ORD-04438,河南洛阳,西宁,铁路,1607.3,4,5,45444.10,已送达
TRS-03684,ORD-04439,福建上杭,温州,公路,643.2,2,2,33050.24,已送达
TRS-03685,ORD-04440,黑龙江多宝山,大连,铁路,862.7,3,4,36286.96,已送达
TRS-03686,ORD-04441,新疆阿勒泰,呼和浩特,铁路,2983.7,6,6,67870.14,已送达
TRS-03687,ORD-04442,贵州贞丰,南宁,铁路,762.7,3,3,35919.39,已送达
TRS-03688,ORD-04443,福建上杭,宁波,水运,768.9,4,4,18151.04,已送达
TRS-03689,ORD-04445,河南洛阳,郑州,公路,132.1,1,1,8818.81,已送达
TRS-03690,ORD-04446,贵州贞丰,成都,公路,687.0,2,3,31160.58,已送达
TRS-03691,ORD-04448,黑龙江多宝山,长春,铁路,623.1,2,2,28243.53,已送达
TRS-03692,ORD-04449,新疆阿勒泰,兰州,铁路,2421.4,6,8,74624.92,延误
TRS-03693,ORD-04450,福建上杭,厦门,公路,248.8,1,1,11858.05,已送达
TRS-03694,ORD-04451,福建上杭,上海,水运,790.8,5,5,24526.88,已送达
TRS-03695,ORD-04452,新疆阿勒泰,北京,铁路,3347.0,7,7,98986.29,已送达
TRS-03696,ORD-04454,福建上杭,广州,水运,1105.7,5,6,27227.41,已送达
TRS-03697,ORD-04455,福建上杭,南京,公路,904.8,3,3,40556.44,已送达
TRS-03698,ORD-04456,黑龙江多宝山,沈阳,铁路,858.8,3,4,29267.65,已送达
TRS-03699,ORD-04457,河南洛阳,西安,铁路,581.1,2,2,22130.35,已送达
TRS-03700,ORD-04458,福建上杭,杭州,公路,1028.5,3,3,44043.72,已送达
TRS-03701,ORD-04460,福建上杭,深圳,水运,1152.6,5,5,21938.88,已送达
TRS-03702,ORD-04461,贵州贞丰,重庆,公路,543.7,2,2,20931.72,已送达
TRS-03703,ORD-04462,福建上杭,合肥,铁路,978.8,3,3,38510.68,已送达
TRS-03704,ORD-04463,福建上杭,佛山,水运,1103.0,5,6,22424.80,已送达
TRS-03705,ORD-04465,黑龙江多宝山,哈尔滨,公路,384.7,1,1,14072.14,已送达
TRS-03706,ORD-04466,新疆阿勒泰,石家庄,铁路,3676.1,7,8,83391.56,已送达
TRS-03707,ORD-04467,福建上杭,苏州,公路,1023.7,3,3,45808.98,已送达
TRS-03708,ORD-04468,贵州贞丰,昆明,公路,480.4,2,2,27930.97,已送达
TRS-03709,ORD-04469,福建上杭,汕头,水运,677.8,4,4,19526.31,已送达
TRS-03710,ORD-04470,福建上杭,无锡,公路,1073.6,3,3,37290.72,已送达
TRS-03711,ORD-04471,福建上杭,上海,水运,971.3,5,5,21505.99,已送达
TRS-03712,ORD-04473,新疆阿勒泰,天津,铁路,3503.4,7,7,85964.82,已送达
TRS-03713,ORD-04474,贵州贞丰,贵阳,公路,327.8,1,1,12477.40,已送达
TRS-03714,ORD-04476,河南洛阳,银川,铁路,1402.9,4,5,46841.38,已送达
TRS-03715,ORD-04477,福建上杭,温州,公路,728.3,2,2,37444.26,运输中
TRS-03716,ORD-04478,福建上杭,东莞,水运,1140.6,5,5,23659.87,已送达
TRS-03717,ORD-04479,新疆阿勒泰,太原,铁路,3079.7,6,7,99500.58,已送达
TRS-03718,ORD-04480,福建上杭,苏州,公路,1066.1,3,3,46156.63,已送达
TRS-03719,ORD-04481,黑龙江多宝山,大连,铁路,1005.4,3,3,40181.22,已送达
TRS-03720,ORD-04482,贵州贞丰,南宁,铁路,880.5,3,4,34668.03,已送达
TRS-03721,ORD-04484,福建上杭,珠海,水运,939.6,5,5,21868.74,已送达
TRS-03722,ORD-04485,河南洛阳,乌鲁木齐,铁路,3169.2,7,9,84319.31,延误
TRS-03723,ORD-04486,新疆阿勒泰,呼和浩特,铁路,2926.7,6,6,81695.09,已送达
TRS-03724,ORD-04487,福建上杭,上海,公路,877.5,3,3,50646.78,已送达
TRS-03725,ORD-04488,贵州贞丰,成都,公路,665.5,2,2,24342.39,已送达
TRS-03726,ORD-04490,福建上杭,厦门,公路,223.2,1,1,12218.81,已送达
TRS-03727,ORD-04491,福建上杭,杭州,水运,802.4,4,4,22835.06,已送达
TRS-03728,ORD-04492,新疆阿勒泰,北京,铁路,4025.1,7,7,110369.48,已送达
TRS-03729,ORD-04494,福建上杭,广州,水运,1405.5,5,5,22723.77,已送达
TRS-03730,ORD-04495,贵州贞丰,重庆,公路,465.4,2,2,20876.55,已送达
TRS-03731,ORD-04496,黑龙江多宝山,沈阳,铁路,693.3,3,3,37714.59,已送达
TRS-03732,ORD-04497,福建上杭,合肥,公路,898.3,3,3,38630.56,已送达
TRS-03733,ORD-04498,新疆阿勒泰,石家庄,铁路,3675.7,7,8,82678.10,已送达
TRS-03734,ORD-04499,福建上杭,深圳,水运,1096.2,5,5,22690.45,已送达
TRS-03735,ORD-04500,贵州贞丰,昆明,公路,638.0,2,2,27386.14,已送达
TRS-03736,ORD-04501,福建上杭,上海,公路,932.4,3,3,40236.93,已送达
TRS-03737,ORD-04502,福建上杭,广州,铁路,1268.5,4,4,35524.03,已送达
TRS-03738,ORD-04503,新疆阿勒泰,北京,铁路,3916.1,7,8,81126.20,已送达
TRS-03739,ORD-04504,贵州贞丰,成都,公路,640.1,2,2,28967.93,运输中
TRS-03740,ORD-04505,福建上杭,南京,水运,790.9,5,5,21596.74,已送达
TRS-03741,ORD-04506,新疆阿勒泰,兰州,铁路,2500.4,6,7,72316.70,已送达
TRS-03742,ORD-04508,福建上杭,杭州,公路,836.6,3,3,45440.81,已送达
TRS-03743,ORD-04509,黑龙江多宝山,沈阳,铁路,834.8,3,3,32172.70,已送达
TRS-03744,ORD-04510,河南洛阳,北京,公路,703.5,2,3,31230.71,已送达
TRS-03745,ORD-04512,贵州贞丰,重庆,公路,465.2,2,2,24974.82,已送达
TRS-03746,ORD-04513,福建上杭,上海,水运,824.7,5,6,18958.80,已送达
TRS-03747,ORD-04514,新疆阿勒泰,天津,铁路,3755.3,7,9,110210.11,延误
TRS-03748,ORD-04515,河南洛阳,西安,公路,600.9,2,2,20550.48,已送达
TRS-03749,ORD-04516,福建上杭,合肥,公路,960.3,3,3,35287.00,已送达
TRS-03750,ORD-04518,福建上杭,深圳,水运,988.4,5,5,23899.90,已送达
TRS-03751,ORD-04519,贵州贞丰,昆明,公路,623.6,2,2,26559.03,已送达
TRS-03752,ORD-04521,福建上杭,苏州,公路,1019.7,3,4,40852.86,已送达
TRS-03753,ORD-04522,福建上杭,佛山,铁路,1236.9,4,4,42379.02,已送达
TRS-03754,ORD-04523,新疆阿勒泰,银川,铁路,2243.2,5,6,70532.93,已送达
TRS-03755,ORD-04524,福建上杭,无锡,公路,822.7,3,3,50071.65,已送达
TRS-03756,ORD-04525,黑龙江多宝山,长春,铁路,531.7,2,2,27683.35,已送达
TRS-03757,ORD-04526,新疆阿勒泰,石家庄,铁路,3958.9,7,7,106152.45,已送达
TRS-03758,ORD-04528,福建上杭,东莞,水运,1101.2,5,5,26143.58,已送达
TRS-03759,ORD-04529,贵州贞丰,武汉,铁路,970.8,4,5,38279.35,已送达
TRS-03760,ORD-04530,河南洛阳,乌鲁木齐,铁路,3129.9,7,8,102823.60,已送达
TRS-03761,ORD-04531,黑龙江多宝山,哈尔滨,公路,335.3,1,1,14406.76,已送达
TRS-03762,ORD-04533,福建上杭,汕头,公路,640.6,2,2,31550.88,已送达
TRS-03763,ORD-04534,新疆阿勒泰,太原,铁路,2886.8,6,7,84505.04,已送达
TRS-03764,ORD-04535,贵州贞丰,贵阳,公路,276.4,1,1,13183.46,已送达
TRS-03765,ORD-04537,福建上杭,珠海,水运,1190.5,5,5,25159.77,已送达
TRS-03766,ORD-04538,河南洛阳,西宁,铁路,1227.7,4,5,46279.79,已送达
TRS-03767,ORD-04539,福建上杭,温州,公路,587.0,2,2,31809.44,已送达
TRS-03768,ORD-04540,黑龙江多宝山,大连,铁路,791.7,3,4,36751.46,已送达
TRS-03769,ORD-04541,新疆阿勒泰,呼和浩特,铁路,2808.8,6,6,77695.10,已送达
TRS-03770,ORD-04542,贵州贞丰,南宁,铁路,762.1,3,3,30857.98,已送达
TRS-03771,ORD-04543,福建上杭,宁波,水运,654.3,4,4,19667.06,已送达
TRS-03772,ORD-04545,河南洛阳,郑州,公路,138.9,1,1,8930.48,已送达
TRS-03773,ORD-04546,贵州贞丰,成都,公路,766.8,2,3,31464.58,已送达
TRS-03774,ORD-04548,黑龙江多宝山,长春,铁路,598.9,2,2,22282.90,已送达
TRS-03775,ORD-04549,新疆阿勒泰,兰州,铁路,2667.6,6,8,82572.44,延误
TRS-03776,ORD-04550,福建上杭,厦门,公路,229.9,1,1,12253.66,已送达
TRS-03777,ORD-04551,福建上杭,上海,水运,907.3,5,5,23894.53,已送达
TRS-03778,ORD-04552,新疆阿勒泰,北京,铁路,3724.8,7,7,93841.76,已送达
TRS-03779,ORD-04554,福建上杭,广州,水运,1154.2,5,6,28498.11,已送达
TRS-03780,ORD-04555,福建上杭,南京,公路,776.3,3,3,35518.00,已送达
TRS-03781,ORD-04556,黑龙江多宝山,沈阳,铁路,727.3,3,4,36170.72,已送达
TRS-03782,ORD-04557,河南洛阳,西安,铁路,531.8,2,2,20242.02,已送达
TRS-03783,ORD-04558,福建上杭,杭州,公路,1056.5,3,3,35762.37,已送达
TRS-03784,ORD-04560,福建上杭,深圳,水运,946.1,5,5,24835.45,已送达
TRS-03785,ORD-04561,贵州贞丰,重庆,公路,539.3,2,2,21658.45,已送达
TRS-03786,ORD-04562,福建上杭,合肥,铁路,776.0,3,3,38777.48,已送达
TRS-03787,ORD-04563,福建上杭,佛山,水运,1049.3,5,6,23382.62,已送达
TRS-03788,ORD-04565,黑龙江多宝山,哈尔滨,公路,412.0,1,1,15762.57,已送达
TRS-03789,ORD-04566,新疆阿勒泰,石家庄,铁路,3696.8,7,8,97991.68,已送达
TRS-03790,ORD-04567,福建上杭,苏州,公路,909.6,3,3,44729.12,已送达
TRS-03791,ORD-04568,贵州贞丰,昆明,公路,608.0,2,2,30286.18,已送达
TRS-03792,ORD-04569,福建上杭,汕头,水运,702.7,4,4,21060.61,已送达
TRS-03793,ORD-04570,福建上杭,无锡,公路,886.3,3,3,42707.04,已送达
TRS-03794,ORD-04571,福建上杭,上海,水运,917.6,5,5,19094.94,已送达
TRS-03795,ORD-04573,新疆阿勒泰,天津,铁路,4055.7,7,7,97584.58,已送达
TRS-03796,ORD-04574,贵州贞丰,贵阳,公路,283.4,1,1,10319.59,已送达
TRS-03797,ORD-04576,河南洛阳,银川,铁路,1277.8,4,5,54027.98,已送达
TRS-03798,ORD-04577,福建上杭,温州,公路,677.8,2,2,30710.14,运输中
TRS-03799,ORD-04578,福建上杭,东莞,水运,962.4,5,5,28190.90,已送达
TRS-03800,ORD-04579,新疆阿勒泰,太原,铁路,3168.8,6,7,84350.77,已送达
TRS-03801,ORD-04580,福建上杭,苏州,公路,1055.4,3,3,41923.75,已送达
TRS-03802,ORD-04581,黑龙江多宝山,大连,铁路,1038.8,3,3,42280.42,已送达
TRS-03803,ORD-04582,贵州贞丰,南宁,铁路,756.2,3,4,30859.04,已送达
TRS-03804,ORD-04584,福建上杭,珠海,水运,1032.3,5,5,24339.29,已送达
TRS-03805,ORD-04585,河南洛阳,乌鲁木齐,铁路,3178.6,7,9,78583.91,延误
TRS-03806,ORD-04586,新疆阿勒泰,呼和浩特,铁路,2632.1,6,6,79406.81,已送达
TRS-03807,ORD-04587,福建上杭,上海,公路,985.9,3,3,41631.35,已送达
TRS-03808,ORD-04588,贵州贞丰,成都,公路,655.3,2,2,29020.60,已送达
TRS-03809,ORD-04590,福建上杭,厦门,公路,274.5,1,1,12330.08,已送达
TRS-03810,ORD-04591,福建上杭,杭州,水运,756.2,4,4,17538.56,已送达
TRS-03811,ORD-04592,新疆阿勒泰,北京,铁路,3778.5,7,7,111551.38,已送达
TRS-03812,ORD-04594,福建上杭,广州,水运,1266.4,5,5,24075.12,已送达
TRS-03813,ORD-04595,贵州贞丰,重庆,公路,458.9,2,2,21010.86,已送达
TRS-03814,ORD-04596,黑龙江多宝山,沈阳,铁路,881.9,3,3,30558.08,已送达
TRS-03815,ORD-04597,福建上杭,合肥,公路,922.7,3,3,45316.36,已送达
TRS-03816,ORD-04598,新疆阿勒泰,石家庄,铁路,3425.2,7,8,101158.23,已送达
TRS-03817,ORD-04599,福建上杭,深圳,水运,1018.7,5,5,23872.67,已送达
TRS-03818,ORD-04600,贵州贞丰,昆明,公路,630.7,2,2,30412.30,已送达
TRS-03819,ORD-04601,福建上杭,上海,公路,1039.6,3,3,38512.85,已送达
TRS-03820,ORD-04602,福建上杭,广州,铁路,1029.0,4,4,35510.24,已送达
TRS-03821,ORD-04603,新疆阿勒泰,北京,铁路,3685.0,7,8,101726.28,已送达
TRS-03822,ORD-04604,贵州贞丰,成都,公路,756.1,2,2,24053.18,运输中
TRS-03823,ORD-04605,福建上杭,南京,水运,903.4,5,5,20753.85,已送达
TRS-03824,ORD-04606,新疆阿勒泰,兰州,铁路,3000.9,6,7,85795.29,已送达
TRS-03825,ORD-04608,福建上杭,杭州,公路,1027.8,3,3,48072.82,已送达
TRS-03826,ORD-04609,黑龙江多宝山,沈阳,铁路,927.9,3,3,28549.57,已送达
TRS-03827,ORD-04610,河南洛阳,北京,公路,703.6,2,3,32606.32,已送达
TRS-03828,ORD-04612,贵州贞丰,重庆,公路,543.5,2,2,21818.90,已送达
TRS-03829,ORD-04613,福建上杭,上海,水运,790.6,5,6,20507.65,已送达
TRS-03830,ORD-04614,新疆阿勒泰,天津,铁路,3380.5,7,9,103253.78,延误
TRS-03831,ORD-04615,河南洛阳,西安,公路,607.7,2,2,20632.06,已送达
TRS-03832,ORD-04616,福建上杭,合肥,公路,835.1,3,3,35948.32,已送达
TRS-03833,ORD-04618,福建上杭,深圳,水运,1167.0,5,5,27182.57,已送达
TRS-03834,ORD-04619,贵州贞丰,昆明,公路,580.2,2,2,26635.39,已送达
TRS-03835,ORD-04621,福建上杭,苏州,公路,1058.5,3,4,44673.07,已送达
TRS-03836,ORD-04622,福建上杭,佛山,铁路,996.5,4,4,39457.73,已送达
TRS-03837,ORD-04623,新疆阿勒泰,银川,铁路,2574.1,5,6,67441.75,已送达
TRS-03838,ORD-04624,福建上杭,无锡,公路,1026.9,3,3,41343.38,已送达
TRS-03839,ORD-04625,黑龙江多宝山,长春,铁路,626.9,2,2,23887.52,已送达
TRS-03840,ORD-04626,新疆阿勒泰,石家庄,铁路,3419.6,7,7,94169.36,已送达
TRS-03841,ORD-04628,福建上杭,东莞,水运,985.1,5,5,25911.53,已送达
TRS-03842,ORD-04629,贵州贞丰,武汉,铁路,1117.9,4,5,43503.18,已送达
TRS-03843,ORD-04630,河南洛阳,乌鲁木齐,铁路,3647.3,7,8,81935.13,已送达
TRS-03844,ORD-04631,黑龙江多宝山,哈尔滨,公路,381.2,1,1,16127.88,已送达
TRS-03845,ORD-04633,福建上杭,汕头,公路,711.3,2,2,28710.57,已送达
TRS-03846,ORD-04634,新疆阿勒泰,太原,铁路,3290.7,6,7,97904.53,已送达
TRS-03847,ORD-04635,贵州贞丰,贵阳,公路,309.2,1,1,11209.40,已送达
TRS-03848,ORD-04637,福建上杭,珠海,水运,1077.4,5,5,25382.16,已送达
TRS-03849,ORD-04638,河南洛阳,西宁,铁路,1205.8,4,5,44431.66,已送达
TRS-03850,ORD-04639,福建上杭,温州,公路,615.8,2,2,29588.67,已送达
TRS-03851,ORD-04640,黑龙江多宝山,大连,铁路,786.5,3,4,40029.16,已送达
TRS-03852,ORD-04641,新疆阿勒泰,呼和浩特,铁路,2685.3,6,6,81126.24,已送达
TRS-03853,ORD-04642,贵州贞丰,南宁,铁路,806.4,3,3,34215.01,已送达
TRS-03854,ORD-04643,福建上杭,宁波,水运,652.6,4,4,18110.12,已送达
TRS-03855,ORD-04645,河南洛阳,郑州,公路,168.4,1,1,8877.42,已送达
TRS-03856,ORD-04646,贵州贞丰,成都,公路,589.9,2,3,29783.82,已送达
TRS-03857,ORD-04648,黑龙江多宝山,长春,铁路,661.4,2,2,21513.17,已送达
TRS-03858,ORD-04649,新疆阿勒泰,兰州,铁路,3116.1,6,8,85930.59,延误
TRS-03859,ORD-04650,福建上杭,厦门,公路,282.4,1,1,13777.07,已送达
TRS-03860,ORD-04651,福建上杭,上海,水运,773.6,5,5,19879.02,已送达
TRS-03861,ORD-04652,新疆阿勒泰,北京,铁路,3458.6,7,7,99544.33,已送达
TRS-03862,ORD-04654,福建上杭,广州,水运,1337.8,5,6,22369.41,已送达
TRS-03863,ORD-04655,福建上杭,南京,公路,916.9,3,3,36435.40,已送达
TRS-03864,ORD-04656,黑龙江多宝山,沈阳,铁路,837.8,3,4,28015.23,已送达
TRS-03865,ORD-04657,河南洛阳,西安,铁路,527.2,2,2,20366.17,已送达
TRS-03866,ORD-04658,福建上杭,杭州,公路,841.4,3,3,45620.99,已送达
TRS-03867,ORD-04660,福建上杭,深圳,水运,1106.5,5,5,21646.83,已送达
TRS-03868,ORD-04661,贵州贞丰,重庆,公路,503.4,2,2,19873.22,已送达
TRS-03869,ORD-04662,福建上杭,合肥,铁路,772.2,3,3,34687.62,已送达
TRS-03870,ORD-04663,福建上杭,佛山,水运,1094.2,5,6,29264.05,已送达
TRS-03871,ORD-04665,黑龙江多宝山,哈尔滨,公路,385.1,1,1,13960.27,已送达
TRS-03872,ORD-04666,新疆阿勒泰,石家庄,铁路,3049.8,7,8,84065.55,已送达
TRS-03873,ORD-04667,福建上杭,苏州,公路,891.2,3,3,42497.03,已送达
TRS-03874,ORD-04668,贵州贞丰,昆明,公路,507.6,2,2,27273.74,已送达
TRS-03875,ORD-04669,福建上杭,汕头,水运,692.5,4,4,19658.18,已送达
TRS-03876,ORD-04670,福建上杭,无锡,公路,1031.3,3,3,46460.30,已送达
TRS-03877,ORD-04671,福建上杭,上海,水运,922.1,5,5,20647.86,已送达
TRS-03878,ORD-04673,新疆阿勒泰,天津,铁路,3122.0,7,7,99269.49,已送达
TRS-03879,ORD-04674,贵州贞丰,贵阳,公路,273.7,1,1,12311.87,已送达
TRS-03880,ORD-04676,河南洛阳,银川,铁路,1052.6,4,5,46407.36,已送达
TRS-03881,ORD-04677,福建上杭,温州,公路,707.1,2,2,36432.61,运输中
TRS-03882,ORD-04678,福建上杭,东莞,水运,1024.7,5,5,22609.68,已送达
TRS-03883,ORD-04679,新疆阿勒泰,太原,铁路,3627.4,6,7,85088.49,已送达
TRS-03884,ORD-04680,福建上杭,苏州,公路,936.5,3,3,49264.24,已送达
TRS-03885,ORD-04681,黑龙江多宝山,大连,铁路,1053.5,3,3,41666.22,已送达
TRS-03886,ORD-04682,贵州贞丰,南宁,铁路,858.7,3,4,28080.70,已送达
TRS-03887,ORD-04684,福建上杭,珠海,水运,1205.4,5,5,20737.83,已送达
TRS-03888,ORD-04685,河南洛阳,乌鲁木齐,铁路,3466.8,7,9,85289.25,延误
TRS-03889,ORD-04686,新疆阿勒泰,呼和浩特,铁路,2472.1,6,6,80711.83,已送达
TRS-03890,ORD-04687,福建上杭,上海,公路,939.0,3,3,46159.11,已送达
TRS-03891,ORD-04688,贵州贞丰,成都,公路,680.8,2,2,29766.27,已送达
TRS-03892,ORD-04690,福建上杭,厦门,公路,281.4,1,1,10291.87,已送达
TRS-03893,ORD-04691,福建上杭,杭州,水运,652.0,4,4,19974.62,已送达
TRS-03894,ORD-04692,新疆阿勒泰,北京,铁路,3563.8,7,7,107667.11,已送达
TRS-03895,ORD-04694,福建上杭,广州,水运,1370.1,5,5,29723.33,已送达
TRS-03896,ORD-04695,贵州贞丰,重庆,公路,557.7,2,2,25045.24,已送达
TRS-03897,ORD-04696,黑龙江多宝山,沈阳,铁路,699.2,3,3,33475.81,已送达
TRS-03898,ORD-04697,福建上杭,合肥,公路,835.1,3,3,43005.04,已送达
TRS-03899,ORD-04698,新疆阿勒泰,石家庄,铁路,4007.2,7,8,99819.36,已送达
TRS-03900,ORD-04699,福建上杭,深圳,水运,1062.3,5,5,24114.40,已送达
TRS-03901,ORD-04700,贵州贞丰,昆明,公路,503.3,2,2,28664.56,已送达
TRS-03902,ORD-04701,福建上杭,上海,公路,844.8,3,3,40780.44,已送达
TRS-03903,ORD-04702,福建上杭,广州,铁路,1037.6,4,4,34598.58,已送达
TRS-03904,ORD-04703,新疆阿勒泰,北京,铁路,3129.5,7,8,91615.91,已送达
TRS-03905,ORD-04704,贵州贞丰,成都,公路,607.6,2,2,24815.48,运输中
TRS-03906,ORD-04705,福建上杭,南京,水运,725.9,5,5,25300.79,已送达
TRS-03907,ORD-04706,新疆阿勒泰,兰州,铁路,2896.8,6,7,88200.92,已送达
TRS-03908,ORD-04708,福建上杭,杭州,公路,903.1,3,3,42893.34,已送达
TRS-03909,ORD-04709,黑龙江多宝山,沈阳,铁路,705.5,3,3,29843.17,已送达
TRS-03910,ORD-04710,河南洛阳,北京,公路,811.4,2,3,34296.08,已送达
TRS-03911,ORD-04712,贵州贞丰,重庆,公路,482.6,2,2,21488.57,已送达
TRS-03912,ORD-04713,福建上杭,上海,水运,758.5,5,6,21421.72,已送达
TRS-03913,ORD-04714,新疆阿勒泰,天津,铁路,4086.8,7,9,89725.96,延误
TRS-03914,ORD-04715,河南洛阳,西安,公路,469.5,2,2,22601.76,已送达
TRS-03915,ORD-04716,福建上杭,合肥,公路,989.6,3,3,35052.04,已送达
TRS-03916,ORD-04718,福建上杭,深圳,水运,941.9,5,5,21551.95,已送达
TRS-03917,ORD-04719,贵州贞丰,昆明,公路,494.0,2,2,25888.07,已送达
TRS-03918,ORD-04721,福建上杭,苏州,公路,908.2,3,4,43661.02,已送达
TRS-03919,ORD-04722,福建上杭,佛山,铁路,1174.7,4,4,31675.14,已送达
TRS-03920,ORD-04723,新疆阿勒泰,银川,铁路,2042.6,5,6,65557.58,已送达
TRS-03921,ORD-04724,福建上杭,无锡,公路,1130.1,3,3,47281.90,已送达
TRS-03922,ORD-04725,黑龙江多宝山,长春,铁路,587.8,2,2,29463.70,已送达
TRS-03923,ORD-04726,新疆阿勒泰,石家庄,铁路,3959.2,7,7,95508.24,已送达
TRS-03924,ORD-04728,福建上杭,东莞,水运,1162.7,5,5,22533.65,已送达
TRS-03925,ORD-04729,贵州贞丰,武汉,铁路,1269.2,4,5,40167.08,已送达
TRS-03926,ORD-04730,河南洛阳,乌鲁木齐,铁路,3485.8,7,8,99704.70,已送达
TRS-03927,ORD-04731,黑龙江多宝山,哈尔滨,公路,319.0,1,1,13986.02,已送达
TRS-03928,ORD-04733,福建上杭,汕头,公路,759.5,2,2,26642.46,已送达
TRS-03929,ORD-04734,新疆阿勒泰,太原,铁路,2977.4,6,7,91781.21,已送达
TRS-03930,ORD-04735,贵州贞丰,贵阳,公路,294.5,1,1,11281.87,已送达
TRS-03931,ORD-04737,福建上杭,珠海,水运,1073.7,5,5,25777.60,已送达
TRS-03932,ORD-04738,河南洛阳,西宁,铁路,1538.1,4,5,53723.80,已送达
TRS-03933,ORD-04739,福建上杭,温州,公路,743.9,2,2,34041.82,已送达
TRS-03934,ORD-04740,黑龙江多宝山,大连,铁路,801.0,3,4,38611.87,已送达
TRS-03935,ORD-04741,新疆阿勒泰,呼和浩特,铁路,2584.5,6,6,71718.27,已送达
TRS-03936,ORD-04742,贵州贞丰,南宁,铁路,816.7,3,3,29018.43,已送达
TRS-03937,ORD-04743,福建上杭,宁波,水运,747.1,4,4,19404.38,已送达
TRS-03938,ORD-04745,河南洛阳,郑州,公路,144.6,1,1,7236.13,已送达
TRS-03939,ORD-04746,贵州贞丰,成都,公路,639.2,2,3,24869.07,已送达
TRS-03940,ORD-04748,黑龙江多宝山,长春,铁路,669.8,2,2,21611.35,已送达
TRS-03941,ORD-04749,新疆阿勒泰,兰州,铁路,3146.5,6,8,83227.29,延误
TRS-03942,ORD-04750,福建上杭,厦门,公路,222.8,1,1,11391.17,已送达
TRS-03943,ORD-04751,福建上杭,上海,水运,855.9,5,5,19246.68,已送达
TRS-03944,ORD-04752,新疆阿勒泰,北京,铁路,3574.0,7,7,89433.95,已送达
TRS-03945,ORD-04754,福建上杭,广州,水运,1303.3,5,6,26632.81,已送达
TRS-03946,ORD-04755,福建上杭,南京,公路,869.3,3,3,46941.28,已送达
TRS-03947,ORD-04756,黑龙江多宝山,沈阳,铁路,876.9,3,4,30913.95,已送达
TRS-03948,ORD-04757,河南洛阳,西安,铁路,461.7,2,2,20278.32,已送达
TRS-03949,ORD-04758,福建上杭,杭州,公路,1039.9,3,3,38670.20,已送达
TRS-03950,ORD-04760,福建上杭,深圳,水运,1012.1,5,5,23923.00,已送达
TRS-03951,ORD-04761,贵州贞丰,重庆,公路,408.7,2,2,20774.18,已送达
TRS-03952,ORD-04762,福建上杭,合肥,铁路,874.2,3,3,37504.67,已送达
TRS-03953,ORD-04763,福建上杭,佛山,水运,1132.1,5,6,25153.08,已送达
TRS-03954,ORD-04765,黑龙江多宝山,哈尔滨,公路,387.8,1,1,14581.50,已送达
TRS-03955,ORD-04766,新疆阿勒泰,石家庄,铁路,3180.0,7,8,81372.62,已送达
TRS-03956,ORD-04767,福建上杭,苏州,公路,998.3,3,3,39351.11,已送达
TRS-03957,ORD-04768,贵州贞丰,昆明,公路,596.5,2,2,27844.31,已送达
TRS-03958,ORD-04769,福建上杭,汕头,水运,676.1,4,4,17191.30,已送达
TRS-03959,ORD-04770,福建上杭,无锡,公路,1118.3,3,3,38231.51,已送达
TRS-03960,ORD-04771,福建上杭,上海,水运,994.5,5,5,22453.42,已送达
TRS-03961,ORD-04773,新疆阿勒泰,天津,铁路,3575.5,7,7,92520.13,已送达
TRS-03962,ORD-04774,贵州贞丰,贵阳,公路,243.0,1,1,12808.85,已送达
TRS-03963,ORD-04776,河南洛阳,银川,铁路,1194.9,4,5,42265.20,已送达
TRS-03964,ORD-04777,福建上杭,温州,公路,584.8,2,2,27502.02,运输中
TRS-03965,ORD-04778,福建上杭,东莞,水运,1181.9,5,5,26038.25,已送达
TRS-03966,ORD-04779,新疆阿勒泰,太原,铁路,2975.0,6,7,96238.36,已送达
TRS-03967,ORD-04780,福建上杭,苏州,公路,1115.9,3,3,41898.21,已送达
TRS-03968,ORD-04781,黑龙江多宝山,大连,铁路,893.1,3,3,36637.42,已送达
TRS-03969,ORD-04782,贵州贞丰,南宁,铁路,780.0,3,4,29222.24,已送达
TRS-03970,ORD-04784,福建上杭,珠海,水运,1268.4,5,5,26851.58,已送达
TRS-03971,ORD-04785,河南洛阳,乌鲁木齐,铁路,3085.9,7,9,76394.30,延误
TRS-03972,ORD-04786,新疆阿勒泰,呼和浩特,铁路,2751.4,6,6,74016.85,已送达
TRS-03973,ORD-04787,福建上杭,上海,公路,875.1,3,3,40707.67,已送达
TRS-03974,ORD-04788,贵州贞丰,成都,公路,661.7,2,2,24967.94,已送达
TRS-03975,ORD-04790,福建上杭,厦门,公路,231.3,1,1,12734.80,已送达
TRS-03976,ORD-04791,福建上杭,杭州,水运,777.3,4,4,23411.24,已送达
TRS-03977,ORD-04792,新疆阿勒泰,北京,铁路,3596.3,7,7,102027.24,已送达
TRS-03978,ORD-04794,福建上杭,广州,水运,1052.3,5,5,28686.01,已送达
TRS-03979,ORD-04795,贵州贞丰,重庆,公路,563.6,2,2,24807.84,已送达
TRS-03980,ORD-04796,黑龙江多宝山,沈阳,铁路,740.8,3,3,27400.64,已送达
TRS-03981,ORD-04797,福建上杭,合肥,公路,840.4,3,3,36152.92,已送达
TRS-03982,ORD-04798,新疆阿勒泰,石家庄,铁路,3246.8,7,8,82061.79,已送达
TRS-03983,ORD-04799,福建上杭,深圳,水运,1246.2,5,5,28068.63,已送达
TRS-03984,ORD-04800,贵州贞丰,昆明,公路,615.7,2,2,24524.71,已送达
TRS-03985,ORD-04801,福建上杭,上海,公路,1147.8,3,3,48453.43,已送达
TRS-03986,ORD-04802,福建上杭,广州,铁路,1150.8,4,4,37343.59,已送达
TRS-03987,ORD-04803,新疆阿勒泰,北京,铁路,2995.4,7,8,90797.68,已送达
TRS-03988,ORD-04804,贵州贞丰,成都,公路,607.4,2,2,31949.68,运输中
TRS-03989,ORD-04805,福建上杭,南京,水运,910.2,5,5,22994.29,已送达
TRS-03990,ORD-04806,新疆阿勒泰,兰州,铁路,2405.3,6,7,70463.09,已送达
TRS-03991,ORD-04808,福建上杭,杭州,公路,867.9,3,3,43474.07,已送达
TRS-03992,ORD-04809,黑龙江多宝山,沈阳,铁路,837.0,3,3,33122.05,已送达
TRS-03993,ORD-04810,河南洛阳,北京,公路,858.4,2,3,39173.65,已送达
TRS-03994,ORD-04812,贵州贞丰,重庆,公路,428.2,2,2,21811.64,已送达
TRS-03995,ORD-04813,福建上杭,上海,水运,791.9,5,6,23114.72,已送达
TRS-03996,ORD-04814,新疆阿勒泰,天津,铁路,3570.4,7,9,96999.22,延误
TRS-03997,ORD-04815,河南洛阳,西安,公路,507.8,2,2,28284.36,已送达
TRS-03998,ORD-04816,福建上杭,合肥,公路,927.2,3,3,38437.84,已送达
TRS-03999,ORD-04818,福建上杭,深圳,水运,945.6,5,5,24616.83,已送达
TRS-04000,ORD-04819,贵州贞丰,昆明,公路,503.3,2,2,30391.71,已送达
TRS-04001,ORD-04821,福建上杭,苏州,公路,1032.9,3,4,45820.15,已送达
TRS-04002,ORD-04822,福建上杭,佛山,铁路,1178.1,4,4,32621.98,已送达
TRS-04003,ORD-04823,新疆阿勒泰,银川,铁路,2233.7,5,6,81018.22,已送达
TRS-04004,ORD-04824,福建上杭,无锡,公路,1052.2,3,3,40665.10,已送达
TRS-04005,ORD-04825,黑龙江多宝山,长春,铁路,562.0,2,2,22961.88,已送达
TRS-04006,ORD-04826,新疆阿勒泰,石家庄,铁路,3269.0,7,7,100672.47,已送达
TRS-04007,ORD-04828,福建上杭,东莞,水运,1003.3,5,5,23296.34,已送达
TRS-04008,ORD-04829,贵州贞丰,武汉,铁路,1125.9,4,5,41499.02,已送达
TRS-04009,ORD-04830,河南洛阳,乌鲁木齐,铁路,3454.9,7,8,85297.96,已送达
TRS-04010,ORD-04831,黑龙江多宝山,哈尔滨,公路,362.5,1,1,15924.93,已送达
TRS-04011,ORD-04833,福建上杭,汕头,公路,605.2,2,2,27508.71,已送达
TRS-04012,ORD-04834,新疆阿勒泰,太原,铁路,3333.1,6,7,80631.34,已送达
TRS-04013,ORD-04835,贵州贞丰,贵阳,公路,268.0,1,1,13027.04,已送达
TRS-04014,ORD-04837,福建上杭,珠海,水运,1244.0,5,5,21373.12,已送达
TRS-04015,ORD-04838,河南洛阳,西宁,铁路,1307.8,4,5,46123.64,已送达
TRS-04016,ORD-04839,福建上杭,温州,公路,750.4,2,2,28602.37,已送达
TRS-04017,ORD-04840,黑龙江多宝山,大连,铁路,769.0,3,4,40093.31,已送达
TRS-04018,ORD-04841,新疆阿勒泰,呼和浩特,铁路,2404.1,6,6,84724.69,已送达
TRS-04019,ORD-04842,贵州贞丰,南宁,铁路,889.5,3,3,27424.93,已送达
TRS-04020,ORD-04843,福建上杭,宁波,水运,780.1,4,4,18914.00,已送达
TRS-04021,ORD-04845,河南洛阳,郑州,公路,160.4,1,1,7571.67,已送达
TRS-04022,ORD-04846,贵州贞丰,成都,公路,588.6,2,3,24637.14,已送达
TRS-04023,ORD-04848,黑龙江多宝山,长春,铁路,665.8,2,2,26603.43,已送达
TRS-04024,ORD-04849,新疆阿勒泰,兰州,铁路,2978.4,6,8,82926.93,延误
TRS-04025,ORD-04850,福建上杭,厦门,公路,215.1,1,1,12246.13,已送达
TRS-04026,ORD-04851,福建上杭,上海,水运,890.7,5,5,25435.83,已送达
TRS-04027,ORD-04852,新疆阿勒泰,北京,铁路,4018.3,7,7,88565.56,已送达
TRS-04028,ORD-04854,福建上杭,广州,水运,1084.3,5,6,23743.93,已送达
TRS-04029,ORD-04855,福建上杭,南京,公路,922.1,3,3,43191.16,已送达
TRS-04030,ORD-04856,黑龙江多宝山,沈阳,铁路,688.3,3,4,27590.72,已送达
TRS-04031,ORD-04857,河南洛阳,西安,铁路,473.7,2,2,19304.76,已送达
TRS-04032,ORD-04858,福建上杭,杭州,公路,805.4,3,3,41155.30,已送达
TRS-04033,ORD-04860,福建上杭,深圳,水运,1018.3,5,5,23037.77,已送达
TRS-04034,ORD-04861,贵州贞丰,重庆,公路,521.4,2,2,24953.76,已送达
TRS-04035,ORD-04862,福建上杭,合肥,铁路,762.0,3,3,30716.74,已送达
TRS-04036,ORD-04863,福建上杭,佛山,水运,1038.8,5,6,24249.70,已送达
TRS-04037,ORD-04865,黑龙江多宝山,哈尔滨,公路,346.9,1,1,17174.81,已送达
TRS-04038,ORD-04866,新疆阿勒泰,石家庄,铁路,3979.9,7,8,91151.58,已送达
TRS-04039,ORD-04867,福建上杭,苏州,公路,884.2,3,3,47710.43,已送达
TRS-04040,ORD-04868,贵州贞丰,昆明,公路,511.7,2,2,29080.69,已送达
TRS-04041,ORD-04869,福建上杭,汕头,水运,642.4,4,4,19794.80,已送达
TRS-04042,ORD-04870,福建上杭,无锡,公路,1007.0,3,3,37319.10,已送达
TRS-04043,ORD-04871,福建上杭,上海,水运,928.3,5,5,23541.69,已送达
TRS-04044,ORD-04873,新疆阿勒泰,天津,铁路,3889.7,7,7,97568.41,已送达
TRS-04045,ORD-04874,贵州贞丰,贵阳,公路,262.8,1,1,10632.04,已送达
TRS-04046,ORD-04876,河南洛阳,银川,铁路,1215.5,4,5,50864.74,已送达
TRS-04047,ORD-04877,福建上杭,温州,公路,697.7,2,2,28738.59,运输中
TRS-04048,ORD-04878,福建上杭,东莞,水运,1015.2,5,5,21717.89,已送达
TRS-04049,ORD-04879,新疆阿勒泰,太原,铁路,3529.4,6,7,88650.83,已送达
TRS-04050,ORD-04880,福建上杭,苏州,公路,895.0,3,3,40259.27,已送达
TRS-04051,ORD-04881,黑龙江多宝山,大连,铁路,900.9,3,3,35795.12,已送达
TRS-04052,ORD-04882,贵州贞丰,南宁,铁路,916.5,3,4,34706.05,已送达
TRS-04053,ORD-04884,福建上杭,珠海,水运,1250.0,5,5,25788.22,已送达
TRS-04054,ORD-04885,河南洛阳,乌鲁木齐,铁路,2808.1,7,9,88907.63,延误
TRS-04055,ORD-04886,新疆阿勒泰,呼和浩特,铁路,2344.3,6,6,67435.13,已送达
TRS-04056,ORD-04887,福建上杭,上海,公路,949.8,3,3,51377.40,已送达
TRS-04057,ORD-04888,贵州贞丰,成都,公路,672.6,2,2,25321.83,已送达
TRS-04058,ORD-04890,福建上杭,厦门,公路,256.4,1,1,11745.19,已送达
TRS-04059,ORD-04891,福建上杭,杭州,水运,797.3,4,4,18962.18,已送达
TRS-04060,ORD-04892,新疆阿勒泰,北京,铁路,3001.8,7,7,94581.62,已送达
TRS-04061,ORD-04894,福建上杭,广州,水运,1198.5,5,5,28486.09,已送达
TRS-04062,ORD-04895,贵州贞丰,重庆,公路,544.0,2,2,25113.48,已送达
TRS-04063,ORD-04896,黑龙江多宝山,沈阳,铁路,914.6,3,3,32405.02,已送达
TRS-04064,ORD-04897,福建上杭,合肥,公路,1001.8,3,3,39153.28,已送达
TRS-04065,ORD-04898,新疆阿勒泰,石家庄,铁路,3556.8,7,8,89490.88,已送达
TRS-04066,ORD-04899,福建上杭,深圳,水运,1182.6,5,5,29425.75,已送达
TRS-04067,ORD-04900,贵州贞丰,昆明,公路,607.6,2,2,28831.01,已送达
TRS-04068,ORD-04901,福建上杭,上海,公路,1135.1,3,3,44377.11,已送达
TRS-04069,ORD-04902,福建上杭,广州,铁路,1336.8,4,4,38879.74,已送达
TRS-04070,ORD-04903,新疆阿勒泰,北京,铁路,3171.8,7,8,99647.78,已送达
TRS-04071,ORD-04904,贵州贞丰,成都,公路,591.8,2,2,28912.49,运输中
TRS-04072,ORD-04905,福建上杭,南京,水运,819.7,5,5,25914.99,已送达
TRS-04073,ORD-04906,新疆阿勒泰,兰州,铁路,2481.5,6,7,86074.01,已送达
TRS-04074,ORD-04908,福建上杭,杭州,公路,1058.0,3,3,47497.63,已送达
TRS-04075,ORD-04909,黑龙江多宝山,沈阳,铁路,860.5,3,3,37017.63,已送达
TRS-04076,ORD-04910,河南洛阳,北京,公路,766.0,2,3,32750.69,已送达
TRS-04077,ORD-04912,贵州贞丰,重庆,公路,447.6,2,2,22096.95,已送达
TRS-04078,ORD-04913,福建上杭,上海,水运,832.9,5,6,20990.68,已送达
TRS-04079,ORD-04914,新疆阿勒泰,天津,铁路,3516.3,7,9,107946.31,延误
TRS-04080,ORD-04915,河南洛阳,西安,公路,530.4,2,2,27060.72,已送达
TRS-04081,ORD-04916,福建上杭,合肥,公路,805.7,3,3,34817.08,已送达
TRS-04082,ORD-04918,福建上杭,深圳,水运,1035.9,5,5,24569.80,已送达
TRS-04083,ORD-04919,贵州贞丰,昆明,公路,490.7,2,2,26981.16,已送达
TRS-04084,ORD-04921,福建上杭,苏州,公路,819.0,3,4,44947.50,已送达
TRS-04085,ORD-04922,福建上杭,佛山,铁路,1145.0,4,4,37707.80,已送达
TRS-04086,ORD-04923,新疆阿勒泰,银川,铁路,2183.1,5,6,79134.05,已送达
TRS-04087,ORD-04924,福建上杭,无锡,公路,844.7,3,3,40132.97,已送达
TRS-04088,ORD-04925,黑龙江多宝山,长春,铁路,546.3,2,2,22083.25,已送达
TRS-04089,ORD-04926,新疆阿勒泰,石家庄,铁路,3738.6,7,7,78209.11,已送达
TRS-04090,ORD-04928,福建上杭,东莞,水运,1237.5,5,5,24353.66,已送达
TRS-04091,ORD-04929,贵州贞丰,武汉,铁路,1141.9,4,5,47122.03,已送达
TRS-04092,ORD-04930,河南洛阳,乌鲁木齐,铁路,3004.5,7,8,92520.21,已送达
TRS-04093,ORD-04931,黑龙江多宝山,哈尔滨,公路,334.7,1,1,15026.51,已送达
TRS-04094,ORD-04933,福建上杭,汕头,公路,736.5,2,2,32109.24,已送达
TRS-04095,ORD-04934,新疆阿勒泰,太原,铁路,2890.4,6,7,78053.54,已送达
TRS-04096,ORD-04935,贵州贞丰,贵阳,公路,248.7,1,1,10957.94,已送达
TRS-04097,ORD-04937,福建上杭,珠海,水运,1166.2,5,5,20627.02,已送达
TRS-04098,ORD-04938,河南洛阳,西宁,铁路,1316.2,4,5,46794.59,已送达
TRS-04099,ORD-04939,福建上杭,温州,公路,762.1,2,2,33308.96,已送达
TRS-04100,ORD-04940,黑龙江多宝山,大连,铁路,929.8,3,4,37991.74,已送达
TRS-04101,ORD-04941,新疆阿勒泰,呼和浩特,铁路,2765.9,6,6,90719.54,已送达
TRS-04102,ORD-04942,贵州贞丰,南宁,铁路,858.0,3,3,34461.06,已送达
TRS-04103,ORD-04943,福建上杭,宁波,水运,689.6,4,4,20081.54,已送达
TRS-04104,ORD-04945,河南洛阳,郑州,公路,136.0,1,1,9191.31,已送达
TRS-04105,ORD-04946,贵州贞丰,成都,公路,630.6,2,3,32939.28,已送达
TRS-04106,ORD-04948,黑龙江多宝山,长春,铁路,542.7,2,2,28338.40,已送达
TRS-04107,ORD-04949,新疆阿勒泰,兰州,铁路,2486.9,6,8,82604.91,延误
TRS-04108,ORD-04950,福建上杭,厦门,公路,216.1,1,1,11691.34,已送达
TRS-04109,ORD-04951,福建上杭,上海,水运,862.7,5,5,20668.19,已送达
TRS-04110,ORD-04952,新疆阿勒泰,北京,铁路,3322.4,7,7,107748.62,已送达
TRS-04111,ORD-04954,福建上杭,广州,水运,1049.8,5,6,29860.61,已送达
TRS-04112,ORD-04955,福建上杭,南京,公路,828.4,3,3,43939.60,已送达
TRS-04113,ORD-04956,黑龙江多宝山,沈阳,铁路,819.5,3,4,28613.98,已送达
TRS-04114,ORD-04957,河南洛阳,西安,铁路,610.2,2,2,19565.39,已送达
TRS-04115,ORD-04958,福建上杭,杭州,公路,888.8,3,3,48552.38,已送达
TRS-04116,ORD-04960,福建上杭,深圳,水运,1013.9,5,5,23003.95,已送达
TRS-04117,ORD-04961,贵州贞丰,重庆,公路,441.9,2,2,22277.00,已送达
TRS-04118,ORD-04962,福建上杭,合肥,铁路,842.1,3,3,34568.66,已送达
TRS-04119,ORD-04963,福建上杭,佛山,水运,1085.9,5,6,28322.72,已送达
TRS-04120,ORD-04965,黑龙江多宝山,哈尔滨,公路,375.0,1,1,15665.55,已送达
TRS-04121,ORD-04966,新疆阿勒泰,石家庄,铁路,3420.8,7,8,88167.19,已送达
TRS-04122,ORD-04967,福建上杭,苏州,公路,923.5,3,3,47447.92,已送达
TRS-04123,ORD-04968,贵州贞丰,昆明,公路,495.3,2,2,24365.98,已送达
TRS-04124,ORD-04969,福建上杭,汕头,水运,594.8,4,4,17803.12,已送达
TRS-04125,ORD-04970,福建上杭,无锡,公路,1028.1,3,3,43666.29,已送达
TRS-04126,ORD-04971,福建上杭,上海,水运,811.8,5,5,24952.31,已送达
TRS-04127,ORD-04973,新疆阿勒泰,天津,铁路,3200.8,7,7,107739.34,已送达
TRS-04128,ORD-04974,贵州贞丰,贵阳,公路,285.8,1,1,11604.22,已送达
TRS-04129,ORD-04976,河南洛阳,银川,铁路,1132.9,4,5,43630.61,已送达
TRS-04130,ORD-04977,福建上杭,温州,公路,725.8,2,2,29911.81,运输中
TRS-04131,ORD-04978,福建上杭,东莞,水运,924.6,5,5,24880.34,已送达
TRS-04132,ORD-04979,新疆阿勒泰,太原,铁路,2664.3,6,7,92215.99,已送达
TRS-04133,ORD-04980,福建上杭,苏州,公路,1030.7,3,3,47355.68,已送达
TRS-04134,ORD-04981,黑龙江多宝山,大连,铁路,1019.0,3,3,38445.55,已送达
TRS-04135,ORD-04982,贵州贞丰,南宁,铁路,779.5,3,4,32586.66,已送达
TRS-04136,ORD-04984,福建上杭,珠海,水运,1099.1,5,5,27007.93,已送达
TRS-04137,ORD-04985,河南洛阳,乌鲁木齐,铁路,2922.2,7,9,78851.08,延误
TRS-04138,ORD-04986,新疆阿勒泰,呼和浩特,铁路,3035.4,6,6,78284.54,已送达
TRS-04139,ORD-04987,福建上杭,上海,公路,850.8,3,3,44429.08,已送达
TRS-04140,ORD-04988,贵州贞丰,成都,公路,616.8,2,2,30236.58,已送达
TRS-04141,ORD-04990,福建上杭,厦门,公路,226.2,1,1,12610.45,已送达
TRS-04142,ORD-04991,福建上杭,杭州,水运,668.8,4,4,18396.56,已送达
TRS-04143,ORD-04992,新疆阿勒泰,北京,铁路,3714.3,7,7,83323.84,已送达
TRS-04144,ORD-04994,福建上杭,广州,水运,1404.7,5,5,30510.12,已送达
TRS-04145,ORD-04995,贵州贞丰,重庆,公路,515.5,2,2,18800.91,已送达
TRS-04146,ORD-04996,黑龙江多宝山,沈阳,铁路,882.6,3,3,28577.02,已送达
TRS-04147,ORD-04997,福建上杭,合肥,公路,992.3,3,3,40073.32,已送达
TRS-04148,ORD-04998,新疆阿勒泰,石家庄,铁路,2911.3,7,8,89074.95,已送达
TRS-04149,ORD-04999,福建上杭,深圳,水运,994.2,5,5,26027.57,已送达
TRS-04150,ORD-05000,贵州贞丰,昆明,公路,499.5,2,2,25707.03,已送达
TRS-04151,ORD-05001,福建上杭,上海,公路,1106.2,3,3,46454.62,已送达
TRS-04152,ORD-05002,福建上杭,广州,铁路,1191.1,4,4,39006.39,已送达
TRS-04153,ORD-05003,新疆阿勒泰,北京,铁路,3768.6,7,8,95117.71,已送达
TRS-04154,ORD-05004,贵州贞丰,成都,公路,638.8,2,2,33015.98,运输中
TRS-04155,ORD-05005,福建上杭,南京,水运,812.4,5,5,22400.42,已送达
TRS-04156,ORD-05006,新疆阿勒泰,兰州,铁路,3195.0,6,7,96088.91,已送达
TRS-04157,ORD-05008,福建上杭,杭州,公路,961.6,3,3,36469.23,已送达
TRS-04158,ORD-05009,黑龙江多宝山,沈阳,铁路,687.4,3,3,27818.82,已送达
TRS-04159,ORD-05010,河南洛阳,北京,公路,776.3,2,3,31354.29,已送达
TRS-04160,ORD-05012,贵州贞丰,重庆,公路,496.8,2,2,19696.07,已送达
TRS-04161,ORD-05013,福建上杭,上海,水运,951.4,5,6,21375.29,已送达
TRS-04162,ORD-05014,新疆阿勒泰,天津,铁路,3569.2,7,9,90537.69,延误
TRS-04163,ORD-05015,河南洛阳,西安,公路,572.4,2,2,23860.25,已送达
TRS-04164,ORD-05016,福建上杭,合肥,公路,871.0,3,3,36006.40,已送达
TRS-04165,ORD-05018,福建上杭,深圳,水运,1296.4,5,5,29344.08,已送达
TRS-04166,ORD-05019,贵州贞丰,昆明,公路,538.1,2,2,27263.44,已送达
TRS-04167,ORD-05021,福建上杭,苏州,公路,935.4,3,4,43494.04,已送达
TRS-04168,ORD-05022,福建上杭,佛山,铁路,1344.2,4,4,34653.46,已送达
TRS-04169,ORD-05023,新疆阿勒泰,银川,铁路,2291.0,5,6,62547.19,已送达
TRS-04170,ORD-05024,福建上杭,无锡,公路,869.9,3,3,47592.66,已送达
TRS-04171,ORD-05025,黑龙江多宝山,长春,铁路,675.2,2,2,27487.83,已送达
TRS-04172,ORD-05026,新疆阿勒泰,石家庄,铁路,3215.4,7,7,87890.91,已送达
TRS-04173,ORD-05028,福建上杭,东莞,水运,964.4,5,5,23019.14,已送达
TRS-04174,ORD-05029,贵州贞丰,武汉,铁路,1203.7,4,5,46447.04,已送达
TRS-04175,ORD-05030,河南洛阳,乌鲁木齐,铁路,3106.2,7,8,92168.82,已送达
TRS-04176,ORD-05031,黑龙江多宝山,哈尔滨,公路,345.8,1,1,15211.14,已送达
TRS-04177,ORD-05033,福建上杭,汕头,公路,630.0,2,2,26877.09,已送达
TRS-04178,ORD-05034,新疆阿勒泰,太原,铁路,3291.2,6,7,81489.67,已送达
TRS-04179,ORD-05035,贵州贞丰,贵阳,公路,256.7,1,1,12633.42,已送达
TRS-04180,ORD-05037,福建上杭,珠海,水运,1024.5,5,5,24856.93,已送达
TRS-04181,ORD-05038,河南洛阳,西宁,铁路,1519.8,4,5,56093.60,已送达
TRS-04182,ORD-05039,福建上杭,温州,公路,631.9,2,2,29736.51,已送达
TRS-04183,ORD-05040,黑龙江多宝山,大连,铁路,798.3,3,4,39881.84,已送达
TRS-04184,ORD-05041,新疆阿勒泰,呼和浩特,铁路,2323.9,6,6,91103.06,已送达
TRS-04185,ORD-05042,贵州贞丰,南宁,铁路,891.0,3,3,29133.54,已送达
TRS-04186,ORD-05043,福建上杭,宁波,水运,814.7,4,4,21967.16,已送达
TRS-04187,ORD-05045,河南洛阳,郑州,公路,128.6,1,1,8327.24,已送达
TRS-04188,ORD-05046,贵州贞丰,成都,公路,614.7,2,3,32441.25,已送达
TRS-04189,ORD-05048,黑龙江多宝山,长春,铁路,567.9,2,2,27529.08,已送达
TRS-04190,ORD-05049,新疆阿勒泰,兰州,铁路,2463.7,6,8,82585.97,延误
TRS-04191,ORD-05050,福建上杭,厦门,公路,266.0,1,1,13930.72,已送达
TRS-04192,ORD-05051,福建上杭,上海,水运,859.6,5,5,24098.54,已送达
TRS-04193,ORD-05052,新疆阿勒泰,北京,铁路,3571.8,7,7,90578.22,已送达
TRS-04194,ORD-05054,福建上杭,广州,水运,1387.4,5,6,24157.48,已送达
TRS-04195,ORD-05055,福建上杭,南京,公路,820.4,3,3,45279.40,已送达
TRS-04196,ORD-05056,黑龙江多宝山,沈阳,铁路,730.6,3,4,37286.91,已送达
TRS-04197,ORD-05057,河南洛阳,西安,铁路,561.5,2,2,19584.99,已送达
TRS-04198,ORD-05058,福建上杭,杭州,公路,793.2,3,3,43797.01,已送达
TRS-04199,ORD-05060,福建上杭,深圳,水运,965.2,5,5,22191.33,已送达
TRS-04200,ORD-05061,贵州贞丰,重庆,公路,470.3,2,2,22396.79,已送达
TRS-04201,ORD-05062,福建上杭,合肥,铁路,810.9,3,3,37039.21,已送达
TRS-04202,ORD-05063,福建上杭,佛山,水运,1304.4,5,6,25624.15,已送达
TRS-04203,ORD-05065,黑龙江多宝山,哈尔滨,公路,307.2,1,1,17656.93,已送达
TRS-04204,ORD-05066,新疆阿勒泰,石家庄,铁路,3298.0,7,8,88813.86,已送达
TRS-04205,ORD-05067,福建上杭,苏州,公路,1087.7,3,3,44103.34,已送达
TRS-04206,ORD-05068,贵州贞丰,昆明,公路,554.8,2,2,28272.45,已送达
TRS-04207,ORD-05069,福建上杭,汕头,水运,721.2,4,4,16229.61,已送达
TRS-04208,ORD-05070,福建上杭,无锡,公路,1073.7,3,3,45716.74,已送达
TRS-04209,ORD-05071,福建上杭,上海,水运,934.8,5,5,23392.14,已送达
TRS-04210,ORD-05073,新疆阿勒泰,天津,铁路,3124.4,7,7,106992.28,已送达
TRS-04211,ORD-05074,贵州贞丰,贵阳,公路,299.6,1,1,13792.91,已送达
TRS-04212,ORD-05076,河南洛阳,银川,铁路,1194.7,4,5,53649.41,已送达
TRS-04213,ORD-05077,福建上杭,温州,公路,602.5,2,2,31106.14,运输中
TRS-04214,ORD-05078,福建上杭,东莞,水运,1112.7,5,5,21757.49,已送达
TRS-04215,ORD-05079,新疆阿勒泰,太原,铁路,2784.1,6,7,94030.82,已送达
TRS-04216,ORD-05080,福建上杭,苏州,公路,859.7,3,3,38667.15,已送达
TRS-04217,ORD-05081,黑龙江多宝山,大连,铁路,938.7,3,3,31425.66,已送达
TRS-04218,ORD-05082,贵州贞丰,南宁,铁路,749.0,3,4,34488.51,已送达
TRS-04219,ORD-05084,福建上杭,珠海,水运,1073.9,5,5,25458.82,已送达
TRS-04220,ORD-05085,河南洛阳,乌鲁木齐,铁路,3470.6,7,9,95081.54,延误
TRS-04221,ORD-05086,新疆阿勒泰,呼和浩特,铁路,2915.2,6,6,79177.72,已送达
TRS-04222,ORD-05087,福建上杭,上海,公路,990.1,3,3,44489.97,已送达
TRS-04223,ORD-05088,贵州贞丰,成都,公路,562.0,2,2,25467.82,已送达
TRS-04224,ORD-05090,福建上杭,厦门,公路,285.4,1,1,13765.58,已送达
TRS-04225,ORD-05091,福建上杭,杭州,水运,678.3,4,4,21814.70,已送达
TRS-04226,ORD-05092,新疆阿勒泰,北京,铁路,3425.7,7,7,86161.01,已送达
TRS-04227,ORD-05094,福建上杭,广州,水运,1137.7,5,5,25972.15,已送达
TRS-04228,ORD-05095,贵州贞丰,重庆,公路,477.9,2,2,23869.12,已送达
TRS-04229,ORD-05096,黑龙江多宝山,沈阳,铁路,876.5,3,3,33893.98,已送达
TRS-04230,ORD-05097,福建上杭,合肥,公路,1004.5,3,3,40444.24,已送达
TRS-04231,ORD-05098,新疆阿勒泰,石家庄,铁路,3443.0,7,8,102114.57,已送达
TRS-04232,ORD-05099,福建上杭,深圳,水运,1076.7,5,5,28539.70,已送达
TRS-04233,ORD-05100,贵州贞丰,昆明,公路,544.7,2,2,24082.84,已送达
TRS-04234,ORD-05101,福建上杭,上海,公路,1024.2,3,3,43209.90,已送达
TRS-04235,ORD-05102,福建上杭,广州,铁路,1032.4,4,4,43913.29,已送达
TRS-04236,ORD-05103,新疆阿勒泰,北京,铁路,3451.6,7,8,107328.53,已送达
TRS-04237,ORD-05104,贵州贞丰,成都,公路,665.0,2,2,25691.43,运输中
TRS-04238,ORD-05105,福建上杭,南京,水运,891.6,5,5,23276.70,已送达
TRS-04239,ORD-05106,新疆阿勒泰,兰州,铁路,2891.2,6,7,77712.47,已送达
TRS-04240,ORD-05108,福建上杭,杭州,公路,1083.7,3,3,47788.69,已送达
TRS-04241,ORD-05109,黑龙江多宝山,沈阳,铁路,839.7,3,3,30751.33,已送达
TRS-04242,ORD-05110,河南洛阳,北京,公路,848.2,2,3,30660.14,已送达
TRS-04243,ORD-05112,贵州贞丰,重庆,公路,555.3,2,2,25789.39,已送达
TRS-04244,ORD-05113,福建上杭,上海,水运,795.4,5,6,19617.15,已送达
TRS-04245,ORD-05114,新疆阿勒泰,天津,铁路,3615.9,7,9,105003.37,延误
TRS-04246,ORD-05115,河南洛阳,西安,公路,519.8,2,2,22814.02,已送达
TRS-04247,ORD-05116,福建上杭,合肥,公路,969.3,3,3,36271.72,已送达
TRS-04248,ORD-05118,福建上杭,深圳,水运,1240.3,5,5,26049.85,已送达
TRS-04249,ORD-05119,贵州贞丰,昆明,公路,487.4,2,2,27394.72,已送达
TRS-04250,ORD-05121,福建上杭,苏州,公路,933.7,3,4,49056.66,已送达
TRS-04251,ORD-05122,福建上杭,佛山,铁路,1193.4,4,4,35937.68,已送达
TRS-04252,ORD-05123,新疆阿勒泰,银川,铁路,2247.4,5,6,72029.81,已送达
TRS-04253,ORD-05124,福建上杭,无锡,公路,1005.5,3,3,50398.02,已送达
TRS-04254,ORD-05125,黑龙江多宝山,长春,铁路,659.5,2,2,25751.20,已送达
TRS-04255,ORD-05126,新疆阿勒泰,石家庄,铁路,3173.3,7,7,84712.22,已送达
TRS-04256,ORD-05128,福建上杭,东莞,水运,927.5,5,5,20743.73,已送达
TRS-04257,ORD-05129,贵州贞丰,武汉,铁路,935.1,4,5,41181.63,已送达
TRS-04258,ORD-05130,河南洛阳,乌鲁木齐,铁路,3247.2,7,8,82385.25,已送达
TRS-04259,ORD-05131,黑龙江多宝山,哈尔滨,公路,392.7,1,1,15564.08,已送达
TRS-04260,ORD-05133,福建上杭,汕头,公路,683.4,2,2,34661.46,已送达
TRS-04261,ORD-05134,新疆阿勒泰,太原,铁路,3105.5,6,7,98030.75,已送达
TRS-04262,ORD-05135,贵州贞丰,贵阳,公路,299.7,1,1,13111.39,已送达
TRS-04263,ORD-05137,福建上杭,珠海,水运,991.7,5,5,20285.47,已送达
TRS-04264,ORD-05138,河南洛阳,西宁,铁路,1278.4,4,5,47676.62,已送达
TRS-04265,ORD-05139,福建上杭,温州,公路,609.8,2,2,36639.58,已送达
TRS-04266,ORD-05140,黑龙江多宝山,大连,铁路,809.9,3,4,37419.12,已送达
TRS-04267,ORD-05141,新疆阿勒泰,呼和浩特,铁路,2706.4,6,6,70451.86,已送达
TRS-04268,ORD-05142,贵州贞丰,南宁,铁路,844.3,3,3,27907.52,已送达
TRS-04269,ORD-05143,福建上杭,宁波,水运,872.3,4,4,21244.46,已送达
TRS-04270,ORD-05145,河南洛阳,郑州,公路,161.5,1,1,9216.13,已送达
TRS-04271,ORD-05146,贵州贞丰,成都,公路,652.7,2,3,30719.84,已送达
TRS-04272,ORD-05148,黑龙江多宝山,长春,铁路,689.3,2,2,25977.25,已送达
TRS-04273,ORD-05149,新疆阿勒泰,兰州,铁路,3293.9,6,8,92871.48,延误
TRS-04274,ORD-05150,福建上杭,厦门,公路,283.4,1,1,12666.29,已送达
TRS-04275,ORD-05151,福建上杭,上海,水运,856.3,5,5,22455.60,已送达
TRS-04276,ORD-05152,新疆阿勒泰,北京,铁路,3410.0,7,7,99027.05,已送达
TRS-04277,ORD-05154,福建上杭,广州,水运,1127.4,5,6,25057.53,已送达
TRS-04278,ORD-05155,福建上杭,南京,公路,998.1,3,3,46386.88,已送达
TRS-04279,ORD-05156,黑龙江多宝山,沈阳,铁路,918.8,3,4,35961.63,已送达
TRS-04280,ORD-05157,河南洛阳,西安,铁路,571.2,2,2,22087.52,已送达
TRS-04281,ORD-05158,福建上杭,杭州,公路,822.7,3,3,48643.85,已送达
TRS-04282,ORD-05160,福建上杭,深圳,水运,978.3,5,5,22091.50,已送达
TRS-04283,ORD-05161,贵州贞丰,重庆,公路,554.9,2,2,24552.29,已送达
TRS-04284,ORD-05162,福建上杭,合肥,铁路,809.7,3,3,30505.37,已送达
TRS-04285,ORD-05163,福建上杭,佛山,水运,1164.5,5,6,28311.17,已送达
TRS-04286,ORD-05165,黑龙江多宝山,哈尔滨,公路,345.7,1,1,16187.28,已送达
TRS-04287,ORD-05166,新疆阿勒泰,石家庄,铁路,3851.9,7,8,92192.92,已送达
TRS-04288,ORD-05167,福建上杭,苏州,公路,992.2,3,3,43522.97,已送达
TRS-04289,ORD-05168,贵州贞丰,昆明,公路,536.7,2,2,23763.66,已送达
TRS-04290,ORD-05169,福建上杭,汕头,水运,717.2,4,4,15473.45,已送达
TRS-04291,ORD-05170,福建上杭,无锡,公路,899.7,3,3,38078.26,已送达
TRS-04292,ORD-05171,福建上杭,上海,水运,840.7,5,5,19471.01,已送达
TRS-04293,ORD-05173,新疆阿勒泰,天津,铁路,3655.8,7,7,90618.54,已送达
TRS-04294,ORD-05174,贵州贞丰,贵阳,公路,317.6,1,1,13244.45,已送达
TRS-04295,ORD-05176,河南洛阳,银川,铁路,1319.3,4,5,47530.42,已送达
TRS-04296,ORD-05177,福建上杭,温州,公路,657.6,2,2,33580.35,运输中
TRS-04297,ORD-05178,福建上杭,东莞,水运,954.4,5,5,20725.51,已送达
TRS-04298,ORD-05179,新疆阿勒泰,太原,铁路,2897.7,6,7,84984.70,已送达
TRS-04299,ORD-05180,福建上杭,苏州,公路,984.8,3,3,36568.45,已送达
TRS-04300,ORD-05181,黑龙江多宝山,大连,铁路,976.4,3,3,38314.87,已送达
TRS-04301,ORD-05182,贵州贞丰,南宁,铁路,881.0,3,4,29750.24,已送达
TRS-04302,ORD-05184,福建上杭,珠海,水运,1153.4,5,5,22610.29,已送达
TRS-04303,ORD-05185,河南洛阳,乌鲁木齐,铁路,3258.7,7,9,95758.17,延误
TRS-04304,ORD-05186,新疆阿勒泰,呼和浩特,铁路,3053.1,6,6,70588.28,已送达
TRS-04305,ORD-05187,福建上杭,上海,公路,878.1,3,3,43481.65,已送达
TRS-04306,ORD-05188,贵州贞丰,成都,公路,652.4,2,2,30190.38,已送达
TRS-04307,ORD-05190,福建上杭,厦门,公路,246.8,1,1,13560.06,已送达
TRS-04308,ORD-05191,福建上杭,杭州,水运,809.9,4,4,18419.00,已送达
TRS-04309,ORD-05192,新疆阿勒泰,北京,铁路,3678.0,7,7,81323.71,已送达
TRS-04310,ORD-05194,福建上杭,广州,水运,1103.8,5,5,29533.71,已送达
TRS-04311,ORD-05195,贵州贞丰,重庆,公路,421.0,2,2,24003.43,已送达
TRS-04312,ORD-05196,黑龙江多宝山,沈阳,铁路,938.8,3,3,30978.37,已送达
TRS-04313,ORD-05197,福建上杭,合肥,公路,752.0,3,3,36886.84,已送达
TRS-04314,ORD-05198,新疆阿勒泰,石家庄,铁路,3036.3,7,8,103447.38,已送达
TRS-04315,ORD-05199,福建上杭,深圳,水运,1102.0,5,5,26408.72,已送达
TRS-04316,ORD-05200,贵州贞丰,昆明,公路,542.2,2,2,26532.43,已送达
TRS-04317,ORD-05201,福建上杭,上海,公路,1101.6,3,3,46225.93,已送达
TRS-04318,ORD-05202,福建上杭,广州,铁路,1411.6,4,4,44070.04,已送达
TRS-04319,ORD-05203,新疆阿勒泰,北京,铁路,3613.1,7,8,99688.54,已送达
TRS-04320,ORD-05204,贵州贞丰,成都,公路,667.2,2,2,27976.48,运输中
TRS-04321,ORD-05205,福建上杭,南京,水运,851.1,5,5,22062.11,已送达
TRS-04322,ORD-05206,新疆阿勒泰,兰州,铁路,3301.6,6,7,86038.83,已送达
TRS-04323,ORD-05208,福建上杭,杭州,公路,936.7,3,3,35950.87,已送达
TRS-04324,ORD-05209,黑龙江多宝山,沈阳,铁路,937.5,3,3,30431.36,已送达
TRS-04325,ORD-05210,河南洛阳,北京,公路,651.2,2,3,30437.22,已送达
TRS-04326,ORD-05212,贵州贞丰,重庆,公路,417.3,2,2,24881.16,已送达
TRS-04327,ORD-05213,福建上杭,上海,水运,761.5,5,6,19935.24,已送达
TRS-04328,ORD-05214,新疆阿勒泰,天津,铁路,3223.0,7,9,89819.74,延误
TRS-04329,ORD-05215,河南洛阳,西安,公路,529.3,2,2,25480.68,已送达
TRS-04330,ORD-05216,福建上杭,合肥,公路,813.0,3,3,42508.72,已送达
TRS-04331,ORD-05218,福建上杭,深圳,水运,1093.6,5,5,22593.92,已送达
TRS-04332,ORD-05219,贵州贞丰,昆明,公路,504.1,2,2,26640.54,已送达
TRS-04333,ORD-05221,福建上杭,苏州,公路,1115.1,3,4,47730.98,已送达
TRS-04334,ORD-05222,福建上杭,佛山,铁路,1205.9,4,4,40971.24,已送达
TRS-04335,ORD-05223,新疆阿勒泰,银川,铁路,2174.7,5,6,82586.38,已送达
TRS-04336,ORD-05224,福建上杭,无锡,公路,924.1,3,3,42850.36,已送达
TRS-04337,ORD-05225,黑龙江多宝山,长春,铁路,521.2,2,2,24225.77,已送达
TRS-04338,ORD-05226,新疆阿勒泰,石家庄,铁路,3763.1,7,7,88516.33,已送达
TRS-04339,ORD-05228,福建上杭,东莞,水运,1154.5,5,5,26613.24,已送达
TRS-04340,ORD-05229,贵州贞丰,武汉,铁路,1050.9,4,5,43223.21,已送达
TRS-04341,ORD-05230,河南洛阳,乌鲁木齐,铁路,3069.2,7,8,77457.16,已送达
TRS-04342,ORD-05231,黑龙江多宝山,哈尔滨,公路,387.1,1,1,15483.39,已送达
TRS-04343,ORD-05233,福建上杭,汕头,公路,680.8,2,2,26657.31,已送达
TRS-04344,ORD-05234,新疆阿勒泰,太原,铁路,3143.6,6,7,79251.28,已送达
TRS-04345,ORD-05235,贵州贞丰,贵阳,公路,250.9,1,1,10351.67,已送达
TRS-04346,ORD-05237,福建上杭,珠海,水运,1035.4,5,5,25450.47,已送达
TRS-04347,ORD-05238,河南洛阳,西宁,铁路,1473.9,4,5,56961.89,已送达
TRS-04348,ORD-05239,福建上杭,温州,公路,734.9,2,2,31453.57,已送达
TRS-04349,ORD-05240,黑龙江多宝山,大连,铁路,970.9,3,4,42417.04,已送达
TRS-04350,ORD-05241,新疆阿勒泰,呼和浩特,铁路,2416.1,6,6,69126.25,已送达
TRS-04351,ORD-05242,贵州贞丰,南宁,铁路,886.3,3,3,33258.27,已送达
TRS-04352,ORD-05243,福建上杭,宁波,水运,876.0,4,4,22390.88,已送达
TRS-04353,ORD-05245,河南洛阳,郑州,公路,136.6,1,1,7790.26,已送达
TRS-04354,ORD-05246,贵州贞丰,成都,公路,713.9,2,3,30665.32,已送达
TRS-04355,ORD-05248,黑龙江多宝山,长春,铁路,624.5,2,2,25662.93,已送达
TRS-04356,ORD-05249,新疆阿勒泰,兰州,铁路,3244.1,6,8,93913.29,延误
TRS-04357,ORD-05250,福建上杭,厦门,公路,275.3,1,1,10600.36,已送达
TRS-04358,ORD-05251,福建上杭,上海,水运,856.1,5,5,20072.14,已送达
TRS-04359,ORD-05252,新疆阿勒泰,北京,铁路,4063.1,7,7,92139.46,已送达
TRS-04360,ORD-05254,福建上杭,广州,水运,1314.5,5,6,27495.10,已送达
TRS-04361,ORD-05255,福建上杭,南京,公路,839.0,3,3,45424.60,已送达
TRS-04362,ORD-05256,黑龙江多宝山,沈阳,铁路,743.3,3,4,32520.13,已送达
TRS-04363,ORD-05257,河南洛阳,西安,铁路,588.6,2,2,23111.90,已送达
TRS-04364,ORD-05258,福建上杭,杭州,公路,1072.0,3,3,45629.30,已送达
TRS-04365,ORD-05260,福建上杭,深圳,水运,979.2,5,5,21298.67,已送达
TRS-04366,ORD-05261,贵州贞丰,重庆,公路,500.5,2,2,25444.54,已送达
TRS-04367,ORD-05262,福建上杭,合肥,铁路,781.1,3,3,30111.51,已送达
TRS-04368,ORD-05263,福建上杭,佛山,水运,1170.7,5,6,27803.80,已送达
TRS-04369,ORD-05265,黑龙江多宝山,哈尔滨,公路,370.4,1,1,13426.66,已送达
TRS-04370,ORD-05266,新疆阿勒泰,石家庄,铁路,3484.9,7,8,89536.42,已送达
TRS-04371,ORD-05267,福建上杭,苏州,公路,1118.3,3,3,37192.81,已送达
TRS-04372,ORD-05268,贵州贞丰,昆明,公路,540.6,2,2,25027.50,已送达
TRS-04373,ORD-05269,福建上杭,汕头,水运,666.7,4,4,15491.86,已送达
TRS-04374,ORD-05270,福建上杭,无锡,公路,1043.9,3,3,39277.32,已送达
TRS-04375,ORD-05271,福建上杭,上海,水运,766.4,5,5,19153.75,已送达
TRS-04376,ORD-05273,新疆阿勒泰,天津,铁路,3827.4,7,7,84800.58,已送达
TRS-04377,ORD-05274,贵州贞丰,贵阳,公路,297.7,1,1,12784.69,已送达
TRS-04378,ORD-05276,河南洛阳,银川,铁路,1310.1,4,5,45003.94,已送达
TRS-04379,ORD-05277,福建上杭,温州,公路,781.6,2,2,33499.04,运输中
TRS-04380,ORD-05278,福建上杭,东莞,水运,1173.6,5,5,25186.85,已送达
TRS-04381,ORD-05279,新疆阿勒泰,太原,铁路,3013.4,6,7,76409.81,已送达
TRS-04382,ORD-05280,福建上杭,苏州,公路,861.2,3,3,45554.97,已送达
TRS-04383,ORD-05281,黑龙江多宝山,大连,铁路,995.6,3,3,31352.00,已送达
TRS-04384,ORD-05282,贵州贞丰,南宁,铁路,719.4,3,4,32801.02,已送达
TRS-04385,ORD-05284,福建上杭,珠海,水运,942.8,5,5,21146.18,已送达
TRS-04386,ORD-05285,河南洛阳,乌鲁木齐,铁路,3448.9,7,9,78859.79,延误
TRS-04387,ORD-05286,新疆阿勒泰,呼和浩特,铁路,2878.0,6,6,75208.61,已送达
TRS-04388,ORD-05287,福建上杭,上海,公路,1058.9,3,3,42722.82,已送达
TRS-04389,ORD-05288,贵州贞丰,成都,公路,659.8,2,2,25872.53,已送达
TRS-04390,ORD-05290,福建上杭,厦门,公路,247.2,1,1,13406.81,已送达
TRS-04391,ORD-05291,福建上杭,杭州,水运,682.2,4,4,20506.58,已送达
TRS-04392,ORD-05292,新疆阿勒泰,北京,铁路,4015.0,7,7,90380.72,已送达
TRS-04393,ORD-05294,福建上杭,广州,水运,1308.9,5,5,25613.51,已送达
TRS-04394,ORD-05295,贵州贞丰,重庆,公路,435.3,2,2,21439.92,已送达
TRS-04395,ORD-05296,黑龙江多宝山,沈阳,铁路,799.1,3,3,35763.10,已送达
TRS-04396,ORD-05297,福建上杭,合肥,公路,954.8,3,3,40035.04,已送达
TRS-04397,ORD-05298,新疆阿勒泰,石家庄,铁路,3601.2,7,8,82556.66,已送达
TRS-04398,ORD-05299,福建上杭,深圳,水运,1112.2,5,5,29019.85,已送达
TRS-04399,ORD-05300,贵州贞丰,昆明,公路,621.6,2,2,23507.98,已送达
TRS-04400,ORD-05301,福建上杭,上海,公路,917.1,3,3,49467.69,已送达
TRS-04401,ORD-05302,福建上杭,广州,铁路,1336.0,4,4,40469.81,已送达
TRS-04402,ORD-05303,新疆阿勒泰,北京,铁路,3360.8,7,8,96650.72,已送达
TRS-04403,ORD-05304,贵州贞丰,成都,公路,751.1,2,2,25708.06,运输中
TRS-04404,ORD-05305,福建上杭,南京,水运,960.3,5,5,23310.10,已送达
TRS-04405,ORD-05306,新疆阿勒泰,兰州,铁路,2569.1,6,7,76538.06,已送达
TRS-04406,ORD-05308,福建上杭,杭州,公路,973.4,3,3,39930.07,已送达
TRS-04407,ORD-05309,黑龙江多宝山,沈阳,铁路,758.2,3,3,34411.42,已送达
TRS-04408,ORD-05310,河南洛阳,北京,公路,853.4,2,3,30260.51,已送达
TRS-04409,ORD-05312,贵州贞丰,重庆,公路,461.3,2,2,20520.08,已送达
TRS-04410,ORD-05313,福建上杭,上海,水运,744.6,5,6,22091.16,已送达
TRS-04411,ORD-05314,新疆阿勒泰,天津,铁路,4220.1,7,9,115306.90,延误
TRS-04412,ORD-05315,河南洛阳,西安,公路,485.8,2,2,25486.22,已送达
TRS-04413,ORD-05316,福建上杭,合肥,公路,942.9,3,3,36944.92,已送达
TRS-04414,ORD-05318,福建上杭,深圳,水运,1045.6,5,5,23827.30,已送达
TRS-04415,ORD-05319,贵州贞丰,昆明,公路,507.8,2,2,25014.63,已送达
TRS-04416,ORD-05321,福建上杭,苏州,公路,989.9,3,4,46695.70,已送达
TRS-04417,ORD-05322,福建上杭,佛山,铁路,1211.7,4,4,30622.57,已送达
TRS-04418,ORD-05323,新疆阿勒泰,银川,铁路,2452.8,5,6,70513.92,已送达
TRS-04419,ORD-05324,福建上杭,无锡,公路,958.3,3,3,50241.93,已送达
TRS-04420,ORD-05325,黑龙江多宝山,长春,铁路,600.2,2,2,26383.15,已送达
TRS-04421,ORD-05326,新疆阿勒泰,石家庄,铁路,3985.0,7,7,99618.98,已送达
TRS-04422,ORD-05328,福建上杭,东莞,水运,1081.6,5,5,27074.98,已送达
TRS-04423,ORD-05329,贵州贞丰,武汉,铁路,1012.9,4,5,48535.75,已送达
TRS-04424,ORD-05330,河南洛阳,乌鲁木齐,铁路,2765.8,7,8,91695.47,已送达
TRS-04425,ORD-05331,黑龙江多宝山,哈尔滨,公路,343.2,1,1,14917.60,已送达
TRS-04426,ORD-05333,福建上杭,汕头,公路,608.5,2,2,27994.80,已送达
TRS-04427,ORD-05334,新疆阿勒泰,太原,铁路,3216.6,6,7,91304.36,已送达
TRS-04428,ORD-05335,贵州贞丰,贵阳,公路,323.5,1,1,11342.86,已送达
TRS-04429,ORD-05337,福建上杭,珠海,水运,1245.6,5,5,21316.19,已送达
TRS-04430,ORD-05338,河南洛阳,西宁,铁路,1529.7,4,5,58676.18,已送达
TRS-04431,ORD-05339,福建上杭,温州,公路,599.7,2,2,37596.32,已送达
TRS-04432,ORD-05340,黑龙江多宝山,大连,铁路,825.2,3,4,41037.77,已送达
TRS-04433,ORD-05341,新疆阿勒泰,呼和浩特,铁路,2977.0,6,6,82822.51,已送达
TRS-04434,ORD-05342,贵州贞丰,南宁,铁路,831.5,3,3,31322.62,已送达
TRS-04435,ORD-05343,福建上杭,宁波,水运,677.4,4,4,20316.50,已送达
TRS-04436,ORD-05345,河南洛阳,郑州,公路,130.8,1,1,8201.84,已送达
TRS-04437,ORD-05346,贵州贞丰,成都,公路,690.4,2,3,26046.24,已送达
TRS-04438,ORD-05348,黑龙江多宝山,长春,铁路,691.2,2,2,24361.90,已送达
TRS-04439,ORD-05349,新疆阿勒泰,兰州,铁路,3072.0,6,8,94413.90,延误
TRS-04440,ORD-05350,福建上杭,厦门,公路,259.8,1,1,10387.70,已送达
TRS-04441,ORD-05351,福建上杭,上海,水运,962.7,5,5,23435.70,已送达
TRS-04442,ORD-05352,新疆阿勒泰,北京,铁路,3694.3,7,7,108814.52,已送达
TRS-04443,ORD-05354,福建上杭,广州,水运,1224.9,5,6,26939.98,已送达
TRS-04444,ORD-05355,福建上杭,南京,公路,917.3,3,3,42519.28,已送达
TRS-04445,ORD-05356,黑龙江多宝山,沈阳,铁路,771.0,3,4,29589.73,已送达
TRS-04446,ORD-05357,河南洛阳,西安,铁路,603.0,2,2,20898.33,已送达
TRS-04447,ORD-05358,福建上杭,杭州,公路,1033.9,3,3,49079.06,已送达
TRS-04448,ORD-05360,福建上杭,深圳,水运,1104.4,5,5,23046.85,已送达
TRS-04449,ORD-05361,贵州贞丰,重庆,公路,555.9,2,2,23069.79,已送达
TRS-04450,ORD-05362,福建上杭,合肥,铁路,777.6,3,3,35848.40,已送达
TRS-04451,ORD-05363,福建上杭,佛山,水运,1283.4,5,6,23534.42,已送达
TRS-04452,ORD-05365,黑龙江多宝山,哈尔滨,公路,305.1,1,1,17564.37,已送达
TRS-04453,ORD-05366,新疆阿勒泰,石家庄,铁路,3850.3,7,8,107002.53,已送达
TRS-04454,ORD-05367,福建上杭,苏州,公路,1025.2,3,3,46647.60,已送达
TRS-04455,ORD-05368,贵州贞丰,昆明,公路,561.2,2,2,26421.75,已送达
TRS-04456,ORD-05369,福建上杭,汕头,水运,657.9,4,4,16959.64,已送达
TRS-04457,ORD-05370,福建上杭,无锡,公路,877.4,3,3,49802.04,已送达
TRS-04458,ORD-05371,福建上杭,上海,水运,730.7,5,5,20366.90,已送达
TRS-04459,ORD-05373,新疆阿勒泰,天津,铁路,3187.9,7,7,102422.64,已送达
TRS-04460,ORD-05374,贵州贞丰,贵阳,公路,247.8,1,1,14054.66,已送达
TRS-04461,ORD-05376,河南洛阳,银川,铁路,1109.6,4,5,55535.95,已送达
TRS-04462,ORD-05377,福建上杭,温州,公路,750.5,2,2,32915.07,运输中
TRS-04463,ORD-05378,福建上杭,东莞,水运,1039.7,5,5,25700.86,已送达
TRS-04464,ORD-05379,新疆阿勒泰,太原,铁路,3253.1,6,7,77820.73,已送达
TRS-04465,ORD-05380,福建上杭,苏州,公路,820.4,3,3,45522.34,已送达
TRS-04466,ORD-05381,黑龙江多宝山,大连,铁路,899.8,3,3,36796.61,已送达
TRS-04467,ORD-05382,贵州贞丰,南宁,铁路,680.3,3,4,31120.93,已送达
TRS-04468,ORD-05384,福建上杭,珠海,水运,1149.4,5,5,22912.37,已送达
TRS-04469,ORD-05385,河南洛阳,乌鲁木齐,铁路,2975.0,7,9,102117.93,延误
TRS-04470,ORD-05386,新疆阿勒泰,呼和浩特,铁路,2555.9,6,6,91206.02,已送达
TRS-04471,ORD-05387,福建上杭,上海,公路,1066.4,3,3,47131.78,已送达
TRS-04472,ORD-05388,贵州贞丰,成都,公路,588.2,2,2,27002.58,已送达
TRS-04473,ORD-05390,福建上杭,厦门,公路,241.6,1,1,13847.56,已送达
TRS-04474,ORD-05391,福建上杭,杭州,水运,808.7,4,4,17913.44,已送达
TRS-04475,ORD-05392,新疆阿勒泰,北京,铁路,3955.0,7,7,84791.01,已送达
TRS-04476,ORD-05394,福建上杭,广州,水运,1105.1,5,5,29614.36,已送达
TRS-04477,ORD-05395,贵州贞丰,重庆,公路,410.9,2,2,24443.39,已送达
TRS-04478,ORD-05396,黑龙江多宝山,沈阳,铁路,908.7,3,3,34097.79,已送达
TRS-04479,ORD-05397,福建上杭,合肥,公路,960.1,3,3,37491.40,已送达
TRS-04480,ORD-05398,新疆阿勒泰,石家庄,铁路,3291.5,7,8,107448.82,已送达
TRS-04481,ORD-05399,福建上杭,深圳,水运,1014.4,5,5,22598.88,已送达
TRS-04482,ORD-05400,贵州贞丰,昆明,公路,629.7,2,2,26657.70,已送达
TRS-04483,ORD-05401,福建上杭,上海,公路,913.6,3,3,39522.64,已送达
TRS-04484,ORD-05402,福建上杭,广州,铁路,1333.5,4,4,34838.10,已送达
TRS-04485,ORD-05403,新疆阿勒泰,北京,铁路,3595.4,7,8,84295.68,已送达
TRS-04486,ORD-05404,贵州贞丰,成都,公路,753.8,2,2,28954.07,运输中
TRS-04487,ORD-05405,福建上杭,南京,水运,892.0,5,5,23663.66,已送达
TRS-04488,ORD-05406,新疆阿勒泰,兰州,铁路,2797.6,6,7,77850.47,已送达
TRS-04489,ORD-05408,福建上杭,杭州,公路,922.6,3,3,43515.65,已送达
TRS-04490,ORD-05409,黑龙江多宝山,沈阳,铁路,839.4,3,3,33255.10,已送达
TRS-04491,ORD-05410,河南洛阳,北京,公路,642.0,2,3,40395.64,已送达
TRS-04492,ORD-05412,贵州贞丰,重庆,公路,456.5,2,2,22672.67,已送达
TRS-04493,ORD-05413,福建上杭,上海,水运,739.2,5,6,19770.30,已送达
TRS-04494,ORD-05414,新疆阿勒泰,天津,铁路,4071.5,7,9,96035.49,延误
TRS-04495,ORD-05415,河南洛阳,西安,公路,493.6,2,2,23388.22,已送达
TRS-04496,ORD-05416,福建上杭,合肥,公路,806.5,3,3,37564.00,已送达
TRS-04497,ORD-05418,福建上杭,深圳,水运,1167.9,5,5,27677.57,已送达
TRS-04498,ORD-05419,贵州贞丰,昆明,公路,595.1,2,2,26587.34,已送达
TRS-04499,ORD-05421,福建上杭,苏州,公路,858.6,3,4,38481.74,已送达
TRS-04500,ORD-05422,福建上杭,佛山,铁路,1178.3,4,4,33707.81,已送达
TRS-04501,ORD-05423,新疆阿勒泰,银川,铁路,2386.5,5,6,79930.01,已送达
TRS-04502,ORD-05424,福建上杭,无锡,公路,1092.6,3,3,50322.81,已送达
TRS-04503,ORD-05425,黑龙江多宝山,长春,铁路,688.2,2,2,22178.12,已送达
TRS-04504,ORD-05426,新疆阿勒泰,石家庄,铁路,3388.2,7,7,102985.90,已送达
TRS-04505,ORD-05428,福建上杭,东莞,水运,1017.5,5,5,21153.19,已送达
TRS-04506,ORD-05429,贵州贞丰,武汉,铁路,1058.3,4,5,43469.92,已送达
TRS-04507,ORD-05430,河南洛阳,乌鲁木齐,铁路,3548.4,7,8,79263.45,已送达
TRS-04508,ORD-05431,黑龙江多宝山,哈尔滨,公路,360.2,1,1,15094.32,已送达
TRS-04509,ORD-05433,福建上杭,汕头,公路,572.1,2,2,26310.81,已送达
TRS-04510,ORD-05434,新疆阿勒泰,太原,铁路,3199.9,6,7,81141.85,已送达
TRS-04511,ORD-05435,贵州贞丰,贵阳,公路,248.8,1,1,10807.07,已送达
TRS-04512,ORD-05437,福建上杭,珠海,水运,1007.0,5,5,24647.44,已送达
TRS-04513,ORD-05438,河南洛阳,西宁,铁路,1207.7,4,5,53286.22,已送达
TRS-04514,ORD-05439,福建上杭,温州,公路,752.4,2,2,28921.28,已送达
TRS-04515,ORD-05440,黑龙江多宝山,大连,铁路,985.9,3,4,32321.41,已送达
TRS-04516,ORD-05441,新疆阿勒泰,呼和浩特,铁路,2555.6,6,6,78552.24,已送达
TRS-04517,ORD-05442,贵州贞丰,南宁,铁路,942.6,3,3,30455.65,已送达
TRS-04518,ORD-05443,福建上杭,宁波,水运,664.7,4,4,21040.52,已送达
TRS-04519,ORD-05445,河南洛阳,郑州,公路,155.9,1,1,7984.04,已送达
TRS-04520,ORD-05446,贵州贞丰,成都,公路,727.7,2,3,26804.85,已送达
TRS-04521,ORD-05448,黑龙江多宝山,长春,铁路,584.3,2,2,27024.17,已送达
TRS-04522,ORD-05449,新疆阿勒泰,兰州,铁路,3066.5,6,8,94005.29,延误
TRS-04523,ORD-05450,福建上杭,厦门,公路,256.6,1,1,13298.70,已送达
TRS-04524,ORD-05451,福建上杭,上海,水运,973.5,5,5,21789.86,已送达
TRS-04525,ORD-05452,新疆阿勒泰,北京,铁路,3091.8,7,7,90239.65,已送达
TRS-04526,ORD-05454,福建上杭,广州,水运,1094.8,5,6,22101.72,已送达
TRS-04527,ORD-05455,福建上杭,南京,公路,853.5,3,3,34460.68,已送达
TRS-04528,ORD-05456,黑龙江多宝山,沈阳,铁路,846.0,3,4,32889.73,已送达
TRS-04529,ORD-05457,河南洛阳,西安,铁路,590.5,2,2,20139.66,已送达
TRS-04530,ORD-05458,福建上杭,杭州,公路,935.0,3,3,42172.62,已送达
TRS-04531,ORD-05460,福建上杭,深圳,水运,1155.6,5,5,22498.22,已送达
TRS-04532,ORD-05461,贵州贞丰,重庆,公路,521.5,2,2,18763.89,已送达
TRS-04533,ORD-05462,福建上杭,合肥,铁路,749.7,3,3,33255.42,已送达
TRS-04534,ORD-05463,福建上杭,佛山,水运,1330.1,5,6,22406.65,已送达
TRS-04535,ORD-05465,黑龙江多宝山,哈尔滨,公路,301.1,1,1,16253.11,已送达
TRS-04536,ORD-05466,新疆阿勒泰,石家庄,铁路,3781.3,7,8,94582.26,已送达
TRS-04537,ORD-05467,福建上杭,苏州,公路,850.4,3,3,39375.23,已送达
TRS-04538,ORD-05468,贵州贞丰,昆明,公路,545.0,2,2,23038.65,已送达
TRS-04539,ORD-05469,福建上杭,汕头,水运,562.2,4,4,18436.91,已送达
TRS-04540,ORD-05470,福建上杭,无锡,公路,924.1,3,3,47743.07,已送达
TRS-04541,ORD-05471,福建上杭,上海,水运,731.6,5,5,20676.90,已送达
TRS-04542,ORD-05473,新疆阿勒泰,天津,铁路,3288.3,7,7,109437.19,已送达
TRS-04543,ORD-05474,贵州贞丰,贵阳,公路,243.8,1,1,11111.20,已送达
TRS-04544,ORD-05476,河南洛阳,银川,铁路,1038.4,4,5,51387.46,已送达
TRS-04545,ORD-05477,福建上杭,温州,公路,724.5,2,2,34447.33,运输中
TRS-04546,ORD-05478,福建上杭,东莞,水运,984.5,5,5,25910.74,已送达
TRS-04547,ORD-05479,新疆阿勒泰,太原,铁路,3245.2,6,7,73487.01,已送达
TRS-04548,ORD-05480,福建上杭,苏州,公路,997.0,3,3,42646.02,已送达
TRS-04549,ORD-05481,黑龙江多宝山,大连,铁路,809.0,3,3,33464.27,已送达
TRS-04550,ORD-05482,贵州贞丰,南宁,铁路,847.5,3,4,30116.67,已送达
TRS-04551,ORD-05484,福建上杭,珠海,水运,940.6,5,5,25637.94,已送达
TRS-04552,ORD-05485,河南洛阳,乌鲁木齐,铁路,3280.1,7,9,87449.82,延误
TRS-04553,ORD-05486,新疆阿勒泰,呼和浩特,铁路,2390.4,6,6,75049.03,已送达
TRS-04554,ORD-05487,福建上杭,上海,公路,878.2,3,3,50732.91,已送达
TRS-04555,ORD-05488,贵州贞丰,成都,公路,626.7,2,2,30246.75,已送达
TRS-04556,ORD-05490,福建上杭,厦门,公路,237.3,1,1,11093.38,已送达
TRS-04557,ORD-05491,福建上杭,杭州,水运,693.0,4,4,19135.10,已送达
TRS-04558,ORD-05492,新疆阿勒泰,北京,铁路,3910.3,7,7,101572.67,已送达
TRS-04559,ORD-05494,福建上杭,广州,水运,1230.4,5,5,23731.06,已送达
TRS-04560,ORD-05495,贵州贞丰,重庆,公路,456.7,2,2,25213.67,已送达
TRS-04561,ORD-05496,黑龙江多宝山,沈阳,铁路,788.1,3,3,35376.61,已送达
TRS-04562,ORD-05497,福建上杭,合肥,公路,857.6,3,3,34208.56,已送达
TRS-04563,ORD-05498,新疆阿勒泰,石家庄,铁路,3799.8,7,8,87699.64,已送达
TRS-04564,ORD-05499,福建上杭,深圳,水运,1101.0,5,5,21599.80,已送达
TRS-04565,ORD-05500,贵州贞丰,昆明,公路,502.5,2,2,22548.73,已送达
TRS-04566,ORD-05501,福建上杭,上海,公路,864.7,3,3,51127.92,已送达
TRS-04567,ORD-05502,福建上杭,广州,铁路,1408.6,4,4,41149.48,已送达
TRS-04568,ORD-05503,新疆阿勒泰,北京,铁路,3847.5,7,8,108595.07,已送达
TRS-04569,ORD-05504,贵州贞丰,成都,公路,692.2,2,2,32850.58,运输中
TRS-04570,ORD-05505,福建上杭,南京,水运,864.8,5,5,21450.09,已送达
TRS-04571,ORD-05506,新疆阿勒泰,兰州,铁路,2570.8,6,7,83113.64,已送达
TRS-04572,ORD-05508,福建上杭,杭州,公路,974.8,3,3,40575.95,已送达
TRS-04573,ORD-05509,黑龙江多宝山,沈阳,铁路,746.7,3,3,37049.31,已送达
TRS-04574,ORD-05510,河南洛阳,北京,公路,713.0,2,3,34822.76,已送达
TRS-04575,ORD-05512,贵州贞丰,重庆,公路,516.2,2,2,23829.19,已送达
TRS-04576,ORD-05513,福建上杭,上海,水运,734.9,5,6,20828.51,已送达
TRS-04577,ORD-05514,新疆阿勒泰,天津,铁路,3357.8,7,9,110138.97,延误
TRS-04578,ORD-05515,河南洛阳,西安,公路,547.0,2,2,22215.26,已送达
TRS-04579,ORD-05516,福建上杭,合肥,公路,1035.4,3,3,46171.72,已送达
TRS-04580,ORD-05518,福建上杭,深圳,水运,1168.1,5,5,25914.55,已送达
TRS-04581,ORD-05519,贵州贞丰,昆明,公路,517.2,2,2,30383.99,已送达
TRS-04582,ORD-05521,福建上杭,苏州,公路,905.4,3,4,43812.03,已送达
TRS-04583,ORD-05522,福建上杭,佛山,铁路,1106.4,4,4,41283.68,已送达
TRS-04584,ORD-05523,新疆阿勒泰,银川,铁路,2334.8,5,6,61584.91,已送达
TRS-04585,ORD-05524,福建上杭,无锡,公路,816.6,3,3,44319.03,已送达
TRS-04586,ORD-05525,黑龙江多宝山,长春,铁路,587.6,2,2,26777.50,已送达
TRS-04587,ORD-05526,新疆阿勒泰,石家庄,铁路,3972.6,7,7,98592.81,已送达
TRS-04588,ORD-05528,福建上杭,东莞,水运,1108.1,5,5,22882.13,已送达
TRS-04589,ORD-05529,贵州贞丰,武汉,铁路,1191.1,4,5,37073.53,已送达
TRS-04590,ORD-05530,河南洛阳,乌鲁木齐,铁路,3610.0,7,8,86439.23,已送达
TRS-04591,ORD-05531,黑龙江多宝山,哈尔滨,公路,404.5,1,1,14742.38,已送达
TRS-04592,ORD-05533,福建上杭,汕头,公路,677.3,2,2,29200.62,已送达
TRS-04593,ORD-05534,新疆阿勒泰,太原,铁路,3083.0,6,7,93913.01,已送达
TRS-04594,ORD-05535,贵州贞丰,贵阳,公路,261.3,1,1,13692.72,已送达
TRS-04595,ORD-05537,福建上杭,珠海,水运,1160.1,5,5,19905.97,已送达
TRS-04596,ORD-05538,河南洛阳,西宁,铁路,1323.3,4,5,52007.80,已送达
TRS-04597,ORD-05539,福建上杭,温州,公路,630.2,2,2,34286.82,已送达
TRS-04598,ORD-05540,黑龙江多宝山,大连,铁路,1015.5,3,4,33869.38,已送达
TRS-04599,ORD-05541,新疆阿勒泰,呼和浩特,铁路,3054.7,6,6,73756.88,已送达
TRS-04600,ORD-05542,贵州贞丰,南宁,铁路,912.0,3,3,35954.24,已送达
TRS-04601,ORD-05543,福建上杭,宁波,水运,796.4,4,4,22113.02,已送达
TRS-04602,ORD-05545,河南洛阳,郑州,公路,146.8,1,1,8399.84,已送达
TRS-04603,ORD-05546,贵州贞丰,成都,公路,660.3,2,3,29651.69,已送达
TRS-04604,ORD-05548,黑龙江多宝山,长春,铁路,615.1,2,2,22409.95,已送达
TRS-04605,ORD-05549,新疆阿勒泰,兰州,铁路,2604.6,6,8,80261.52,延误
TRS-04606,ORD-05550,福建上杭,厦门,公路,243.6,1,1,11362.66,已送达
TRS-04607,ORD-05551,福建上杭,上海,水运,978.7,5,5,23736.26,已送达
TRS-04608,ORD-05552,新疆阿勒泰,北京,铁路,3029.7,7,7,82687.43,已送达
TRS-04609,ORD-05554,福建上杭,广州,水运,1278.3,5,6,27380.99,已送达
TRS-04610,ORD-05555,福建上杭,南京,公路,1008.0,3,3,45916.96,已送达
TRS-04611,ORD-05556,黑龙江多宝山,沈阳,铁路,828.9,3,4,33710.24,已送达
TRS-04612,ORD-05557,河南洛阳,西安,铁路,552.8,2,2,19598.79,已送达
TRS-04613,ORD-05558,福建上杭,杭州,公路,850.7,3,3,47684.74,已送达
TRS-04614,ORD-05560,福建上杭,深圳,水运,1044.9,5,5,25051.60,已送达
TRS-04615,ORD-05561,贵州贞丰,重庆,公路,560.9,2,2,18700.73,已送达
TRS-04616,ORD-05562,福建上杭,合肥,铁路,811.2,3,3,31637.27,已送达
TRS-04617,ORD-05563,福建上杭,佛山,水运,1205.9,5,6,23496.47,已送达
TRS-04618,ORD-05565,黑龙江多宝山,哈尔滨,公路,358.5,1,1,14324.10,已送达
TRS-04619,ORD-05566,新疆阿勒泰,石家庄,铁路,3200.7,7,8,108453.74,已送达
TRS-04620,ORD-05567,福建上杭,苏州,公路,1112.4,3,3,39748.43,已送达
TRS-04621,ORD-05568,贵州贞丰,昆明,公路,651.3,2,2,26258.73,已送达
TRS-04622,ORD-05569,福建上杭,汕头,水运,705.1,4,4,16578.29,已送达
TRS-04623,ORD-05570,福建上杭,无锡,公路,975.6,3,3,38923.99,已送达
TRS-04624,ORD-05571,福建上杭,上海,水运,800.9,5,5,21715.80,已送达
TRS-04625,ORD-05573,新疆阿勒泰,天津,铁路,4169.5,7,7,96995.99,已送达
TRS-04626,ORD-05574,贵州贞丰,贵阳,公路,259.2,1,1,10252.27,已送达
TRS-04627,ORD-05576,河南洛阳,银川,铁路,1254.2,4,5,43950.58,已送达
TRS-04628,ORD-05577,福建上杭,温州,公路,796.4,2,2,32359.62,运输中
TRS-04629,ORD-05578,福建上杭,东莞,水运,1214.8,5,5,24384.55,已送达
TRS-04630,ORD-05579,新疆阿勒泰,太原,铁路,3188.6,6,7,96171.04,已送达
TRS-04631,ORD-05580,福建上杭,苏州,公路,1017.3,3,3,38685.59,已送达
TRS-04632,ORD-05581,黑龙江多宝山,大连,铁路,824.0,3,3,42254.28,已送达
TRS-04633,ORD-05582,贵州贞丰,南宁,铁路,846.9,3,4,30092.38,已送达
TRS-04634,ORD-05584,福建上杭,珠海,水运,1103.9,5,5,19607.68,已送达
TRS-04635,ORD-05585,河南洛阳,乌鲁木齐,铁路,3112.1,7,9,81528.57,延误
TRS-04636,ORD-05586,新疆阿勒泰,呼和浩特,铁路,2590.1,6,6,72554.82,已送达
TRS-04637,ORD-05587,福建上杭,上海,公路,1137.2,3,3,48180.19,已送达
TRS-04638,ORD-05588,贵州贞丰,成都,公路,760.1,2,2,25714.53,已送达
TRS-04639,ORD-05590,福建上杭,厦门,公路,261.8,1,1,12655.60,已送达
TRS-04640,ORD-05591,福建上杭,杭州,水运,723.3,4,4,21198.92,已送达
TRS-04641,ORD-05592,新疆阿勒泰,北京,铁路,4038.9,7,7,84396.01,已送达
TRS-04642,ORD-05594,福建上杭,广州,水运,1074.8,5,5,26482.66,已送达
TRS-04643,ORD-05595,贵州贞丰,重庆,公路,428.4,2,2,20585.42,已送达
TRS-04644,ORD-05596,黑龙江多宝山,沈阳,铁路,911.2,3,3,30636.22,已送达
TRS-04645,ORD-05597,福建上杭,合肥,公路,977.7,3,3,45414.04,已送达
TRS-04646,ORD-05598,新疆阿勒泰,石家庄,铁路,3622.9,7,8,103848.13,已送达
TRS-04647,ORD-05599,福建上杭,深圳,水运,1031.0,5,5,26636.42,已送达
TRS-04648,ORD-05600,贵州贞丰,昆明,公路,654.0,2,2,27716.47,已送达
TRS-04649,ORD-05601,福建上杭,上海,公路,1131.5,3,3,48655.40,已送达
TRS-04650,ORD-05602,福建上杭,广州,铁路,1279.7,4,4,34243.70,已送达
TRS-04651,ORD-05603,新疆阿勒泰,北京,铁路,3074.0,7,8,104466.27,已送达
TRS-04652,ORD-05604,贵州贞丰,成都,公路,595.9,2,2,24683.34,运输中
TRS-04653,ORD-05605,福建上杭,南京,水运,754.2,5,5,19097.12,已送达
TRS-04654,ORD-05606,新疆阿勒泰,兰州,铁路,2895.4,6,7,82997.28,已送达
TRS-04655,ORD-05608,福建上杭,杭州,公路,989.6,3,3,42531.59,已送达
TRS-04656,ORD-05609,黑龙江多宝山,沈阳,铁路,759.5,3,3,34972.16,已送达
TRS-04657,ORD-05610,河南洛阳,北京,公路,777.1,2,3,40199.28,已送达
TRS-04658,ORD-05612,贵州贞丰,重庆,公路,498.8,2,2,19192.23,已送达
TRS-04659,ORD-05613,福建上杭,上海,水运,981.0,5,6,19305.99,已送达
TRS-04660,ORD-05614,新疆阿勒泰,天津,铁路,3710.1,7,9,104631.46,延误
TRS-04661,ORD-05615,河南洛阳,西安,公路,489.6,2,2,20763.53,已送达
TRS-04662,ORD-05616,福建上杭,合肥,公路,862.4,3,3,43453.84,已送达
TRS-04663,ORD-05618,福建上杭,深圳,水运,1072.0,5,5,25534.22,已送达
TRS-04664,ORD-05619,贵州贞丰,昆明,公路,525.9,2,2,30508.40,已送达
TRS-04665,ORD-05621,福建上杭,苏州,公路,1051.7,3,4,41115.67,已送达
TRS-04666,ORD-05622,福建上杭,佛山,铁路,1176.0,4,4,40804.92,已送达
TRS-04667,ORD-05623,新疆阿勒泰,银川,铁路,1924.1,5,6,65526.70,已送达
TRS-04668,ORD-05624,福建上杭,无锡,公路,898.9,3,3,49145.04,已送达
TRS-04669,ORD-05625,黑龙江多宝山,长春,铁路,666.1,2,2,26189.28,已送达
TRS-04670,ORD-05626,新疆阿勒泰,石家庄,铁路,3979.0,7,7,92730.30,已送达
TRS-04671,ORD-05628,福建上杭,东莞,水运,931.5,5,5,27801.24,已送达
TRS-04672,ORD-05629,贵州贞丰,武汉,铁路,1231.4,4,5,39492.10,已送达
TRS-04673,ORD-05630,河南洛阳,乌鲁木齐,铁路,2820.4,7,8,79838.44,已送达
TRS-04674,ORD-05631,黑龙江多宝山,哈尔滨,公路,362.2,1,1,16705.05,已送达
TRS-04675,ORD-05633,福建上杭,汕头,公路,585.5,2,2,32300.31,已送达
TRS-04676,ORD-05634,新疆阿勒泰,太原,铁路,3119.5,6,7,89136.10,已送达
TRS-04677,ORD-05635,贵州贞丰,贵阳,公路,245.6,1,1,11744.00,已送达
TRS-04678,ORD-05637,福建上杭,珠海,水运,1031.0,5,5,24305.89,已送达
TRS-04679,ORD-05638,河南洛阳,西宁,铁路,1260.8,4,5,50145.94,已送达
TRS-04680,ORD-05639,福建上杭,温州,公路,728.7,2,2,30080.77,已送达
TRS-04681,ORD-05640,黑龙江多宝山,大连,铁路,922.3,3,4,34191.32,已送达
TRS-04682,ORD-05641,新疆阿勒泰,呼和浩特,铁路,2349.9,6,6,90058.02,已送达
TRS-04683,ORD-05642,贵州贞丰,南宁,铁路,718.3,3,3,28751.26,已送达
TRS-04684,ORD-05643,福建上杭,宁波,水运,755.3,4,4,17630.96,已送达
TRS-04685,ORD-05645,河南洛阳,郑州,公路,142.8,1,1,8895.90,已送达
TRS-04686,ORD-05646,贵州贞丰,成都,公路,683.8,2,3,30617.27,已送达
TRS-04687,ORD-05648,黑龙江多宝山,长春,铁路,598.8,2,2,22029.62,已送达
TRS-04688,ORD-05649,新疆阿勒泰,兰州,铁路,2680.5,6,8,94292.13,延误
TRS-04689,ORD-05650,福建上杭,厦门,公路,270.2,1,1,13712.92,已送达
TRS-04690,ORD-05651,福建上杭,上海,水运,974.4,5,5,21434.12,已送达
TRS-04691,ORD-05652,新疆阿勒泰,北京,铁路,3878.8,7,7,81869.20,已送达
TRS-04692,ORD-05654,福建上杭,广州,水运,1188.5,5,6,25521.70,已送达
TRS-04693,ORD-05655,福建上杭,南京,公路,835.9,3,3,34352.44,已送达
TRS-04694,ORD-05656,黑龙江多宝山,沈阳,铁路,680.1,3,4,31958.34,已送达
TRS-04695,ORD-05657,河南洛阳,西安,铁路,448.0,2,2,25095.33,已送达
TRS-04696,ORD-05658,福建上杭,杭州,公路,945.6,3,3,43672.27,已送达
TRS-04697,ORD-05660,福建上杭,深圳,水运,1007.0,5,5,26463.17,已送达
TRS-04698,ORD-05661,贵州贞丰,重庆,公路,482.0,2,2,24227.76,已送达
TRS-04699,ORD-05662,福建上杭,合肥,铁路,791.9,3,3,36861.33,已送达
TRS-04700,ORD-05663,福建上杭,佛山,水运,980.8,5,6,28110.70,已送达
TRS-04701,ORD-05665,黑龙江多宝山,哈尔滨,公路,332.6,1,1,15008.68,已送达
TRS-04702,ORD-05666,新疆阿勒泰,石家庄,铁路,3047.3,7,8,94624.76,已送达
TRS-04703,ORD-05667,福建上杭,苏州,公路,1029.4,3,3,48175.87,已送达
TRS-04704,ORD-05668,贵州贞丰,昆明,公路,575.7,2,2,24969.15,已送达
TRS-04705,ORD-05669,福建上杭,汕头,水运,595.2,4,4,17556.61,已送达
TRS-04706,ORD-05670,福建上杭,无锡,公路,850.7,3,3,43460.53,已送达
TRS-04707,ORD-05671,福建上杭,上海,水运,870.6,5,5,18831.41,已送达
TRS-04708,ORD-05673,新疆阿勒泰,天津,铁路,3997.1,7,7,103544.84,已送达
TRS-04709,ORD-05674,贵州贞丰,贵阳,公路,263.2,1,1,13201.28,已送达
TRS-04710,ORD-05676,河南洛阳,银川,铁路,1340.0,4,5,48976.61,已送达
TRS-04711,ORD-05677,福建上杭,温州,公路,629.6,2,2,32295.20,运输中
TRS-04712,ORD-05678,福建上杭,东莞,水运,1124.1,5,5,27097.15,已送达
TRS-04713,ORD-05679,新疆阿勒泰,太原,铁路,3337.1,6,7,88583.51,已送达
TRS-04714,ORD-05680,福建上杭,苏州,公路,1025.6,3,3,42450.20,已送达
TRS-04715,ORD-05681,黑龙江多宝山,大连,铁路,778.1,3,3,35139.35,已送达
TRS-04716,ORD-05682,贵州贞丰,南宁,铁路,793.4,3,4,27280.26,已送达
TRS-04717,ORD-05684,福建上杭,珠海,水运,1003.9,5,5,23571.94,已送达
TRS-04718,ORD-05685,河南洛阳,乌鲁木齐,铁路,3011.7,7,9,82704.69,延误
TRS-04719,ORD-05686,新疆阿勒泰,呼和浩特,铁路,2898.2,6,6,69967.95,已送达
TRS-04720,ORD-05687,福建上杭,上海,公路,973.9,3,3,45211.68,已送达
TRS-04721,ORD-05688,贵州贞丰,成都,公路,625.4,2,2,25964.93,已送达
TRS-04722,ORD-05690,福建上杭,厦门,公路,281.8,1,1,13623.82,已送达
TRS-04723,ORD-05691,福建上杭,杭州,水运,810.2,4,4,18407.78,已送达
TRS-04724,ORD-05692,新疆阿勒泰,北京,铁路,3235.6,7,7,91245.98,已送达
TRS-04725,ORD-05694,福建上杭,广州,水运,1148.1,5,5,23962.72,已送达
TRS-04726,ORD-05695,贵州贞丰,重庆,公路,513.2,2,2,21750.65,已送达
TRS-04727,ORD-05696,黑龙江多宝山,沈阳,铁路,730.2,3,3,35201.31,已送达
TRS-04728,ORD-05697,福建上杭,合肥,公路,1008.5,3,3,46365.76,已送达
TRS-04729,ORD-05698,新疆阿勒泰,石家庄,铁路,3758.8,7,8,102436.39,已送达
TRS-04730,ORD-05699,福建上杭,深圳,水运,940.7,5,5,22317.55,已送达
TRS-04731,ORD-05700,贵州贞丰,昆明,公路,533.8,2,2,26435.47,已送达
TRS-04732,ORD-05701,福建上杭,上海,公路,1042.2,3,3,41704.11,已送达
TRS-04733,ORD-05702,福建上杭,广州,铁路,1396.0,4,4,43343.98,已送达
TRS-04734,ORD-05703,新疆阿勒泰,北京,铁路,3976.6,7,8,91145.66,已送达
TRS-04735,ORD-05704,贵州贞丰,成都,公路,703.9,2,2,28845.96,运输中
TRS-04736,ORD-05705,福建上杭,南京,水运,971.6,5,5,24410.72,已送达
TRS-04737,ORD-05706,新疆阿勒泰,兰州,铁路,3285.1,6,7,71937.86,已送达
TRS-04738,ORD-05708,福建上杭,杭州,公路,897.0,3,3,48528.82,已送达
TRS-04739,ORD-05709,黑龙江多宝山,沈阳,铁路,810.9,3,3,31180.06,已送达
TRS-04740,ORD-05710,河南洛阳,北京,公路,724.6,2,3,31059.77,已送达
TRS-04741,ORD-05712,贵州贞丰,重庆,公路,555.7,2,2,22730.03,已送达
TRS-04742,ORD-05713,福建上杭,上海,水运,845.7,5,6,24599.82,已送达
TRS-04743,ORD-05714,新疆阿勒泰,天津,铁路,3899.3,7,9,92759.45,延误
TRS-04744,ORD-05715,河南洛阳,西安,公路,515.8,2,2,27282.48,已送达
TRS-04745,ORD-05716,福建上杭,合肥,公路,989.0,3,3,37552.12,已送达
TRS-04746,ORD-05718,福建上杭,深圳,水运,1018.2,5,5,25909.60,已送达
TRS-04747,ORD-05719,贵州贞丰,昆明,公路,646.4,2,2,24873.91,已送达
TRS-04748,ORD-05721,福建上杭,苏州,公路,984.8,3,4,51626.70,已送达
TRS-04749,ORD-05722,福建上杭,佛山,铁路,1343.9,4,4,33022.33,已送达
TRS-04750,ORD-05723,新疆阿勒泰,银川,铁路,2190.6,5,6,73602.72,已送达
TRS-04751,ORD-05724,福建上杭,无锡,公路,1100.9,3,3,40167.03,已送达
TRS-04752,ORD-05725,黑龙江多宝山,长春,铁路,513.2,2,2,27000.25,已送达
TRS-04753,ORD-05726,新疆阿勒泰,石家庄,铁路,3504.3,7,7,108350.52,已送达
TRS-04754,ORD-05728,福建上杭,东莞,水运,1124.7,5,5,23954.50,已送达
TRS-04755,ORD-05729,贵州贞丰,武汉,铁路,1178.8,4,5,46113.02,已送达
TRS-04756,ORD-05730,河南洛阳,乌鲁木齐,铁路,3051.0,7,8,95656.53,已送达
TRS-04757,ORD-05731,黑龙江多宝山,哈尔滨,公路,308.9,1,1,15735.35,已送达
TRS-04758,ORD-05733,福建上杭,汕头,公路,638.5,2,2,35205.96,已送达
TRS-04759,ORD-05734,新疆阿勒泰,太原,铁路,3046.8,6,7,72690.38,已送达
TRS-04760,ORD-05735,贵州贞丰,贵阳,公路,272.5,1,1,13666.58,已送达
TRS-04761,ORD-05737,福建上杭,珠海,水运,1193.2,5,5,26182.90,已送达
TRS-04762,ORD-05738,河南洛阳,西宁,铁路,1597.5,4,5,51420.93,已送达
TRS-04763,ORD-05739,福建上杭,温州,公路,588.5,2,2,34584.61,已送达
TRS-04764,ORD-05740,黑龙江多宝山,大连,铁路,900.1,3,4,33382.30,已送达
TRS-04765,ORD-05741,新疆阿勒泰,呼和浩特,铁路,2785.8,6,6,86045.15,已送达
TRS-04766,ORD-05742,贵州贞丰,南宁,铁路,752.7,3,3,34114.69,已送达
TRS-04767,ORD-05743,福建上杭,宁波,水运,709.2,4,4,21322.34,已送达
TRS-04768,ORD-05745,河南洛阳,郑州,公路,168.5,1,1,8766.80,已送达
TRS-04769,ORD-05746,贵州贞丰,成都,公路,718.7,2,3,25628.60,已送达
TRS-04770,ORD-05748,黑龙江多宝山,长春,铁路,630.0,2,2,25282.60,已送达
TRS-04771,ORD-05749,新疆阿勒泰,兰州,铁路,2965.2,6,8,87605.60,延误
TRS-04772,ORD-05750,福建上杭,厦门,公路,224.1,1,1,10934.18,已送达
TRS-04773,ORD-05751,福建上杭,上海,水运,832.0,5,5,24820.91,已送达
TRS-04774,ORD-05752,新疆阿勒泰,北京,铁路,3314.1,7,7,80787.62,已送达
TRS-04775,ORD-05754,福建上杭,广州,水运,1294.7,5,6,30402.87,已送达
TRS-04776,ORD-05755,福建上杭,南京,公路,765.9,3,3,42218.32,已送达
TRS-04777,ORD-05756,黑龙江多宝山,沈阳,铁路,842.5,3,4,34147.42,已送达
TRS-04778,ORD-05757,河南洛阳,西安,铁路,596.9,2,2,22544.90,已送达
TRS-04779,ORD-05758,福建上杭,杭州,公路,969.2,3,3,49162.22,已送达
TRS-04780,ORD-05760,福建上杭,深圳,水运,979.9,5,5,25650.55,已送达
TRS-04781,ORD-05761,贵州贞丰,重庆,公路,545.0,2,2,25872.15,已送达
TRS-04782,ORD-05762,福建上杭,合肥,铁路,881.8,3,3,30549.26,已送达
TRS-04783,ORD-05763,福建上杭,佛山,水运,977.5,5,6,29121.32,已送达
TRS-04784,ORD-05765,黑龙江多宝山,哈尔滨,公路,316.4,1,1,14552.79,已送达
TRS-04785,ORD-05766,新疆阿勒泰,石家庄,铁路,3195.5,7,8,105095.92,已送达
TRS-04786,ORD-05767,福建上杭,苏州,公路,907.2,3,3,39240.42,已送达
TRS-04787,ORD-05768,贵州贞丰,昆明,公路,660.2,2,2,25567.18,已送达
TRS-04788,ORD-05769,福建上杭,汕头,水运,600.8,4,4,16962.01,已送达
TRS-04789,ORD-05770,福建上杭,无锡,公路,969.6,3,3,48740.63,已送达
TRS-04790,ORD-05771,福建上杭,上海,水运,782.9,5,5,20578.89,已送达
TRS-04791,ORD-05773,新疆阿勒泰,天津,铁路,3258.8,7,7,87222.84,已送达
TRS-04792,ORD-05774,贵州贞丰,贵阳,公路,276.4,1,1,13634.90,已送达
TRS-04793,ORD-05776,河南洛阳,银川,铁路,1187.7,4,5,56112.53,已送达
TRS-04794,ORD-05777,福建上杭,温州,公路,581.0,2,2,29210.62,运输中
TRS-04795,ORD-05778,福建上杭,东莞,水运,961.4,5,5,24430.49,已送达
TRS-04796,ORD-05779,新疆阿勒泰,太原,铁路,3134.8,6,7,85775.71,已送达
TRS-04797,ORD-05780,福建上杭,苏州,公路,965.2,3,3,38353.55,已送达
TRS-04798,ORD-05781,黑龙江多宝山,大连,铁路,1018.3,3,3,42237.65,已送达
TRS-04799,ORD-05782,贵州贞丰,南宁,铁路,719.7,3,4,36329.12,已送达
TRS-04800,ORD-05784,福建上杭,珠海,水运,1267.6,5,5,26163.93,已送达
TRS-04801,ORD-05785,河南洛阳,乌鲁木齐,铁路,3009.2,7,9,92488.26,延误
TRS-04802,ORD-05786,新疆阿勒泰,呼和浩特,铁路,2216.5,6,6,90413.23,已送达
TRS-04803,ORD-05787,福建上杭,上海,公路,907.9,3,3,42920.32,已送达
TRS-04804,ORD-05788,贵州贞丰,成都,公路,604.6,2,2,30909.26,已送达
TRS-04805,ORD-05790,福建上杭,厦门,公路,267.7,1,1,11042.29,已送达
TRS-04806,ORD-05791,福建上杭,杭州,水运,688.8,4,4,19024.88,已送达
TRS-04807,ORD-05792,新疆阿勒泰,北京,铁路,3691.2,7,7,110585.79,已送达
TRS-04808,ORD-05794,福建上杭,广州,水运,1271.9,5,5,26151.48,已送达
TRS-04809,ORD-05795,贵州贞丰,重庆,公路,426.4,2,2,25125.83,已送达
TRS-04810,ORD-05796,黑龙江多宝山,沈阳,铁路,814.9,3,3,30477.82,已送达
TRS-04811,ORD-05797,福建上杭,合肥,公路,823.4,3,3,46821.16,已送达
TRS-04812,ORD-05798,新疆阿勒泰,石家庄,铁路,3255.1,7,8,87010.47,已送达
TRS-04813,ORD-05799,福建上杭,深圳,水运,1248.9,5,5,27288.17,已送达
TRS-04814,ORD-05800,贵州贞丰,昆明,公路,632.1,2,2,29159.62,已送达
TRS-04815,ORD-05801,福建上杭,上海,公路,1106.5,3,3,50980.90,已送达
TRS-04816,ORD-05802,福建上杭,广州,铁路,1227.5,4,4,42166.47,已送达
TRS-04817,ORD-05803,新疆阿勒泰,北京,铁路,3784.3,7,8,95945.35,已送达
TRS-04818,ORD-05804,贵州贞丰,成都,公路,585.7,2,2,31397.13,运输中
TRS-04819,ORD-05805,福建上杭,南京,水运,934.7,5,5,25019.83,已送达
TRS-04820,ORD-05806,新疆阿勒泰,兰州,铁路,2468.3,6,7,75804.74,已送达
TRS-04821,ORD-05808,福建上杭,杭州,公路,798.6,3,3,40693.76,已送达
TRS-04822,ORD-05809,黑龙江多宝山,沈阳,铁路,809.7,3,3,31443.01,已送达
TRS-04823,ORD-05810,河南洛阳,北京,公路,759.5,2,3,35503.06,已送达
TRS-04824,ORD-05812,贵州贞丰,重庆,公路,524.6,2,2,19132.70,已送达
TRS-04825,ORD-05813,福建上杭,上海,水运,976.3,5,6,19030.18,已送达
TRS-04826,ORD-05814,新疆阿勒泰,天津,铁路,3140.5,7,9,93616.46,延误
TRS-04827,ORD-05815,河南洛阳,西安,公路,478.1,2,2,27414.74,已送达
TRS-04828,ORD-05816,福建上杭,合肥,公路,939.5,3,3,39079.36,已送达
TRS-04829,ORD-05818,福建上杭,深圳,水运,951.7,5,5,24347.88,已送达
TRS-04830,ORD-05819,贵州贞丰,昆明,公路,608.4,2,2,29974.72,已送达
TRS-04831,ORD-05821,福建上杭,苏州,公路,970.3,3,4,45178.36,已送达
TRS-04832,ORD-05822,福建上杭,佛山,铁路,1349.4,4,4,39376.94,已送达
TRS-04833,ORD-05823,新疆阿勒泰,银川,铁路,2055.8,5,6,75871.80,已送达
TRS-04834,ORD-05824,福建上杭,无锡,公路,1088.1,3,3,48285.13,已送达
TRS-04835,ORD-05825,黑龙江多宝山,长春,铁路,546.1,2,2,27124.82,已送达
TRS-04836,ORD-05826,新疆阿勒泰,石家庄,铁路,3885.9,7,7,94570.11,已送达
TRS-04837,ORD-05828,福建上杭,东莞,水运,1099.9,5,5,25711.94,已送达
TRS-04838,ORD-05829,贵州贞丰,武汉,铁路,1108.7,4,5,41268.95,已送达
TRS-04839,ORD-05830,河南洛阳,乌鲁木齐,铁路,3706.8,7,8,92935.48,已送达
TRS-04840,ORD-05831,黑龙江多宝山,哈尔滨,公路,329.1,1,1,17147.58,已送达
TRS-04841,ORD-05833,福建上杭,汕头,公路,589.7,2,2,26679.09,已送达
TRS-04842,ORD-05834,新疆阿勒泰,太原,铁路,3452.4,6,7,78011.47,已送达
TRS-04843,ORD-05835,贵州贞丰,贵阳,公路,301.5,1,1,12858.35,已送达
TRS-04844,ORD-05837,福建上杭,珠海,水运,1132.6,5,5,20661.18,已送达
TRS-04845,ORD-05838,河南洛阳,西宁,铁路,1370.1,4,5,53526.46,已送达
TRS-04846,ORD-05839,福建上杭,温州,公路,718.6,2,2,31164.22,已送达
TRS-04847,ORD-05840,黑龙江多宝山,大连,铁路,867.9,3,4,37154.20,已送达
TRS-04848,ORD-05841,新疆阿勒泰,呼和浩特,铁路,2444.1,6,6,72302.57,已送达
TRS-04849,ORD-05842,贵州贞丰,南宁,铁路,759.8,3,3,27604.45,已送达
TRS-04850,ORD-05843,福建上杭,宁波,水运,865.9,4,4,21043.16,已送达
TRS-04851,ORD-05845,河南洛阳,郑州,公路,134.8,1,1,9305.10,已送达
TRS-04852,ORD-05846,贵州贞丰,成都,公路,573.0,2,3,28501.31,已送达
TRS-04853,ORD-05848,黑龙江多宝山,长春,铁路,667.2,2,2,26466.48,已送达
TRS-04854,ORD-05849,新疆阿勒泰,兰州,铁路,3061.7,6,8,91050.34,延误
TRS-04855,ORD-05850,福建上杭,厦门,公路,220.3,1,1,12844.09,已送达
TRS-04856,ORD-05851,福建上杭,上海,水运,977.4,5,5,25649.27,已送达
TRS-04857,ORD-05852,新疆阿勒泰,北京,铁路,3999.6,7,7,103544.58,已送达
TRS-04858,ORD-05854,福建上杭,广州,水运,1169.1,5,6,30369.40,已送达
TRS-04859,ORD-05855,福建上杭,南京,公路,758.4,3,3,36229.48,已送达
TRS-04860,ORD-05856,黑龙江多宝山,沈阳,铁路,785.3,3,4,34946.82,已送达
TRS-04861,ORD-05857,河南洛阳,西安,铁路,446.6,2,2,20624.63,已送达
TRS-04862,ORD-05858,福建上杭,杭州,公路,918.8,3,3,37731.88,已送达
TRS-04863,ORD-05860,福建上杭,深圳,水运,1254.8,5,5,28824.33,已送达
TRS-04864,ORD-05861,贵州贞丰,重庆,公路,499.1,2,2,24632.87,已送达
TRS-04865,ORD-05862,福建上杭,合肥,铁路,931.5,3,3,39820.44,已送达
TRS-04866,ORD-05863,福建上杭,佛山,水运,1266.5,5,6,22370.35,已送达
TRS-04867,ORD-05865,黑龙江多宝山,哈尔滨,公路,368.6,1,1,16591.70,已送达
TRS-04868,ORD-05866,新疆阿勒泰,石家庄,铁路,3823.1,7,8,102730.88,已送达
TRS-04869,ORD-05867,福建上杭,苏州,公路,950.6,3,3,40459.35,已送达
TRS-04870,ORD-05868,贵州贞丰,昆明,公路,576.0,2,2,26700.60,已送达
TRS-04871,ORD-05869,福建上杭,汕头,水运,728.2,4,4,19418.20,已送达
TRS-04872,ORD-05870,福建上杭,无锡,公路,921.9,3,3,40256.43,已送达
TRS-04873,ORD-05871,福建上杭,上海,水运,829.1,5,5,24118.14,已送达
TRS-04874,ORD-05873,新疆阿勒泰,天津,铁路,3638.6,7,7,98842.60,已送达
TRS-04875,ORD-05874,贵州贞丰,贵阳,公路,239.7,1,1,12769.64,已送达
TRS-04876,ORD-05876,河南洛阳,银川,铁路,1267.9,4,5,55208.06,已送达
TRS-04877,ORD-05877,福建上杭,温州,公路,748.1,2,2,32162.14,运输中
TRS-04878,ORD-05878,福建上杭,东莞,水运,1071.4,5,5,22473.46,已送达
TRS-04879,ORD-05879,新疆阿勒泰,太原,铁路,3128.6,6,7,100291.59,已送达
TRS-04880,ORD-05880,福建上杭,苏州,公路,1072.6,3,3,48032.55,已送达
TRS-04881,ORD-05881,黑龙江多宝山,大连,铁路,937.9,3,3,37137.56,已送达
TRS-04882,ORD-05882,贵州贞丰,南宁,铁路,789.8,3,4,32722.88,已送达
TRS-04883,ORD-05884,福建上杭,珠海,水运,1054.2,5,5,24165.48,已送达
TRS-04884,ORD-05885,河南洛阳,乌鲁木齐,铁路,2728.0,7,9,76751.49,延误
TRS-04885,ORD-05886,新疆阿勒泰,呼和浩特,铁路,2664.7,6,6,81998.83,已送达
TRS-04886,ORD-05887,福建上杭,上海,公路,921.0,3,3,50608.17,已送达
TRS-04887,ORD-05888,贵州贞丰,成都,公路,583.1,2,2,24691.66,已送达
TRS-04888,ORD-05890,福建上杭,厦门,公路,251.2,1,1,11734.90,已送达
TRS-04889,ORD-05891,福建上杭,杭州,水运,695.5,4,4,18609.74,已送达
TRS-04890,ORD-05892,新疆阿勒泰,北京,铁路,3973.6,7,7,100882.97,已送达
TRS-04891,ORD-05894,福建上杭,广州,水运,1104.5,5,5,30303.34,已送达
TRS-04892,ORD-05895,贵州贞丰,重庆,公路,461.0,2,2,25024.91,已送达
TRS-04893,ORD-05896,黑龙江多宝山,沈阳,铁路,737.3,3,3,30675.30,已送达
TRS-04894,ORD-05897,福建上杭,合肥,公路,870.0,3,3,47149.84,已送达
TRS-04895,ORD-05898,新疆阿勒泰,石家庄,铁路,3740.1,7,8,103353.26,已送达
TRS-04896,ORD-05899,福建上杭,深圳,水运,1275.1,5,5,26869.90,已送达
TRS-04897,ORD-05900,贵州贞丰,昆明,公路,623.5,2,2,24213.25,已送达
TRS-04898,ORD-05901,福建上杭,上海,公路,938.0,3,3,40394.34,已送达
TRS-04899,ORD-05902,福建上杭,广州,铁路,1409.1,4,4,38887.26,已送达
TRS-04900,ORD-05903,新疆阿勒泰,北京,铁路,3243.7,7,8,81420.89,已送达
TRS-04901,ORD-05904,贵州贞丰,成都,公路,741.4,2,2,30429.70,运输中
TRS-04902,ORD-05905,福建上杭,南京,水运,815.5,5,5,21319.41,已送达
TRS-04903,ORD-05906,新疆阿勒泰,兰州,铁路,2884.6,6,7,73794.18,已送达
TRS-04904,ORD-05908,福建上杭,杭州,公路,1020.8,3,3,39927.30,已送达
TRS-04905,ORD-05909,黑龙江多宝山,沈阳,铁路,701.8,3,3,35744.10,已送达
TRS-04906,ORD-05910,河南洛阳,北京,公路,866.6,2,3,32886.98,已送达
TRS-04907,ORD-05912,贵州贞丰,重庆,公路,467.7,2,2,21834.14,已送达
TRS-04908,ORD-05913,福建上杭,上海,水运,754.3,5,6,22383.61,已送达
TRS-04909,ORD-05914,新疆阿勒泰,天津,铁路,3719.5,7,9,89971.74,延误
TRS-04910,ORD-05915,河南洛阳,西安,公路,609.1,2,2,24264.96,已送达
TRS-04911,ORD-05916,福建上杭,合肥,公路,832.9,3,3,39745.96,已送达
TRS-04912,ORD-05918,福建上杭,深圳,水运,1250.4,5,5,29118.85,已送达
TRS-04913,ORD-05919,贵州贞丰,昆明,公路,525.7,2,2,23022.35,已送达
TRS-04914,ORD-05921,福建上杭,苏州,公路,984.6,3,4,45955.18,已送达
TRS-04915,ORD-05922,福建上杭,佛山,铁路,1100.2,4,4,34901.75,已送达
TRS-04916,ORD-05923,新疆阿勒泰,银川,铁路,2581.3,5,6,75622.32,已送达
TRS-04917,ORD-05924,福建上杭,无锡,公路,880.6,3,3,47843.82,已送达
TRS-04918,ORD-05925,黑龙江多宝山,长春,铁路,613.4,2,2,24121.00,已送达
TRS-04919,ORD-05926,新疆阿勒泰,石家庄,铁路,3176.0,7,7,78955.96,已送达
TRS-04920,ORD-05928,福建上杭,东莞,水运,1134.0,5,5,24171.50,已送达
TRS-04921,ORD-05929,贵州贞丰,武汉,铁路,1295.5,4,5,42412.40,已送达
TRS-04922,ORD-05930,河南洛阳,乌鲁木齐,铁路,3193.9,7,8,89703.33,已送达
TRS-04923,ORD-05931,黑龙江多宝山,哈尔滨,公路,384.3,1,1,16613.47,已送达
TRS-04924,ORD-05933,福建上杭,汕头,公路,706.6,2,2,25751.46,已送达
TRS-04925,ORD-05934,新疆阿勒泰,太原,铁路,3252.0,6,7,73099.91,已送达
TRS-04926,ORD-05935,贵州贞丰,贵阳,公路,328.6,1,1,11201.09,已送达
TRS-04927,ORD-05937,福建上杭,珠海,水运,923.6,5,5,20534.42,已送达
TRS-04928,ORD-05938,河南洛阳,西宁,铁路,1594.4,4,5,55652.58,已送达
TRS-04929,ORD-05939,福建上杭,温州,公路,774.1,2,2,31714.40,已送达
TRS-04930,ORD-05940,黑龙江多宝山,大连,铁路,890.0,3,4,34007.18,已送达
TRS-04931,ORD-05941,新疆阿勒泰,呼和浩特,铁路,2810.0,6,6,69772.33,已送达
TRS-04932,ORD-05942,贵州贞丰,南宁,铁路,741.8,3,3,31447.23,已送达
TRS-04933,ORD-05943,福建上杭,宁波,水运,827.4,4,4,19296.14,已送达
TRS-04934,ORD-05945,河南洛阳,郑州,公路,159.9,1,1,6865.47,已送达
TRS-04935,ORD-05946,贵州贞丰,成都,公路,693.0,2,3,29603.64,已送达
TRS-04936,ORD-05948,黑龙江多宝山,长春,铁路,657.5,2,2,21997.45,已送达
TRS-04937,ORD-05949,新疆阿勒泰,兰州,铁路,2562.9,6,8,94754.85,延误
TRS-04938,ORD-05950,福建上杭,厦门,公路,252.8,1,1,13303.06,已送达
TRS-04939,ORD-05951,福建上杭,上海,水运,908.1,5,5,20811.93,已送达
TRS-04940,ORD-05952,新疆阿勒泰,北京,铁路,3189.1,7,7,90374.45,已送达
TRS-04941,ORD-05954,福建上杭,广州,水运,1353.9,5,6,23417.03,已送达
TRS-04942,ORD-05955,福建上杭,南京,公路,748.3,3,3,43313.92,已送达
TRS-04943,ORD-05956,黑龙江多宝山,沈阳,铁路,935.5,3,4,33148.45,已送达
TRS-04944,ORD-05957,河南洛阳,西安,铁路,548.8,2,2,24916.01,已送达
TRS-04945,ORD-05958,福建上杭,杭州,公路,981.7,3,3,40494.17,已送达
TRS-04946,ORD-05960,福建上杭,深圳,水运,1127.2,5,5,24566.50,已送达
TRS-04947,ORD-05961,贵州贞丰,重庆,公路,561.9,2,2,23559.12,已送达
TRS-04948,ORD-05962,福建上杭,合肥,铁路,902.9,3,3,40844.93,已送达
TRS-04949,ORD-05963,福建上杭,佛山,水运,1352.4,5,6,26509.38,已送达
TRS-04950,ORD-05965,黑龙江多宝山,哈尔滨,公路,305.5,1,1,15660.60,已送达
TRS-04951,ORD-05966,新疆阿勒泰,石家庄,铁路,3960.5,7,8,104166.91,已送达
TRS-04952,ORD-05967,福建上杭,苏州,公路,921.7,3,3,45100.89,已送达
TRS-04953,ORD-05968,贵州贞丰,昆明,公路,639.7,2,2,28451.77,已送达
TRS-04954,ORD-05969,福建上杭,汕头,水运,593.2,4,4,21152.09,已送达
TRS-04955,ORD-05970,福建上杭,无锡,公路,944.0,3,3,44265.10,已送达
TRS-04956,ORD-05971,福建上杭,上海,水运,801.0,5,5,24587.86,已送达
TRS-04957,ORD-05973,新疆阿勒泰,天津,铁路,4080.6,7,7,93593.82,已送达
TRS-04958,ORD-05974,贵州贞丰,贵阳,公路,261.9,1,1,11967.74,已送达
TRS-04959,ORD-05976,河南洛阳,银川,铁路,1068.0,4,5,53904.43,已送达
TRS-04960,ORD-05977,福建上杭,温州,公路,772.6,2,2,30615.10,运输中
TRS-04961,ORD-05978,福建上杭,东莞,水运,1227.5,5,5,27333.96,已送达
TRS-04962,ORD-05979,新疆阿勒泰,太原,铁路,2829.8,6,7,82583.62,已送达
TRS-04963,ORD-05980,福建上杭,苏州,公路,967.0,3,3,40938.97,已送达
TRS-04964,ORD-05981,黑龙江多宝山,大连,铁路,908.2,3,3,42316.06,已送达
TRS-04965,ORD-05982,贵州贞丰,南宁,铁路,713.6,3,4,32884.45,已送达
TRS-04966,ORD-05984,福建上杭,珠海,水运,1267.1,5,5,26040.97,已送达
TRS-04967,ORD-05985,河南洛阳,乌鲁木齐,铁路,3632.9,7,9,100520.73,延误
TRS-04968,ORD-05986,新疆阿勒泰,呼和浩特,铁路,2957.7,6,6,82511.05,已送达
TRS-04969,ORD-05987,福建上杭,上海,公路,1030.0,3,3,47033.78,已送达
TRS-04970,ORD-05988,贵州贞丰,成都,公路,753.4,2,2,31735.31,已送达
TRS-04971,ORD-05990,福建上杭,厦门,公路,238.4,1,1,14038.43,已送达
TRS-04972,ORD-05991,福建上杭,杭州,水运,827.9,4,4,19100.12,已送达
TRS-04973,ORD-05992,新疆阿勒泰,北京,铁路,3220.7,7,7,86264.46,已送达
TRS-04974,ORD-05994,福建上杭,广州,水运,1141.5,5,5,23280.61,已送达
TRS-04975,ORD-05995,贵州贞丰,重庆,公路,558.7,2,2,18747.19,已送达
TRS-04976,ORD-05996,黑龙江多宝山,沈阳,铁路,804.7,3,3,28013.12,已送达
TRS-04977,ORD-05997,福建上杭,合肥,公路,1005.0,3,3,43951.48,已送达
TRS-04978,ORD-05998,新疆阿勒泰,石家庄,铁路,3238.3,7,8,95456.62,已送达
TRS-04979,ORD-05999,福建上杭,深圳,水运,1287.6,5,5,23313.32,已送达
TRS-04980,ORD-06000,贵州贞丰,昆明,公路,529.6,2,2,25193.95,已送达
